scenario_id,tool_id,tool_group,op_state,current_setup,held_lot_id
FWD_BASE_T26820,DE_BE_11#1,DE_BE_11,RUN,,
FWD_BASE_T26820,DE_BE_11#10,DE_BE_11,RUN,,
FWD_BASE_T26820,DE_BE_11#11,DE_BE_11,IDLE,,
FWD_BASE_T26820,DE_BE_11#2,DE_BE_11,IDLE,,
FWD_BASE_T26820,DE_BE_12#1,DE_BE_12,IDLE,,
FWD_BASE_T26820,DE_BE_12#10,DE_BE_12,IDLE,,
FWD_BASE_T26820,DE_BE_12#2,DE_BE_12,IDLE,,
FWD_BASE_T26820,DE_BE_12#3,DE_BE_12,IDLE,,
FWD_BASE_T26820,DE_BE_12#4,DE_BE_12,IDLE,,
FWD_BASE_T26820,DE_BE_12#5,DE_BE_12,IDLE,,
FWD_BASE_T26820,DE_BE_12#6,DE_BE_12,IDLE,,
FWD_BASE_T26820,DE_BE_12#7,DE_BE_12,IDLE,,
FWD_BASE_T26820,DE_BE_12#8,DE_BE_12,IDLE,,
FWD_BASE_T26820,DE_BE_12#9,DE_BE_12,IDLE,,
FWD_BASE_T26820,DE_BE_13#1,DE_BE_13,RUN,,
FWD_BASE_T26820,DE_BE_13#10,DE_BE_13,RUN,,
FWD_BASE_T26820,DE_BE_13#11,DE_BE_13,RUN,,
FWD_BASE_T26820,DE_BE_13#12,DE_BE_13,RUN,,
FWD_BASE_T26820,DE_BE_13#13,DE_BE_13,RUN,,
FWD_BASE_T26820,DE_BE_13#14,DE_BE_13,IDLE,,
FWD_BASE_T26820,DE_BE_13#15,DE_BE_13,IDLE,,
FWD_BASE_T26820,DE_BE_50#1,DE_BE_50,IDLE,,
FWD_BASE_T26820,DE_BE_50#2,DE_BE_50,IDLE,,
FWD_BASE_T26820,DE_BE_50#3,DE_BE_50,IDLE,,
FWD_BASE_T26820,DE_BE_50#4,DE_BE_50,IDLE,,
FWD_BASE_T26820,DE_BE_50#5,DE_BE_50,IDLE,,
FWD_BASE_T26820,DE_BE_50#6,DE_BE_50,IDLE,,
FWD_BASE_T26820,DE_BE_65#1,DE_BE_65,RUN,,
FWD_BASE_T26820,DE_BE_65#10,DE_BE_65,RUN,,
FWD_BASE_T26820,DE_BE_65#11,DE_BE_65,IDLE,,
FWD_BASE_T26820,DE_BE_65#12,DE_BE_65,IDLE,,
FWD_BASE_T26820,DE_BE_65#13,DE_BE_65,IDLE,,
FWD_BASE_T26820,DE_BE_65#14,DE_BE_65,IDLE,,
FWD_BASE_T26820,DE_BE_65#15,DE_BE_65,IDLE,,
FWD_BASE_T26820,DE_BE_66#1,DE_BE_66,RUN,,
FWD_BASE_T26820,DE_BE_66#10,DE_BE_66,RUN,,
FWD_BASE_T26820,DE_BE_66#11,DE_BE_66,IDLE,,
FWD_BASE_T26820,DE_BE_66#12,DE_BE_66,IDLE,,
FWD_BASE_T26820,DE_BE_66#13,DE_BE_66,IDLE,,
FWD_BASE_T26820,DE_BE_67#1,DE_BE_67,IDLE,,
FWD_BASE_T26820,DE_BE_67#10,DE_BE_67,RUN,,
FWD_BASE_T26820,DE_BE_67#11,DE_BE_67,IDLE,,
FWD_BASE_T26820,DE_BE_67#12,DE_BE_67,IDLE,,
FWD_BASE_T26820,DE_BE_67#2,DE_BE_67,IDLE,,
FWD_BASE_T26820,DE_FE_1#1,DE_FE_1,RUN,,
FWD_BASE_T26820,DE_FE_1#2,DE_FE_1,IDLE,,
FWD_BASE_T26820,DE_FE_1#3,DE_FE_1,IDLE,,
FWD_BASE_T26820,DE_FE_1#4,DE_FE_1,IDLE,,
FWD_BASE_T26820,DE_FE_1#5,DE_FE_1,IDLE,,
FWD_BASE_T26820,DE_FE_1#6,DE_FE_1,IDLE,,
FWD_BASE_T26820,DE_FE_1#7,DE_FE_1,IDLE,,
FWD_BASE_T26820,DE_FE_1#8,DE_FE_1,IDLE,,
FWD_BASE_T26820,DE_FE_51#1,DE_FE_51,RUN,,
FWD_BASE_T26820,DE_FE_51#10,DE_FE_51,RUN,,
FWD_BASE_T26820,DE_FE_51#11,DE_FE_51,RUN,,
FWD_BASE_T26820,DE_FE_51#12,DE_FE_51,RUN,,
FWD_BASE_T26820,DE_FE_51#13,DE_FE_51,RUN,,
FWD_BASE_T26820,DE_FE_51#14,DE_FE_51,RUN,,
FWD_BASE_T26820,DE_FE_51#15,DE_FE_51,IDLE,,
FWD_BASE_T26820,DE_FE_51#16,DE_FE_51,IDLE,,
FWD_BASE_T26820,DE_FE_51#17,DE_FE_51,IDLE,,
FWD_BASE_T26820,DE_FE_51#18,DE_FE_51,IDLE,,
FWD_BASE_T26820,DE_FE_51#19,DE_FE_51,IDLE,,
FWD_BASE_T26820,DE_FE_51#2,DE_FE_51,IDLE,,
FWD_BASE_T26820,DE_FE_51#20,DE_FE_51,IDLE,,
FWD_BASE_T26820,DE_FE_51#21,DE_FE_51,IDLE,,
FWD_BASE_T26820,DE_FE_51#22,DE_FE_51,IDLE,,
FWD_BASE_T26820,DE_FE_51#3,DE_FE_51,IDLE,,
FWD_BASE_T26820,DE_FE_51#4,DE_FE_51,IDLE,,
FWD_BASE_T26820,DE_FE_51#5,DE_FE_51,IDLE,,
FWD_BASE_T26820,DE_FE_51#6,DE_FE_51,IDLE,,
FWD_BASE_T26820,DE_FE_51#7,DE_FE_51,IDLE,,
FWD_BASE_T26820,DE_FE_51#8,DE_FE_51,IDLE,,
FWD_BASE_T26820,DE_FE_51#9,DE_FE_51,IDLE,,
FWD_BASE_T26820,DE_FE_53#1,DE_FE_53,RUN,,
FWD_BASE_T26820,DE_FE_53#2,DE_FE_53,RUN,,
FWD_BASE_T26820,DE_FE_53#3,DE_FE_53,RUN,,
FWD_BASE_T26820,DE_FE_53#4,DE_FE_53,RUN,,
FWD_BASE_T26820,DE_FE_53#5,DE_FE_53,IDLE,,
FWD_BASE_T26820,DE_FE_54#1,DE_FE_54,RUN,,
FWD_BASE_T26820,DE_FE_54#2,DE_FE_54,RUN,,
FWD_BASE_T26820,DE_FE_54#3,DE_FE_54,RUN,,
FWD_BASE_T26820,DE_FE_54#4,DE_FE_54,RUN,,
FWD_BASE_T26820,DE_FE_54#5,DE_FE_54,RUN,,
FWD_BASE_T26820,DE_FE_54#6,DE_FE_54,RUN,,
FWD_BASE_T26820,DE_FE_58#1,DE_FE_58,IDLE,,
FWD_BASE_T26820,DE_FE_58#2,DE_FE_58,IDLE,,
FWD_BASE_T26820,DE_FE_58#3,DE_FE_58,IDLE,,
FWD_BASE_T26820,DE_FE_59#1,DE_FE_59,RUN,,
FWD_BASE_T26820,DE_FE_59#10,DE_FE_59,RUN,,
FWD_BASE_T26820,DE_FE_59#11,DE_FE_59,RUN,,
FWD_BASE_T26820,DE_FE_59#12,DE_FE_59,RUN,,
FWD_BASE_T26820,DE_FE_59#13,DE_FE_59,IDLE,,
FWD_BASE_T26820,DE_FE_59#14,DE_FE_59,RUN,,
FWD_BASE_T26820,DE_FE_59#15,DE_FE_59,RUN,,
FWD_BASE_T26820,DE_FE_59#16,DE_FE_59,RUN,,
FWD_BASE_T26820,DE_FE_59#17,DE_FE_59,RUN,,
FWD_BASE_T26820,DE_FE_59#2,DE_FE_59,RUN,,
FWD_BASE_T26820,DE_FE_59#3,DE_FE_59,RUN,,
FWD_BASE_T26820,DE_FE_59#4,DE_FE_59,RUN,,
FWD_BASE_T26820,DE_FE_59#5,DE_FE_59,RUN,,
FWD_BASE_T26820,DE_FE_59#6,DE_FE_59,RUN,,
FWD_BASE_T26820,DE_FE_59#7,DE_FE_59,RUN,,
FWD_BASE_T26820,DE_FE_62#1,DE_FE_62,IDLE,,
FWD_BASE_T26820,DE_FE_62#10,DE_FE_62,IDLE,,
FWD_BASE_T26820,DE_FE_62#11,DE_FE_62,IDLE,,
FWD_BASE_T26820,DE_FE_62#12,DE_FE_62,IDLE,,
FWD_BASE_T26820,DE_FE_62#13,DE_FE_62,IDLE,,
FWD_BASE_T26820,DE_FE_62#14,DE_FE_62,IDLE,,
FWD_BASE_T26820,DE_FE_62#15,DE_FE_62,IDLE,,
FWD_BASE_T26820,DE_FE_62#16,DE_FE_62,IDLE,,
FWD_BASE_T26820,DE_FE_62#17,DE_FE_62,IDLE,,
FWD_BASE_T26820,DE_FE_62#2,DE_FE_62,IDLE,,
FWD_BASE_T26820,DE_FE_62#3,DE_FE_62,IDLE,,
FWD_BASE_T26820,DE_FE_62#4,DE_FE_62,IDLE,,
FWD_BASE_T26820,DE_FE_70#1,DE_FE_70,IDLE,,
FWD_BASE_T26820,DE_FE_70#10,DE_FE_70,IDLE,,
FWD_BASE_T26820,DE_FE_70#11,DE_FE_70,IDLE,,
FWD_BASE_T26820,DE_FE_70#12,DE_FE_70,IDLE,,
FWD_BASE_T26820,DE_FE_70#13,DE_FE_70,IDLE,,
FWD_BASE_T26820,DE_FE_70#14,DE_FE_70,IDLE,,
FWD_BASE_T26820,DE_FE_70#15,DE_FE_70,IDLE,,
FWD_BASE_T26820,DE_FE_70#2,DE_FE_70,IDLE,,
FWD_BASE_T26820,DE_FE_70#3,DE_FE_70,IDLE,,
FWD_BASE_T26820,DE_FE_70#4,DE_FE_70,IDLE,,
FWD_BASE_T26820,DE_FE_70#5,DE_FE_70,IDLE,,
FWD_BASE_T26820,DE_FE_70#6,DE_FE_70,IDLE,,
FWD_BASE_T26820,DE_FE_71#1,DE_FE_71,IDLE,,
FWD_BASE_T26820,DE_FE_71#10,DE_FE_71,RUN,,
FWD_BASE_T26820,DE_FE_71#11,DE_FE_71,RUN,,
FWD_BASE_T26820,DE_FE_71#12,DE_FE_71,RUN,,
FWD_BASE_T26820,DE_FE_71#13,DE_FE_71,DOWN_PM,,
FWD_BASE_T26820,DE_FE_71#14,DE_FE_71,RUN,,
FWD_BASE_T26820,DE_FE_71#15,DE_FE_71,RUN,,
FWD_BASE_T26820,DE_FE_71#16,DE_FE_71,RUN,,
FWD_BASE_T26820,DE_FE_71#17,DE_FE_71,RUN,,
FWD_BASE_T26820,DE_FE_71#18,DE_FE_71,RUN,,
FWD_BASE_T26820,DE_FE_71#19,DE_FE_71,RUN,,
FWD_BASE_T26820,DE_FE_71#2,DE_FE_71,RUN,,
FWD_BASE_T26820,DE_FE_71#20,DE_FE_71,DOWN_PM,,
FWD_BASE_T26820,DE_FE_71#21,DE_FE_71,RUN,,
FWD_BASE_T26820,DE_FE_71#22,DE_FE_71,IDLE,,
FWD_BASE_T26820,DE_FE_71#23,DE_FE_71,IDLE,,
FWD_BASE_T26820,DE_FE_71#24,DE_FE_71,IDLE,,
FWD_BASE_T26820,DE_FE_71#25,DE_FE_71,IDLE,,
FWD_BASE_T26820,DE_FE_71#26,DE_FE_71,IDLE,,
FWD_BASE_T26820,DE_FE_71#27,DE_FE_71,IDLE,,
FWD_BASE_T26820,DE_FE_71#28,DE_FE_71,IDLE,,
FWD_BASE_T26820,DE_FE_71#29,DE_FE_71,IDLE,,
FWD_BASE_T26820,DE_FE_71#3,DE_FE_71,IDLE,,
FWD_BASE_T26820,DE_FE_71#30,DE_FE_71,IDLE,,
FWD_BASE_T26820,DE_FE_71#31,DE_FE_71,IDLE,,
FWD_BASE_T26820,DE_FE_71#4,DE_FE_71,IDLE,,
FWD_BASE_T26820,DE_FE_71#5,DE_FE_71,IDLE,,
FWD_BASE_T26820,DE_FE_71#6,DE_FE_71,IDLE,,
FWD_BASE_T26820,DE_FE_71#7,DE_FE_71,IDLE,,
FWD_BASE_T26820,DE_FE_71#8,DE_FE_71,IDLE,,
FWD_BASE_T26820,DE_FE_71#9,DE_FE_71,IDLE,,
FWD_BASE_T26820,DE_FE_72#1,DE_FE_72,IDLE,,
FWD_BASE_T26820,DE_FE_72#10,DE_FE_72,IDLE,,
FWD_BASE_T26820,DE_FE_72#11,DE_FE_72,IDLE,,
FWD_BASE_T26820,DE_FE_72#2,DE_FE_72,IDLE,,
FWD_BASE_T26820,DE_FE_72#3,DE_FE_72,IDLE,,
FWD_BASE_T26820,DE_FE_72#4,DE_FE_72,IDLE,,
FWD_BASE_T26820,DE_FE_72#5,DE_FE_72,IDLE,,
FWD_BASE_T26820,DE_FE_72#6,DE_FE_72,IDLE,,
FWD_BASE_T26820,DE_FE_72#7,DE_FE_72,IDLE,,
FWD_BASE_T26820,DE_FE_72#8,DE_FE_72,IDLE,,
FWD_BASE_T26820,DE_FE_86#1,DE_FE_86,RUN,,
FWD_BASE_T26820,DE_FE_86#10,DE_FE_86,RUN,,
FWD_BASE_T26820,DE_FE_86#100,DE_FE_86,RUN,,
FWD_BASE_T26820,DE_FE_86#101,DE_FE_86,RUN,,
FWD_BASE_T26820,DE_FE_86#102,DE_FE_86,RUN,,
FWD_BASE_T26820,DE_FE_86#103,DE_FE_86,RUN,,
FWD_BASE_T26820,DE_FE_86#104,DE_FE_86,RUN,,
FWD_BASE_T26820,DE_FE_86#105,DE_FE_86,RUN,,
FWD_BASE_T26820,DE_FE_86#106,DE_FE_86,RUN,,
FWD_BASE_T26820,DE_FE_86#107,DE_FE_86,IDLE,,
FWD_BASE_T26820,DE_FE_86#108,DE_FE_86,RUN,,
FWD_BASE_T26820,DE_FE_86#109,DE_FE_86,RUN,,
FWD_BASE_T26820,DE_FE_86#11,DE_FE_86,RUN,,
FWD_BASE_T26820,DE_FE_86#110,DE_FE_86,RUN,,
FWD_BASE_T26820,DE_FE_86#111,DE_FE_86,RUN,,
FWD_BASE_T26820,DE_FE_86#112,DE_FE_86,RUN,,
FWD_BASE_T26820,DE_FE_86#113,DE_FE_86,RUN,,
FWD_BASE_T26820,DE_FE_86#114,DE_FE_86,RUN,,
FWD_BASE_T26820,DE_FE_86#115,DE_FE_86,RUN,,
FWD_BASE_T26820,DE_FE_86#116,DE_FE_86,RUN,,
FWD_BASE_T26820,DE_FE_86#117,DE_FE_86,RUN,,
FWD_BASE_T26820,DE_FE_86#118,DE_FE_86,DOWN_PM,,
FWD_BASE_T26820,DE_FE_86#119,DE_FE_86,RUN,,
FWD_BASE_T26820,DE_FE_86#12,DE_FE_86,RUN,,
FWD_BASE_T26820,DE_FE_86#120,DE_FE_86,RUN,,
FWD_BASE_T26820,DE_FE_86#121,DE_FE_86,RUN,,
FWD_BASE_T26820,DE_FE_86#122,DE_FE_86,RUN,,
FWD_BASE_T26820,DE_FE_86#123,DE_FE_86,RUN,,
FWD_BASE_T26820,DE_FE_86#124,DE_FE_86,RUN,,
FWD_BASE_T26820,DE_FE_86#125,DE_FE_86,RUN,,
FWD_BASE_T26820,DE_FE_86#126,DE_FE_86,RUN,,
FWD_BASE_T26820,DE_FE_86#127,DE_FE_86,RUN,,
FWD_BASE_T26820,DE_FE_86#128,DE_FE_86,RUN,,
FWD_BASE_T26820,DE_FE_86#129,DE_FE_86,RUN,,
FWD_BASE_T26820,DE_FE_86#13,DE_FE_86,RUN,,
FWD_BASE_T26820,DE_FE_86#130,DE_FE_86,RUN,,
FWD_BASE_T26820,DE_FE_86#131,DE_FE_86,RUN,,
FWD_BASE_T26820,DE_FE_86#132,DE_FE_86,DOWN_PM,,
FWD_BASE_T26820,DE_FE_86#133,DE_FE_86,DOWN_PM,,
FWD_BASE_T26820,DE_FE_86#134,DE_FE_86,IDLE,,
FWD_BASE_T26820,DE_FE_86#135,DE_FE_86,IDLE,,
FWD_BASE_T26820,DE_FE_86#136,DE_FE_86,IDLE,,
FWD_BASE_T26820,DE_FE_86#137,DE_FE_86,IDLE,,
FWD_BASE_T26820,DE_FE_86#138,DE_FE_86,IDLE,,
FWD_BASE_T26820,DE_FE_86#139,DE_FE_86,IDLE,,
FWD_BASE_T26820,DE_FE_86#14,DE_FE_86,IDLE,,
FWD_BASE_T26820,DE_FE_86#140,DE_FE_86,IDLE,,
FWD_BASE_T26820,DE_FE_86#141,DE_FE_86,IDLE,,
FWD_BASE_T26820,DE_FE_86#142,DE_FE_86,IDLE,,
FWD_BASE_T26820,DE_FE_86#143,DE_FE_86,IDLE,,
FWD_BASE_T26820,DE_FE_86#144,DE_FE_86,IDLE,,
FWD_BASE_T26820,DE_FE_86#145,DE_FE_86,IDLE,,
FWD_BASE_T26820,DE_FE_86#146,DE_FE_86,IDLE,,
FWD_BASE_T26820,DE_FE_86#147,DE_FE_86,IDLE,,
FWD_BASE_T26820,DE_FE_86#148,DE_FE_86,IDLE,,
FWD_BASE_T26820,DE_FE_86#149,DE_FE_86,IDLE,,
FWD_BASE_T26820,DE_FE_86#15,DE_FE_86,IDLE,,
FWD_BASE_T26820,DE_FE_86#150,DE_FE_86,IDLE,,
FWD_BASE_T26820,DE_FE_86#16,DE_FE_86,IDLE,,
FWD_BASE_T26820,DE_FE_86#17,DE_FE_86,IDLE,,
FWD_BASE_T26820,DE_FE_86#18,DE_FE_86,IDLE,,
FWD_BASE_T26820,DE_FE_86#19,DE_FE_86,IDLE,,
FWD_BASE_T26820,DE_FE_86#2,DE_FE_86,IDLE,,
FWD_BASE_T26820,DE_FE_86#20,DE_FE_86,IDLE,,
FWD_BASE_T26820,DE_FE_86#21,DE_FE_86,IDLE,,
FWD_BASE_T26820,DE_FE_86#22,DE_FE_86,IDLE,,
FWD_BASE_T26820,DE_FE_86#23,DE_FE_86,IDLE,,
FWD_BASE_T26820,DefMEt_FE_118#1,DefMEt_FE_118,RUN,,
FWD_BASE_T26820,DefMEt_FE_118#2,DefMEt_FE_118,RUN,,
FWD_BASE_T26820,DefMet_BE_33#1,DefMet_BE_33,IDLE,,
FWD_BASE_T26820,DefMet_BE_33#2,DefMet_BE_33,IDLE,,
FWD_BASE_T26820,DefMet_BE_42#1,DefMet_BE_42,IDLE,,
FWD_BASE_T26820,DefMet_FE_10#1,DefMet_FE_10,IDLE,,
FWD_BASE_T26820,DefMet_FE_10#2,DefMet_FE_10,IDLE,,
FWD_BASE_T26820,DefMet_FE_10#3,DefMet_FE_10,IDLE,,
FWD_BASE_T26820,DefMet_FE_34#1,DefMet_FE_34,RUN,,
FWD_BASE_T26820,DefMet_FE_34#2,DefMet_FE_34,IDLE,,
FWD_BASE_T26820,DefMet_FE_43#1,DefMet_FE_43,RUN,,
FWD_BASE_T26820,DefMet_FE_43#2,DefMet_FE_43,RUN,,
FWD_BASE_T26820,DefMet_FE_43#3,DefMet_FE_43,IDLE,,
FWD_BASE_T26820,DefMet_FE_43#4,DefMet_FE_43,IDLE,,
FWD_BASE_T26820,DefMet_FE_43#5,DefMet_FE_43,IDLE,,
FWD_BASE_T26820,DefMet_FE_43#6,DefMet_FE_43,IDLE,,
FWD_BASE_T26820,Delay_32#1,Delay_32,RUN,,
FWD_BASE_T26820,Delay_32#10,Delay_32,RUN,,
FWD_BASE_T26820,Delay_32#100,Delay_32,RUN,,
FWD_BASE_T26820,Delay_32#101,Delay_32,IDLE,,
FWD_BASE_T26820,Delay_32#102,Delay_32,RUN,,
FWD_BASE_T26820,Delay_32#103,Delay_32,RUN,,
FWD_BASE_T26820,Delay_32#104,Delay_32,RUN,,
FWD_BASE_T26820,Delay_32#105,Delay_32,IDLE,,
FWD_BASE_T26820,Delay_32#106,Delay_32,RUN,,
FWD_BASE_T26820,Delay_32#107,Delay_32,RUN,,
FWD_BASE_T26820,Delay_32#108,Delay_32,RUN,,
FWD_BASE_T26820,Delay_32#109,Delay_32,RUN,,
FWD_BASE_T26820,Delay_32#11,Delay_32,IDLE,,
FWD_BASE_T26820,Delay_32#110,Delay_32,RUN,,
FWD_BASE_T26820,Delay_32#111,Delay_32,RUN,,
FWD_BASE_T26820,Delay_32#112,Delay_32,RUN,,
FWD_BASE_T26820,Delay_32#113,Delay_32,IDLE,,
FWD_BASE_T26820,Delay_32#114,Delay_32,RUN,,
FWD_BASE_T26820,Delay_32#115,Delay_32,RUN,,
FWD_BASE_T26820,Delay_32#116,Delay_32,IDLE,,
FWD_BASE_T26820,Delay_32#117,Delay_32,RUN,,
FWD_BASE_T26820,Delay_32#118,Delay_32,IDLE,,
FWD_BASE_T26820,Delay_32#119,Delay_32,IDLE,,
FWD_BASE_T26820,Delay_32#12,Delay_32,IDLE,,
FWD_BASE_T26820,Delay_32#120,Delay_32,RUN,,
FWD_BASE_T26820,Delay_32#121,Delay_32,IDLE,,
FWD_BASE_T26820,Delay_32#122,Delay_32,RUN,,
FWD_BASE_T26820,Delay_32#123,Delay_32,IDLE,,
FWD_BASE_T26820,Delay_32#124,Delay_32,RUN,,
FWD_BASE_T26820,Delay_32#125,Delay_32,RUN,,
FWD_BASE_T26820,Delay_32#126,Delay_32,RUN,,
FWD_BASE_T26820,Delay_32#127,Delay_32,IDLE,,
FWD_BASE_T26820,Delay_32#128,Delay_32,IDLE,,
FWD_BASE_T26820,Delay_32#129,Delay_32,RUN,,
FWD_BASE_T26820,Delay_32#13,Delay_32,IDLE,,
FWD_BASE_T26820,Delay_32#130,Delay_32,RUN,,
FWD_BASE_T26820,Delay_32#131,Delay_32,RUN,,
FWD_BASE_T26820,Delay_32#132,Delay_32,RUN,,
FWD_BASE_T26820,Delay_32#133,Delay_32,RUN,,
FWD_BASE_T26820,Delay_32#134,Delay_32,RUN,,
FWD_BASE_T26820,Delay_32#135,Delay_32,RUN,,
FWD_BASE_T26820,Delay_32#136,Delay_32,RUN,,
FWD_BASE_T26820,Delay_32#137,Delay_32,RUN,,
FWD_BASE_T26820,Delay_32#138,Delay_32,RUN,,
FWD_BASE_T26820,Delay_32#139,Delay_32,RUN,,
FWD_BASE_T26820,Delay_32#14,Delay_32,RUN,,
FWD_BASE_T26820,Delay_32#140,Delay_32,RUN,,
FWD_BASE_T26820,Delay_32#141,Delay_32,RUN,,
FWD_BASE_T26820,Delay_32#142,Delay_32,RUN,,
FWD_BASE_T26820,Delay_32#143,Delay_32,RUN,,
FWD_BASE_T26820,Delay_32#144,Delay_32,RUN,,
FWD_BASE_T26820,Delay_32#145,Delay_32,RUN,,
FWD_BASE_T26820,Delay_32#146,Delay_32,IDLE,,
FWD_BASE_T26820,Delay_32#147,Delay_32,IDLE,,
FWD_BASE_T26820,Delay_32#148,Delay_32,IDLE,,
FWD_BASE_T26820,Delay_32#149,Delay_32,IDLE,,
FWD_BASE_T26820,Delay_32#15,Delay_32,IDLE,,
FWD_BASE_T26820,Delay_32#150,Delay_32,IDLE,,
FWD_BASE_T26820,Delay_32#151,Delay_32,IDLE,,
FWD_BASE_T26820,Delay_32#152,Delay_32,IDLE,,
FWD_BASE_T26820,Delay_32#153,Delay_32,IDLE,,
FWD_BASE_T26820,Delay_32#154,Delay_32,IDLE,,
FWD_BASE_T26820,Delay_32#155,Delay_32,IDLE,,
FWD_BASE_T26820,Delay_32#156,Delay_32,IDLE,,
FWD_BASE_T26820,Delay_32#157,Delay_32,IDLE,,
FWD_BASE_T26820,Delay_32#158,Delay_32,IDLE,,
FWD_BASE_T26820,Delay_32#159,Delay_32,IDLE,,
FWD_BASE_T26820,Delay_32#16,Delay_32,IDLE,,
FWD_BASE_T26820,Dielectric_BE_20#1,Dielectric_BE_20,IDLE,,
FWD_BASE_T26820,Dielectric_BE_20#2,Dielectric_BE_20,IDLE,,
FWD_BASE_T26820,Dielectric_BE_20#3,Dielectric_BE_20,IDLE,,
FWD_BASE_T26820,Dielectric_BE_20#4,Dielectric_BE_20,IDLE,,
FWD_BASE_T26820,Dielectric_BE_20#5,Dielectric_BE_20,IDLE,,
FWD_BASE_T26820,Dielectric_BE_20#6,Dielectric_BE_20,IDLE,,
FWD_BASE_T26820,Dielectric_BE_21#1,Dielectric_BE_21,RUN,,
FWD_BASE_T26820,Dielectric_BE_21#2,Dielectric_BE_21,RUN,,
FWD_BASE_T26820,Dielectric_BE_21#3,Dielectric_BE_21,IDLE,,
FWD_BASE_T26820,Dielectric_BE_21#4,Dielectric_BE_21,IDLE,,
FWD_BASE_T26820,Dielectric_BE_21#5,Dielectric_BE_21,IDLE,,
FWD_BASE_T26820,Dielectric_BE_21#6,Dielectric_BE_21,IDLE,,
FWD_BASE_T26820,Dielectric_BE_21#7,Dielectric_BE_21,IDLE,,
FWD_BASE_T26820,Dielectric_BE_21#8,Dielectric_BE_21,IDLE,,
FWD_BASE_T26820,Dielectric_BE_21#9,Dielectric_BE_21,IDLE,,
FWD_BASE_T26820,Dielectric_BE_27#1,Dielectric_BE_27,RUN,,
FWD_BASE_T26820,Dielectric_BE_27#10,Dielectric_BE_27,RUN,,
FWD_BASE_T26820,Dielectric_BE_27#11,Dielectric_BE_27,IDLE,,
FWD_BASE_T26820,Dielectric_BE_27#12,Dielectric_BE_27,RUN,,
FWD_BASE_T26820,Dielectric_BE_27#13,Dielectric_BE_27,IDLE,,
FWD_BASE_T26820,Dielectric_BE_27#14,Dielectric_BE_27,IDLE,,
FWD_BASE_T26820,Dielectric_BE_27#16,Dielectric_BE_27,IDLE,,
FWD_BASE_T26820,Dielectric_BE_27#17,Dielectric_BE_27,IDLE,,
FWD_BASE_T26820,Dielectric_BE_27#2,Dielectric_BE_27,IDLE,,
FWD_BASE_T26820,Dielectric_BE_27#4,Dielectric_BE_27,IDLE,,
FWD_BASE_T26820,Dielectric_BE_27#5,Dielectric_BE_27,IDLE,,
FWD_BASE_T26820,Dielectric_BE_27#6,Dielectric_BE_27,IDLE,,
FWD_BASE_T26820,Dielectric_BE_27#7,Dielectric_BE_27,IDLE,,
FWD_BASE_T26820,Dielectric_BE_27#8,Dielectric_BE_27,IDLE,,
FWD_BASE_T26820,Dielectric_BE_27#9,Dielectric_BE_27,IDLE,,
FWD_BASE_T26820,Dielectric_BE_28#1,Dielectric_BE_28,RUN,,
FWD_BASE_T26820,Dielectric_BE_28#2,Dielectric_BE_28,IDLE,,
FWD_BASE_T26820,Dielectric_BE_28#3,Dielectric_BE_28,IDLE,,
FWD_BASE_T26820,Dielectric_BE_28#4,Dielectric_BE_28,IDLE,,
FWD_BASE_T26820,Dielectric_BE_28#5,Dielectric_BE_28,IDLE,,
FWD_BASE_T26820,Dielectric_BE_60#1,Dielectric_BE_60,IDLE,,
FWD_BASE_T26820,Dielectric_BE_60#2,Dielectric_BE_60,IDLE,,
FWD_BASE_T26820,Dielectric_BE_60#3,Dielectric_BE_60,IDLE,,
FWD_BASE_T26820,Dielectric_BE_60#4,Dielectric_BE_60,IDLE,,
FWD_BASE_T26820,Dielectric_BE_60#5,Dielectric_BE_60,IDLE,,
FWD_BASE_T26820,Dielectric_FE_112#1,Dielectric_FE_112,IDLE,,
FWD_BASE_T26820,Dielectric_FE_112#10,Dielectric_FE_112,IDLE,,
FWD_BASE_T26820,Dielectric_FE_112#11,Dielectric_FE_112,IDLE,,
FWD_BASE_T26820,Dielectric_FE_112#12,Dielectric_FE_112,IDLE,,
FWD_BASE_T26820,Dielectric_FE_112#2,Dielectric_FE_112,IDLE,,
FWD_BASE_T26820,Dielectric_FE_112#3,Dielectric_FE_112,IDLE,,
FWD_BASE_T26820,Dielectric_FE_112#4,Dielectric_FE_112,IDLE,,
FWD_BASE_T26820,Dielectric_FE_112#5,Dielectric_FE_112,IDLE,,
FWD_BASE_T26820,Dielectric_FE_112#6,Dielectric_FE_112,IDLE,,
FWD_BASE_T26820,Dielectric_FE_112#7,Dielectric_FE_112,IDLE,,
FWD_BASE_T26820,Dielectric_FE_112#9,Dielectric_FE_112,DOWN_BM,,
FWD_BASE_T26820,Dielectric_FE_130#1,Dielectric_FE_130,DOWN_BM,,
FWD_BASE_T26820,Dielectric_FE_130#2,Dielectric_FE_130,IDLE,,
FWD_BASE_T26820,Dielectric_FE_130#3,Dielectric_FE_130,IDLE,,
FWD_BASE_T26820,Dielectric_FE_130#4,Dielectric_FE_130,IDLE,,
FWD_BASE_T26820,Dielectric_FE_130#5,Dielectric_FE_130,IDLE,,
FWD_BASE_T26820,Dielectric_FE_29#1,Dielectric_FE_29,IDLE,,
FWD_BASE_T26820,Dielectric_FE_29#2,Dielectric_FE_29,IDLE,,
FWD_BASE_T26820,Dielectric_FE_29#3,Dielectric_FE_29,IDLE,,
FWD_BASE_T26820,Dielectric_FE_29#4,Dielectric_FE_29,IDLE,,
FWD_BASE_T26820,Dielectric_FE_30#1,Dielectric_FE_30,RUN,,
FWD_BASE_T26820,Dielectric_FE_30#2,Dielectric_FE_30,RUN,,
FWD_BASE_T26820,Dielectric_FE_31#1,Dielectric_FE_31,IDLE,,
FWD_BASE_T26820,Dielectric_FE_31#2,Dielectric_FE_31,IDLE,,
FWD_BASE_T26820,Dielectric_FE_31#3,Dielectric_FE_31,IDLE,,
FWD_BASE_T26820,Dielectric_FE_31#4,Dielectric_FE_31,IDLE,,
FWD_BASE_T26820,Dielectric_FE_31#5,Dielectric_FE_31,IDLE,,
FWD_BASE_T26820,Diffusion_BE_123#1,Diffusion_BE_123,IDLE,,
FWD_BASE_T26820,Diffusion_BE_123#10,Diffusion_BE_123,IDLE,,
FWD_BASE_T26820,Diffusion_BE_123#11,Diffusion_BE_123,IDLE,,
FWD_BASE_T26820,Diffusion_BE_123#12,Diffusion_BE_123,IDLE,,
FWD_BASE_T26820,Diffusion_BE_123#2,Diffusion_BE_123,IDLE,,
FWD_BASE_T26820,Diffusion_BE_123#3,Diffusion_BE_123,IDLE,,
FWD_BASE_T26820,Diffusion_BE_123#4,Diffusion_BE_123,IDLE,,
FWD_BASE_T26820,Diffusion_BE_123#5,Diffusion_BE_123,IDLE,,
FWD_BASE_T26820,Diffusion_BE_123#6,Diffusion_BE_123,IDLE,,
FWD_BASE_T26820,Diffusion_BE_123#7,Diffusion_BE_123,IDLE,,
FWD_BASE_T26820,Diffusion_BE_123#8,Diffusion_BE_123,IDLE,,
FWD_BASE_T26820,Diffusion_BE_123#9,Diffusion_BE_123,IDLE,,
FWD_BASE_T26820,Diffusion_FE_100#1,Diffusion_FE_100,IDLE,,
FWD_BASE_T26820,Diffusion_FE_100#2,Diffusion_FE_100,IDLE,,
FWD_BASE_T26820,Diffusion_FE_101#1,Diffusion_FE_101,RUN,,
FWD_BASE_T26820,Diffusion_FE_101#2,Diffusion_FE_101,RUN,,
FWD_BASE_T26820,Diffusion_FE_101#3,Diffusion_FE_101,RUN,,
FWD_BASE_T26820,Diffusion_FE_101#4,Diffusion_FE_101,IDLE,,
FWD_BASE_T26820,Diffusion_FE_101#5,Diffusion_FE_101,IDLE,,
FWD_BASE_T26820,Diffusion_FE_101#6,Diffusion_FE_101,IDLE,,
FWD_BASE_T26820,Diffusion_FE_101#8,Diffusion_FE_101,IDLE,,
FWD_BASE_T26820,Diffusion_FE_120#1,Diffusion_FE_120,IDLE,,
FWD_BASE_T26820,Diffusion_FE_120#10,Diffusion_FE_120,RUN,,
FWD_BASE_T26820,Diffusion_FE_120#11,Diffusion_FE_120,RUN,,
FWD_BASE_T26820,Diffusion_FE_120#2,Diffusion_FE_120,IDLE,,
FWD_BASE_T26820,Diffusion_FE_120#3,Diffusion_FE_120,RUN,,
FWD_BASE_T26820,Diffusion_FE_120#4,Diffusion_FE_120,RUN,,
FWD_BASE_T26820,Diffusion_FE_120#5,Diffusion_FE_120,IDLE,,
FWD_BASE_T26820,Diffusion_FE_120#6,Diffusion_FE_120,IDLE,,
FWD_BASE_T26820,Diffusion_FE_120#7,Diffusion_FE_120,IDLE,,
FWD_BASE_T26820,Diffusion_FE_120#8,Diffusion_FE_120,IDLE,,
FWD_BASE_T26820,Diffusion_FE_120#9,Diffusion_FE_120,IDLE,,
FWD_BASE_T26820,Diffusion_FE_122#1,Diffusion_FE_122,RUN,,
FWD_BASE_T26820,Diffusion_FE_122#2,Diffusion_FE_122,RUN,,
FWD_BASE_T26820,Diffusion_FE_122#3,Diffusion_FE_122,IDLE,,
FWD_BASE_T26820,Diffusion_FE_122#4,Diffusion_FE_122,IDLE,,
FWD_BASE_T26820,Diffusion_FE_122#5,Diffusion_FE_122,IDLE,,
FWD_BASE_T26820,Diffusion_FE_125#1,Diffusion_FE_125,RUN,,
FWD_BASE_T26820,Diffusion_FE_125#2,Diffusion_FE_125,RUN,,
FWD_BASE_T26820,Diffusion_FE_125#3,Diffusion_FE_125,RUN,,
FWD_BASE_T26820,Diffusion_FE_125#4,Diffusion_FE_125,IDLE,,
FWD_BASE_T26820,Diffusion_FE_126#1,Diffusion_FE_126,IDLE,,
FWD_BASE_T26820,Diffusion_FE_126#2,Diffusion_FE_126,IDLE,,
FWD_BASE_T26820,Diffusion_FE_126#3,Diffusion_FE_126,IDLE,,
FWD_BASE_T26820,Diffusion_FE_127#1,Diffusion_FE_127,RUN,,
FWD_BASE_T26820,Diffusion_FE_127#2,Diffusion_FE_127,IDLE,,
FWD_BASE_T26820,Diffusion_FE_127#3,Diffusion_FE_127,IDLE,,
FWD_BASE_T26820,Diffusion_FE_127#4,Diffusion_FE_127,IDLE,,
FWD_BASE_T26820,Diffusion_FE_127#5,Diffusion_FE_127,RUN,,
FWD_BASE_T26820,Diffusion_FE_127#6,Diffusion_FE_127,IDLE,,
FWD_BASE_T26820,Diffusion_FE_127#7,Diffusion_FE_127,IDLE,,
FWD_BASE_T26820,Diffusion_FE_127#8,Diffusion_FE_127,IDLE,,
FWD_BASE_T26820,Diffusion_FE_127#9,Diffusion_FE_127,IDLE,,
FWD_BASE_T26820,Diffusion_FE_44#1,Diffusion_FE_44,IDLE,,
FWD_BASE_T26820,Diffusion_FE_44#10,Diffusion_FE_44,RUN,,
FWD_BASE_T26820,Diffusion_FE_44#11,Diffusion_FE_44,RUN,,
FWD_BASE_T26820,Diffusion_FE_44#2,Diffusion_FE_44,RUN,,
FWD_BASE_T26820,Diffusion_FE_44#3,Diffusion_FE_44,RUN,,
FWD_BASE_T26820,Diffusion_FE_44#4,Diffusion_FE_44,RUN,,
FWD_BASE_T26820,Diffusion_FE_44#5,Diffusion_FE_44,RUN,,
FWD_BASE_T26820,Diffusion_FE_44#6,Diffusion_FE_44,RUN,,
FWD_BASE_T26820,Diffusion_FE_44#7,Diffusion_FE_44,RUN,,
FWD_BASE_T26820,Diffusion_FE_44#8,Diffusion_FE_44,RUN,,
FWD_BASE_T26820,Diffusion_FE_44#9,Diffusion_FE_44,RUN,,
FWD_BASE_T26820,Diffusion_FE_94#1,Diffusion_FE_94,IDLE,,
FWD_BASE_T26820,Diffusion_FE_94#10,Diffusion_FE_94,IDLE,,
FWD_BASE_T26820,Diffusion_FE_94#11,Diffusion_FE_94,IDLE,,
FWD_BASE_T26820,Diffusion_FE_94#2,Diffusion_FE_94,IDLE,,
FWD_BASE_T26820,Diffusion_FE_94#3,Diffusion_FE_94,IDLE,,
FWD_BASE_T26820,Diffusion_FE_94#4,Diffusion_FE_94,IDLE,,
FWD_BASE_T26820,Diffusion_FE_94#5,Diffusion_FE_94,IDLE,,
FWD_BASE_T26820,Diffusion_FE_94#6,Diffusion_FE_94,IDLE,,
FWD_BASE_T26820,Diffusion_FE_94#7,Diffusion_FE_94,IDLE,,
FWD_BASE_T26820,Diffusion_FE_94#8,Diffusion_FE_94,IDLE,,
FWD_BASE_T26820,EPI_36#1,EPI_36,IDLE,,
FWD_BASE_T26820,EPI_36#2,EPI_36,IDLE,,
FWD_BASE_T26820,EPI_38#1,EPI_38,RUN,,
FWD_BASE_T26820,Implant_119#1,Implant_119,IDLE,,
FWD_BASE_T26820,Implant_119#2,Implant_119,IDLE,,
FWD_BASE_T26820,Implant_128#1,Implant_128,RUN,,
FWD_BASE_T26820,Implant_128#10,Implant_128,RUN,,
FWD_BASE_T26820,Implant_128#11,Implant_128,DOWN_PM,,
FWD_BASE_T26820,Implant_128#2,Implant_128,IDLE,,
FWD_BASE_T26820,Implant_128#3,Implant_128,IDLE,,
FWD_BASE_T26820,Implant_128#4,Implant_128,RUN,,
FWD_BASE_T26820,Implant_128#5,Implant_128,IDLE,,
FWD_BASE_T26820,Implant_128#6,Implant_128,IDLE,,
FWD_BASE_T26820,Implant_128#7,Implant_128,IDLE,,
FWD_BASE_T26820,Implant_128#8,Implant_128,IDLE,,
FWD_BASE_T26820,Implant_128#9,Implant_128,IDLE,,
FWD_BASE_T26820,Implant_132#1,Implant_132,RUN,,
FWD_BASE_T26820,Implant_132#2,Implant_132,IDLE,,
FWD_BASE_T26820,Implant_132#3,Implant_132,RUN,,
FWD_BASE_T26820,Implant_132#4,Implant_132,RUN,,
FWD_BASE_T26820,Implant_132#5,Implant_132,IDLE,,
FWD_BASE_T26820,Implant_132#6,Implant_132,DOWN_BM,,
FWD_BASE_T26820,Implant_132#7,Implant_132,RUN,,
FWD_BASE_T26820,Implant_132#8,Implant_132,RUN,,
FWD_BASE_T26820,Implant_74#1,Implant_74,IDLE,,
FWD_BASE_T26820,Implant_74#2,Implant_74,IDLE,,
FWD_BASE_T26820,Implant_88#1,Implant_88,RUN,,
FWD_BASE_T26820,Implant_88#2,Implant_88,IDLE,,
FWD_BASE_T26820,Implant_90#1,Implant_90,IDLE,,
FWD_BASE_T26820,Implant_90#2,Implant_90,IDLE,,
FWD_BASE_T26820,Implant_91#1,Implant_91,DOWN_PM,,
FWD_BASE_T26820,Implant_91#2,Implant_91,RUN,,
FWD_BASE_T26820,Implant_91#3,Implant_91,RUN,,
FWD_BASE_T26820,Implant_91#4,Implant_91,IDLE,,
FWD_BASE_T26820,Implant_91#5,Implant_91,IDLE,,
FWD_BASE_T26820,Implant_91#6,Implant_91,IDLE,,
FWD_BASE_T26820,LithoMet_BE_18#1,LithoMet_BE_18,RUN,,
FWD_BASE_T26820,LithoMet_BE_18#10,LithoMet_BE_18,RUN,,
FWD_BASE_T26820,LithoMet_BE_18#11,LithoMet_BE_18,RUN,,
FWD_BASE_T26820,LithoMet_BE_18#12,LithoMet_BE_18,RUN,,
FWD_BASE_T26820,LithoMet_BE_18#13,LithoMet_BE_18,RUN,,
FWD_BASE_T26820,LithoMet_BE_18#14,LithoMet_BE_18,IDLE,,
FWD_BASE_T26820,LithoMet_BE_18#15,LithoMet_BE_18,DOWN_BM,,
FWD_BASE_T26820,LithoMet_BE_18#2,LithoMet_BE_18,IDLE,,
FWD_BASE_T26820,LithoMet_BE_18#3,LithoMet_BE_18,IDLE,,
FWD_BASE_T26820,LithoMet_BE_18#4,LithoMet_BE_18,IDLE,,
FWD_BASE_T26820,LithoMet_BE_18#5,LithoMet_BE_18,IDLE,,
FWD_BASE_T26820,LithoMet_BE_18#6,LithoMet_BE_18,IDLE,,
FWD_BASE_T26820,LithoMet_BE_18#7,LithoMet_BE_18,IDLE,,
FWD_BASE_T26820,LithoMet_BE_18#8,LithoMet_BE_18,DOWN_BM,,
FWD_BASE_T26820,LithoMet_BE_18#9,LithoMet_BE_18,IDLE,,
FWD_BASE_T26820,LithoMet_FE_19#1,LithoMet_FE_19,RUN,,
FWD_BASE_T26820,LithoMet_FE_19#10,LithoMet_FE_19,RUN,,
FWD_BASE_T26820,LithoMet_FE_19#11,LithoMet_FE_19,IDLE,,
FWD_BASE_T26820,LithoMet_FE_19#12,LithoMet_FE_19,DOWN_BM,,
FWD_BASE_T26820,LithoMet_FE_19#13,LithoMet_FE_19,RUN,,
FWD_BASE_T26820,LithoMet_FE_19#14,LithoMet_FE_19,RUN,,
FWD_BASE_T26820,LithoMet_FE_19#15,LithoMet_FE_19,DOWN_BM,,
FWD_BASE_T26820,LithoMet_FE_19#16,LithoMet_FE_19,RUN,,
FWD_BASE_T26820,LithoMet_FE_19#17,LithoMet_FE_19,RUN,,
FWD_BASE_T26820,LithoMet_FE_19#18,LithoMet_FE_19,RUN,,
FWD_BASE_T26820,LithoMet_FE_19#19,LithoMet_FE_19,RUN,,
FWD_BASE_T26820,LithoMet_FE_19#2,LithoMet_FE_19,IDLE,,
FWD_BASE_T26820,LithoMet_FE_19#20,LithoMet_FE_19,RUN,,
FWD_BASE_T26820,LithoMet_FE_19#3,LithoMet_FE_19,RUN,,
FWD_BASE_T26820,LithoMet_FE_19#4,LithoMet_FE_19,RUN,,
FWD_BASE_T26820,LithoMet_FE_19#5,LithoMet_FE_19,RUN,,
FWD_BASE_T26820,LithoMet_FE_19#6,LithoMet_FE_19,RUN,,
FWD_BASE_T26820,LithoMet_FE_19#7,LithoMet_FE_19,IDLE,,
FWD_BASE_T26820,LithoMet_FE_19#8,LithoMet_FE_19,IDLE,,
FWD_BASE_T26820,LithoMet_FE_19#9,LithoMet_FE_19,IDLE,,
FWD_BASE_T26820,LithoTrack_BE_117#1,LithoTrack_BE_117,RUN,,
FWD_BASE_T26820,LithoTrack_BE_117#2,LithoTrack_BE_117,RUN,,
FWD_BASE_T26820,LithoTrack_BE_117#3,LithoTrack_BE_117,RUN,,
FWD_BASE_T26820,LithoTrack_BE_117#4,LithoTrack_BE_117,IDLE,,
FWD_BASE_T26820,LithoTrack_BE_117#5,LithoTrack_BE_117,IDLE,,
FWD_BASE_T26820,LithoTrack_FE_115#1,LithoTrack_FE_115,RUN,,
FWD_BASE_T26820,LithoTrack_FE_115#10,LithoTrack_FE_115,RUN,,
FWD_BASE_T26820,LithoTrack_FE_115#11,LithoTrack_FE_115,RUN,,
FWD_BASE_T26820,LithoTrack_FE_115#12,LithoTrack_FE_115,RUN,,
FWD_BASE_T26820,LithoTrack_FE_115#13,LithoTrack_FE_115,RUN,,
FWD_BASE_T26820,LithoTrack_FE_115#14,LithoTrack_FE_115,RUN,,
FWD_BASE_T26820,LithoTrack_FE_115#15,LithoTrack_FE_115,IDLE,,
FWD_BASE_T26820,LithoTrack_FE_115#16,LithoTrack_FE_115,DOWN_PM,,
FWD_BASE_T26820,LithoTrack_FE_115#17,LithoTrack_FE_115,RUN,,
FWD_BASE_T26820,LithoTrack_FE_115#18,LithoTrack_FE_115,RUN,,
FWD_BASE_T26820,LithoTrack_FE_115#19,LithoTrack_FE_115,IDLE,,
FWD_BASE_T26820,LithoTrack_FE_115#2,LithoTrack_FE_115,IDLE,,
FWD_BASE_T26820,LithoTrack_FE_115#20,LithoTrack_FE_115,IDLE,,
FWD_BASE_T26820,LithoTrack_FE_115#21,LithoTrack_FE_115,RUN,,
FWD_BASE_T26820,LithoTrack_FE_115#22,LithoTrack_FE_115,DOWN_BM,,
FWD_BASE_T26820,LithoTrack_FE_115#23,LithoTrack_FE_115,RUN,,
FWD_BASE_T26820,LithoTrack_FE_115#24,LithoTrack_FE_115,RUN,,
FWD_BASE_T26820,LithoTrack_FE_115#25,LithoTrack_FE_115,IDLE,,
FWD_BASE_T26820,LithoTrack_FE_115#26,LithoTrack_FE_115,IDLE,,
FWD_BASE_T26820,LithoTrack_FE_115#27,LithoTrack_FE_115,IDLE,,
FWD_BASE_T26820,LithoTrack_FE_115#28,LithoTrack_FE_115,IDLE,,
FWD_BASE_T26820,LithoTrack_FE_115#29,LithoTrack_FE_115,IDLE,,
FWD_BASE_T26820,LithoTrack_FE_115#3,LithoTrack_FE_115,IDLE,,
FWD_BASE_T26820,LithoTrack_FE_115#30,LithoTrack_FE_115,DOWN_PM,,
FWD_BASE_T26820,LithoTrack_FE_115#31,LithoTrack_FE_115,IDLE,,
FWD_BASE_T26820,LithoTrack_FE_115#32,LithoTrack_FE_115,IDLE,,
FWD_BASE_T26820,LithoTrack_FE_115#33,LithoTrack_FE_115,DOWN_PM,,
FWD_BASE_T26820,LithoTrack_FE_115#34,LithoTrack_FE_115,DOWN_PM,,
FWD_BASE_T26820,LithoTrack_FE_115#35,LithoTrack_FE_115,IDLE,,
FWD_BASE_T26820,LithoTrack_FE_115#36,LithoTrack_FE_115,IDLE,,
FWD_BASE_T26820,LithoTrack_FE_115#37,LithoTrack_FE_115,IDLE,,
FWD_BASE_T26820,LithoTrack_FE_115#38,LithoTrack_FE_115,IDLE,,
FWD_BASE_T26820,LithoTrack_FE_115#39,LithoTrack_FE_115,IDLE,,
FWD_BASE_T26820,LithoTrack_FE_115#4,LithoTrack_FE_115,IDLE,,
FWD_BASE_T26820,LithoTrack_FE_115#40,LithoTrack_FE_115,IDLE,,
FWD_BASE_T26820,LithoTrack_FE_115#41,LithoTrack_FE_115,IDLE,,
FWD_BASE_T26820,LithoTrack_FE_115#42,LithoTrack_FE_115,IDLE,,
FWD_BASE_T26820,LithoTrack_FE_115#43,LithoTrack_FE_115,IDLE,,
FWD_BASE_T26820,LithoTrack_FE_115#44,LithoTrack_FE_115,IDLE,,
FWD_BASE_T26820,LithoTrack_FE_115#45,LithoTrack_FE_115,IDLE,,
FWD_BASE_T26820,LithoTrack_FE_115#46,LithoTrack_FE_115,IDLE,,
FWD_BASE_T26820,LithoTrack_FE_115#47,LithoTrack_FE_115,IDLE,,
FWD_BASE_T26820,LithoTrack_FE_115#48,LithoTrack_FE_115,IDLE,,
FWD_BASE_T26820,LithoTrack_FE_115#49,LithoTrack_FE_115,IDLE,,
FWD_BASE_T26820,LithoTrack_FE_115#5,LithoTrack_FE_115,IDLE,,
FWD_BASE_T26820,LithoTrack_FE_115#50,LithoTrack_FE_115,IDLE,,
FWD_BASE_T26820,LithoTrack_FE_115#51,LithoTrack_FE_115,IDLE,,
FWD_BASE_T26820,LithoTrack_FE_115#52,LithoTrack_FE_115,IDLE,,
FWD_BASE_T26820,LithoTrack_FE_115#53,LithoTrack_FE_115,IDLE,,
FWD_BASE_T26820,LithoTrack_FE_115#54,LithoTrack_FE_115,IDLE,,
FWD_BASE_T26820,LithoTrack_FE_115#6,LithoTrack_FE_115,IDLE,,
FWD_BASE_T26820,LithoTrack_FE_115#7,LithoTrack_FE_115,IDLE,,
FWD_BASE_T26820,LithoTrack_FE_115#8,LithoTrack_FE_115,IDLE,,
FWD_BASE_T26820,LithoTrack_FE_115#9,LithoTrack_FE_115,DOWN_BM,,
FWD_BASE_T26820,LithoTrack_FE_95#1,LithoTrack_FE_95,RUN,,
FWD_BASE_T26820,LithoTrack_FE_95#10,LithoTrack_FE_95,RUN,,
FWD_BASE_T26820,LithoTrack_FE_95#11,LithoTrack_FE_95,RUN,,
FWD_BASE_T26820,LithoTrack_FE_95#12,LithoTrack_FE_95,RUN,,
FWD_BASE_T26820,LithoTrack_FE_95#13,LithoTrack_FE_95,RUN,,
FWD_BASE_T26820,LithoTrack_FE_95#14,LithoTrack_FE_95,IDLE,,
FWD_BASE_T26820,LithoTrack_FE_95#15,LithoTrack_FE_95,IDLE,,
FWD_BASE_T26820,LithoTrack_FE_95#16,LithoTrack_FE_95,IDLE,,
FWD_BASE_T26820,LithoTrack_FE_95#17,LithoTrack_FE_95,IDLE,,
FWD_BASE_T26820,LithoTrack_FE_95#18,LithoTrack_FE_95,IDLE,,
FWD_BASE_T26820,LithoTrack_FE_95#19,LithoTrack_FE_95,IDLE,,
FWD_BASE_T26820,LithoTrack_FE_95#2,LithoTrack_FE_95,IDLE,,
FWD_BASE_T26820,LithoTrack_FE_95#20,LithoTrack_FE_95,IDLE,,
FWD_BASE_T26820,LithoTrack_FE_95#21,LithoTrack_FE_95,IDLE,,
FWD_BASE_T26820,LithoTrack_FE_95#22,LithoTrack_FE_95,IDLE,,
FWD_BASE_T26820,LithoTrack_FE_95#23,LithoTrack_FE_95,IDLE,,
FWD_BASE_T26820,LithoTrack_FE_95#24,LithoTrack_FE_95,IDLE,,
FWD_BASE_T26820,LithoTrack_FE_95#25,LithoTrack_FE_95,DOWN_BM,,
FWD_BASE_T26820,LithoTrack_FE_95#26,LithoTrack_FE_95,IDLE,,
FWD_BASE_T26820,LithoTrack_FE_95#27,LithoTrack_FE_95,IDLE,,
FWD_BASE_T26820,LithoTrack_FE_95#28,LithoTrack_FE_95,IDLE,,
FWD_BASE_T26820,LithoTrack_FE_95#29,LithoTrack_FE_95,IDLE,,
FWD_BASE_T26820,LithoTrack_FE_95#3,LithoTrack_FE_95,DOWN_BM,,
FWD_BASE_T26820,LithoTrack_FE_95#30,LithoTrack_FE_95,IDLE,,
FWD_BASE_T26820,LithoTrack_FE_95#31,LithoTrack_FE_95,DOWN_PM,,
FWD_BASE_T26820,LithoTrack_FE_95#32,LithoTrack_FE_95,DOWN_PM,,
FWD_BASE_T26820,LithoTrack_FE_95#33,LithoTrack_FE_95,IDLE,,
FWD_BASE_T26820,LithoTrack_FE_95#34,LithoTrack_FE_95,DOWN_PM,,
FWD_BASE_T26820,LithoTrack_FE_95#35,LithoTrack_FE_95,IDLE,,
FWD_BASE_T26820,LithoTrack_FE_95#36,LithoTrack_FE_95,IDLE,,
FWD_BASE_T26820,LithoTrack_FE_95#37,LithoTrack_FE_95,IDLE,,
FWD_BASE_T26820,LithoTrack_FE_95#38,LithoTrack_FE_95,IDLE,,
FWD_BASE_T26820,LithoTrack_FE_95#39,LithoTrack_FE_95,IDLE,,
FWD_BASE_T26820,LithoTrack_FE_95#4,LithoTrack_FE_95,IDLE,,
FWD_BASE_T26820,LithoTrack_FE_95#40,LithoTrack_FE_95,IDLE,,
FWD_BASE_T26820,LithoTrack_FE_95#41,LithoTrack_FE_95,IDLE,,
FWD_BASE_T26820,LithoTrack_FE_95#42,LithoTrack_FE_95,IDLE,,
FWD_BASE_T26820,LithoTrack_FE_95#43,LithoTrack_FE_95,IDLE,,
FWD_BASE_T26820,LithoTrack_FE_95#44,LithoTrack_FE_95,IDLE,,
FWD_BASE_T26820,LithoTrack_FE_95#45,LithoTrack_FE_95,IDLE,,
FWD_BASE_T26820,LithoTrack_FE_95#46,LithoTrack_FE_95,IDLE,,
FWD_BASE_T26820,LithoTrack_FE_95#47,LithoTrack_FE_95,IDLE,,
FWD_BASE_T26820,LithoTrack_FE_95#48,LithoTrack_FE_95,IDLE,,
FWD_BASE_T26820,LithoTrack_FE_95#49,LithoTrack_FE_95,IDLE,,
FWD_BASE_T26820,LithoTrack_FE_95#5,LithoTrack_FE_95,IDLE,,
FWD_BASE_T26820,LithoTrack_FE_95#50,LithoTrack_FE_95,IDLE,,
FWD_BASE_T26820,LithoTrack_FE_95#51,LithoTrack_FE_95,IDLE,,
FWD_BASE_T26820,LithoTrack_FE_95#52,LithoTrack_FE_95,IDLE,,
FWD_BASE_T26820,LithoTrack_FE_95#53,LithoTrack_FE_95,IDLE,,
FWD_BASE_T26820,LithoTrack_FE_95#6,LithoTrack_FE_95,IDLE,,
FWD_BASE_T26820,LithoTrack_FE_95#7,LithoTrack_FE_95,IDLE,,
FWD_BASE_T26820,LithoTrack_FE_95#8,LithoTrack_FE_95,IDLE,,
FWD_BASE_T26820,LithoTrack_FE_95#9,LithoTrack_FE_95,IDLE,,
FWD_BASE_T26820,LithoTrack_FE_96#1,LithoTrack_FE_96,IDLE,,
FWD_BASE_T26820,LithoTrack_FE_96#2,LithoTrack_FE_96,IDLE,,
FWD_BASE_T26820,Litho_BE_110#1,Litho_BE_110,RUN,,
FWD_BASE_T26820,Litho_BE_110#10,Litho_BE_110,RUN,,
FWD_BASE_T26820,Litho_BE_110#11,Litho_BE_110,IDLE,,
FWD_BASE_T26820,Litho_BE_110#12,Litho_BE_110,RUN,,
FWD_BASE_T26820,Litho_BE_110#13,Litho_BE_110,IDLE,,
FWD_BASE_T26820,Litho_BE_110#14,Litho_BE_110,IDLE,,
FWD_BASE_T26820,Litho_BE_110#15,Litho_BE_110,IDLE,,
FWD_BASE_T26820,Litho_BE_110#16,Litho_BE_110,IDLE,,
FWD_BASE_T26820,Litho_BE_110#17,Litho_BE_110,IDLE,,
FWD_BASE_T26820,Litho_BE_110#18,Litho_BE_110,DOWN_PM,,
FWD_BASE_T26820,Litho_BE_110#19,Litho_BE_110,DOWN_BM,,
FWD_BASE_T26820,Litho_BE_110#2,Litho_BE_110,IDLE,,
FWD_BASE_T26820,Litho_BE_110#20,Litho_BE_110,IDLE,,
FWD_BASE_T26820,Litho_BE_110#21,Litho_BE_110,IDLE,,
FWD_BASE_T26820,Litho_BE_110#22,Litho_BE_110,IDLE,,
FWD_BASE_T26820,Litho_BE_110#23,Litho_BE_110,IDLE,,
FWD_BASE_T26820,Litho_BE_110#24,Litho_BE_110,IDLE,,
FWD_BASE_T26820,Litho_BE_110#25,Litho_BE_110,IDLE,,
FWD_BASE_T26820,Litho_BE_110#26,Litho_BE_110,IDLE,,
FWD_BASE_T26820,Litho_BE_110#27,Litho_BE_110,IDLE,,
FWD_BASE_T26820,Litho_BE_110#28,Litho_BE_110,IDLE,,
FWD_BASE_T26820,Litho_BE_110#29,Litho_BE_110,IDLE,,
FWD_BASE_T26820,Litho_BE_110#3,Litho_BE_110,DOWN_BM,,
FWD_BASE_T26820,Litho_BE_110#4,Litho_BE_110,IDLE,,
FWD_BASE_T26820,Litho_BE_110#5,Litho_BE_110,IDLE,,
FWD_BASE_T26820,Litho_BE_110#6,Litho_BE_110,IDLE,,
FWD_BASE_T26820,Litho_BE_110#7,Litho_BE_110,IDLE,,
FWD_BASE_T26820,Litho_BE_110#8,Litho_BE_110,IDLE,,
FWD_BASE_T26820,Litho_BE_110#9,Litho_BE_110,IDLE,,
FWD_BASE_T26820,Litho_BE_93#1,Litho_BE_93,IDLE,,
FWD_BASE_T26820,Litho_BE_93#2,Litho_BE_93,IDLE,,
FWD_BASE_T26820,Litho_BE_93#3,Litho_BE_93,IDLE,,
FWD_BASE_T26820,Litho_BE_99#1,Litho_BE_99,IDLE,,
FWD_BASE_T26820,Litho_BE_99#2,Litho_BE_99,IDLE,,
FWD_BASE_T26820,Litho_BE_99#3,Litho_BE_99,DOWN_PM,,
FWD_BASE_T26820,Litho_FE_111#1,Litho_FE_111,RUN,,
FWD_BASE_T26820,Litho_FE_111#10,Litho_FE_111,IDLE,,
FWD_BASE_T26820,Litho_FE_111#11,Litho_FE_111,RUN,,
FWD_BASE_T26820,Litho_FE_111#12,Litho_FE_111,RUN,,
FWD_BASE_T26820,Litho_FE_111#13,Litho_FE_111,RUN,,
FWD_BASE_T26820,Litho_FE_111#14,Litho_FE_111,IDLE,,
FWD_BASE_T26820,Litho_FE_111#15,Litho_FE_111,DOWN_PM,,
FWD_BASE_T26820,Litho_FE_111#16,Litho_FE_111,IDLE,,
FWD_BASE_T26820,Litho_FE_111#17,Litho_FE_111,IDLE,,
FWD_BASE_T26820,Litho_FE_111#18,Litho_FE_111,DOWN_BM,,
FWD_BASE_T26820,Litho_FE_111#19,Litho_FE_111,IDLE,,
FWD_BASE_T26820,Litho_FE_111#2,Litho_FE_111,IDLE,,
FWD_BASE_T26820,Litho_FE_111#20,Litho_FE_111,IDLE,,
FWD_BASE_T26820,Litho_FE_111#21,Litho_FE_111,IDLE,,
FWD_BASE_T26820,Litho_FE_111#22,Litho_FE_111,IDLE,,
FWD_BASE_T26820,Litho_FE_111#23,Litho_FE_111,IDLE,,
FWD_BASE_T26820,Litho_FE_111#3,Litho_FE_111,IDLE,,
FWD_BASE_T26820,Litho_FE_111#4,Litho_FE_111,IDLE,,
FWD_BASE_T26820,Litho_FE_111#5,Litho_FE_111,DOWN_BM,,
FWD_BASE_T26820,Litho_FE_111#6,Litho_FE_111,IDLE,,
FWD_BASE_T26820,Litho_FE_111#7,Litho_FE_111,DOWN_BM,,
FWD_BASE_T26820,Litho_FE_111#8,Litho_FE_111,IDLE,,
FWD_BASE_T26820,Litho_FE_111#9,Litho_FE_111,IDLE,,
FWD_BASE_T26820,Litho_FE_35#1,Litho_FE_35,RUN,,
FWD_BASE_T26820,Litho_FE_35#2,Litho_FE_35,IDLE,,
FWD_BASE_T26820,Litho_FE_92#1,Litho_FE_92,RUN,,
FWD_BASE_T26820,Litho_FE_92#10,Litho_FE_92,RUN,,
FWD_BASE_T26820,Litho_FE_92#11,Litho_FE_92,RUN,,
FWD_BASE_T26820,Litho_FE_92#12,Litho_FE_92,DOWN_BM,,
FWD_BASE_T26820,Litho_FE_92#13,Litho_FE_92,RUN,,
FWD_BASE_T26820,Litho_FE_92#14,Litho_FE_92,IDLE,,
FWD_BASE_T26820,Litho_FE_92#15,Litho_FE_92,RUN,,
FWD_BASE_T26820,Litho_FE_92#16,Litho_FE_92,RUN,,
FWD_BASE_T26820,Litho_FE_92#17,Litho_FE_92,RUN,,
FWD_BASE_T26820,Litho_FE_92#18,Litho_FE_92,RUN,,
FWD_BASE_T26820,Litho_FE_92#19,Litho_FE_92,IDLE,,
FWD_BASE_T26820,Litho_FE_92#2,Litho_FE_92,RUN,,
FWD_BASE_T26820,Litho_FE_92#20,Litho_FE_92,IDLE,,
FWD_BASE_T26820,Litho_FE_92#21,Litho_FE_92,DOWN_PM,,
FWD_BASE_T26820,Litho_FE_92#22,Litho_FE_92,IDLE,,
FWD_BASE_T26820,Litho_FE_92#23,Litho_FE_92,DOWN_BM,,
FWD_BASE_T26820,Litho_FE_92#24,Litho_FE_92,IDLE,,
FWD_BASE_T26820,Litho_FE_92#25,Litho_FE_92,IDLE,,
FWD_BASE_T26820,Litho_FE_92#26,Litho_FE_92,IDLE,,
FWD_BASE_T26820,Litho_FE_92#27,Litho_FE_92,IDLE,,
FWD_BASE_T26820,Litho_FE_92#28,Litho_FE_92,DOWN_BM,,
FWD_BASE_T26820,Litho_FE_92#29,Litho_FE_92,IDLE,,
FWD_BASE_T26820,Litho_FE_92#3,Litho_FE_92,IDLE,,
FWD_BASE_T26820,Litho_FE_92#30,Litho_FE_92,IDLE,,
FWD_BASE_T26820,Litho_FE_92#31,Litho_FE_92,IDLE,,
FWD_BASE_T26820,Litho_FE_92#32,Litho_FE_92,IDLE,,
FWD_BASE_T26820,Litho_FE_92#33,Litho_FE_92,IDLE,,
FWD_BASE_T26820,Litho_FE_92#34,Litho_FE_92,IDLE,,
FWD_BASE_T26820,Litho_FE_92#4,Litho_FE_92,IDLE,,
FWD_BASE_T26820,Litho_FE_92#5,Litho_FE_92,IDLE,,
FWD_BASE_T26820,Litho_FE_92#6,Litho_FE_92,IDLE,,
FWD_BASE_T26820,Litho_FE_92#7,Litho_FE_92,IDLE,,
FWD_BASE_T26820,Litho_FE_92#8,Litho_FE_92,IDLE,,
FWD_BASE_T26820,Litho_FE_92#9,Litho_FE_92,IDLE,,
FWD_BASE_T26820,Litho_FE_98#1,Litho_FE_98,IDLE,,
FWD_BASE_T26820,Litho_FE_98#2,Litho_FE_98,RUN,,
FWD_BASE_T26820,Litho_FE_98#3,Litho_FE_98,RUN,,
FWD_BASE_T26820,Litho_FE_98#4,Litho_FE_98,RUN,,
FWD_BASE_T26820,Litho_FE_98#5,Litho_FE_98,DOWN_PM,,
FWD_BASE_T26820,Litho_FE_98#6,Litho_FE_98,RUN,,
FWD_BASE_T26820,Litho_REG_BE_63#1,Litho_REG_BE_63,IDLE,,
FWD_BASE_T26820,Litho_REG_BE_63#2,Litho_REG_BE_63,RUN,,
FWD_BASE_T26820,Litho_REG_BE_63#3,Litho_REG_BE_63,RUN,,
FWD_BASE_T26820,Litho_REG_BE_63#4,Litho_REG_BE_63,IDLE,,
FWD_BASE_T26820,Litho_REG_BE_63#5,Litho_REG_BE_63,IDLE,,
FWD_BASE_T26820,Litho_REG_BE_63#6,Litho_REG_BE_63,IDLE,,
FWD_BASE_T26820,Litho_REG_BE_63#7,Litho_REG_BE_63,IDLE,,
FWD_BASE_T26820,Litho_REG_BE_63#8,Litho_REG_BE_63,IDLE,,
FWD_BASE_T26820,Litho_REG_BE_63#9,Litho_REG_BE_63,IDLE,,
FWD_BASE_T26820,Litho_REG_FE_64#1,Litho_REG_FE_64,RUN,,
FWD_BASE_T26820,Litho_REG_FE_64#10,Litho_REG_FE_64,RUN,,
FWD_BASE_T26820,Litho_REG_FE_64#11,Litho_REG_FE_64,RUN,,
FWD_BASE_T26820,Litho_REG_FE_64#12,Litho_REG_FE_64,RUN,,
FWD_BASE_T26820,Litho_REG_FE_64#13,Litho_REG_FE_64,RUN,,
FWD_BASE_T26820,Litho_REG_FE_64#14,Litho_REG_FE_64,RUN,,
FWD_BASE_T26820,Litho_REG_FE_64#15,Litho_REG_FE_64,RUN,,
FWD_BASE_T26820,Litho_REG_FE_64#2,Litho_REG_FE_64,RUN,,
FWD_BASE_T26820,Litho_REG_FE_64#3,Litho_REG_FE_64,RUN,,
FWD_BASE_T26820,Litho_REG_FE_64#4,Litho_REG_FE_64,RUN,,
FWD_BASE_T26820,Litho_REG_FE_64#5,Litho_REG_FE_64,IDLE,,
FWD_BASE_T26820,Litho_REG_FE_64#6,Litho_REG_FE_64,IDLE,,
FWD_BASE_T26820,Litho_REG_FE_64#7,Litho_REG_FE_64,IDLE,,
FWD_BASE_T26820,Litho_REG_FE_64#8,Litho_REG_FE_64,IDLE,,
FWD_BASE_T26820,Litho_REG_FE_64#9,Litho_REG_FE_64,IDLE,,
FWD_BASE_T26820,Planar_BE_75#1,Planar_BE_75,RUN,,
FWD_BASE_T26820,Planar_BE_75#10,Planar_BE_75,RUN,,
FWD_BASE_T26820,Planar_BE_75#11,Planar_BE_75,IDLE,,
FWD_BASE_T26820,Planar_BE_75#12,Planar_BE_75,RUN,,
FWD_BASE_T26820,Planar_BE_75#13,Planar_BE_75,IDLE,,
FWD_BASE_T26820,Planar_BE_75#14,Planar_BE_75,IDLE,,
FWD_BASE_T26820,Planar_BE_75#15,Planar_BE_75,IDLE,,
FWD_BASE_T26820,Planar_BE_75#17,Planar_BE_75,IDLE,,
FWD_BASE_T26820,Planar_BE_75#18,Planar_BE_75,IDLE,,
FWD_BASE_T26820,Planar_BE_75#2,Planar_BE_75,DOWN_BM,,
FWD_BASE_T26820,Planar_BE_75#20,Planar_BE_75,IDLE,,
FWD_BASE_T26820,Planar_BE_75#21,Planar_BE_75,IDLE,,
FWD_BASE_T26820,Planar_BE_75#22,Planar_BE_75,IDLE,,
FWD_BASE_T26820,Planar_BE_75#3,Planar_BE_75,IDLE,,
FWD_BASE_T26820,Planar_BE_75#4,Planar_BE_75,IDLE,,
FWD_BASE_T26820,Planar_BE_75#5,Planar_BE_75,IDLE,,
FWD_BASE_T26820,Planar_BE_75#6,Planar_BE_75,IDLE,,
FWD_BASE_T26820,Planar_BE_75#7,Planar_BE_75,IDLE,,
FWD_BASE_T26820,Planar_BE_75#8,Planar_BE_75,IDLE,,
FWD_BASE_T26820,Planar_BE_75#9,Planar_BE_75,IDLE,,
FWD_BASE_T26820,Planar_FE_76#1,Planar_FE_76,IDLE,,
FWD_BASE_T26820,Planar_FE_76#2,Planar_FE_76,DOWN_BM,,
FWD_BASE_T26820,Planar_FE_76#3,Planar_FE_76,IDLE,,
FWD_BASE_T26820,Planar_FE_77#1,Planar_FE_77,RUN,,
FWD_BASE_T26820,Planar_FE_77#2,Planar_FE_77,RUN,,
FWD_BASE_T26820,Planar_FE_77#3,Planar_FE_77,RUN,,
FWD_BASE_T26820,Planar_FE_78#1,Planar_FE_78,IDLE,,
FWD_BASE_T26820,Planar_FE_78#2,Planar_FE_78,IDLE,,
FWD_BASE_T26820,Planar_FE_79#1,Planar_FE_79,IDLE,,
FWD_BASE_T26820,Planar_FE_79#2,Planar_FE_79,IDLE,,
FWD_BASE_T26820,Planar_FE_79#3,Planar_FE_79,IDLE,,
FWD_BASE_T26820,Planar_FE_79#4,Planar_FE_79,IDLE,,
FWD_BASE_T26820,Planar_FE_79#5,Planar_FE_79,IDLE,,
FWD_BASE_T26820,Planar_FE_79#6,Planar_FE_79,IDLE,,
FWD_BASE_T26820,Planar_FE_80#1,Planar_FE_80,DOWN_BM,,
FWD_BASE_T26820,Planar_FE_80#2,Planar_FE_80,IDLE,,
FWD_BASE_T26820,TF_BE_2#1,TF_BE_2,IDLE,,
FWD_BASE_T26820,TF_BE_2#2,TF_BE_2,IDLE,,
FWD_BASE_T26820,TF_BE_2#3,TF_BE_2,IDLE,,
FWD_BASE_T26820,TF_BE_2#4,TF_BE_2,IDLE,,
FWD_BASE_T26820,TF_BE_23#1,TF_BE_23,DOWN_BM,,
FWD_BASE_T26820,TF_BE_23#10,TF_BE_23,RUN,,
FWD_BASE_T26820,TF_BE_23#11,TF_BE_23,RUN,,
FWD_BASE_T26820,TF_BE_23#12,TF_BE_23,RUN,,
FWD_BASE_T26820,TF_BE_23#13,TF_BE_23,RUN,,
FWD_BASE_T26820,TF_BE_23#14,TF_BE_23,IDLE,,
FWD_BASE_T26820,TF_BE_23#15,TF_BE_23,IDLE,,
FWD_BASE_T26820,TF_BE_23#16,TF_BE_23,IDLE,,
FWD_BASE_T26820,TF_BE_23#18,TF_BE_23,IDLE,,
FWD_BASE_T26820,TF_BE_23#19,TF_BE_23,IDLE,,
FWD_BASE_T26820,TF_BE_23#20,TF_BE_23,IDLE,,
FWD_BASE_T26820,TF_BE_23#21,TF_BE_23,IDLE,,
FWD_BASE_T26820,TF_BE_23#3,TF_BE_23,IDLE,,
FWD_BASE_T26820,TF_BE_23#4,TF_BE_23,IDLE,,
FWD_BASE_T26820,TF_BE_23#5,TF_BE_23,IDLE,,
FWD_BASE_T26820,TF_BE_23#6,TF_BE_23,IDLE,,
FWD_BASE_T26820,TF_BE_23#7,TF_BE_23,IDLE,,
FWD_BASE_T26820,TF_BE_23#8,TF_BE_23,IDLE,,
FWD_BASE_T26820,TF_BE_23#9,TF_BE_23,IDLE,,
FWD_BASE_T26820,TF_BE_24#1,TF_BE_24,IDLE,,
FWD_BASE_T26820,TF_BE_24#2,TF_BE_24,IDLE,,
FWD_BASE_T26820,TF_BE_24#3,TF_BE_24,IDLE,,
FWD_BASE_T26820,TF_BE_24#4,TF_BE_24,IDLE,,
FWD_BASE_T26820,TF_BE_24#5,TF_BE_24,IDLE,,
FWD_BASE_T26820,TF_BE_26#1,TF_BE_26,IDLE,,
FWD_BASE_T26820,TF_BE_26#10,TF_BE_26,IDLE,,
FWD_BASE_T26820,TF_BE_26#11,TF_BE_26,IDLE,,
FWD_BASE_T26820,TF_BE_26#12,TF_BE_26,IDLE,,
FWD_BASE_T26820,TF_BE_26#13,TF_BE_26,IDLE,,
FWD_BASE_T26820,TF_BE_26#14,TF_BE_26,IDLE,,
FWD_BASE_T26820,TF_BE_26#15,TF_BE_26,IDLE,,
FWD_BASE_T26820,TF_BE_26#2,TF_BE_26,IDLE,,
FWD_BASE_T26820,TF_BE_26#4,TF_BE_26,IDLE,,
FWD_BASE_T26820,TF_BE_26#5,TF_BE_26,IDLE,,
FWD_BASE_T26820,TF_BE_26#6,TF_BE_26,IDLE,,
FWD_BASE_T26820,TF_BE_26#9,TF_BE_26,IDLE,,
FWD_BASE_T26820,TF_BE_40#1,TF_BE_40,IDLE,,
FWD_BASE_T26820,TF_BE_40#10,TF_BE_40,RUN,,
FWD_BASE_T26820,TF_BE_40#11,TF_BE_40,IDLE,,
FWD_BASE_T26820,TF_BE_40#12,TF_BE_40,IDLE,,
FWD_BASE_T26820,TF_BE_40#13,TF_BE_40,RUN,,
FWD_BASE_T26820,TF_BE_40#14,TF_BE_40,RUN,,
FWD_BASE_T26820,TF_BE_40#15,TF_BE_40,IDLE,,
FWD_BASE_T26820,TF_BE_40#16,TF_BE_40,IDLE,,
FWD_BASE_T26820,TF_BE_40#17,TF_BE_40,IDLE,,
FWD_BASE_T26820,TF_BE_40#18,TF_BE_40,IDLE,,
FWD_BASE_T26820,TF_BE_40#19,TF_BE_40,IDLE,,
FWD_BASE_T26820,TF_BE_40#2,TF_BE_40,IDLE,,
FWD_BASE_T26820,TF_BE_40#20,TF_BE_40,IDLE,,
FWD_BASE_T26820,TF_BE_40#22,TF_BE_40,IDLE,,
FWD_BASE_T26820,TF_BE_40#23,TF_BE_40,IDLE,,
FWD_BASE_T26820,TF_BE_40#24,TF_BE_40,IDLE,,
FWD_BASE_T26820,TF_BE_40#25,TF_BE_40,IDLE,,
FWD_BASE_T26820,TF_BE_40#26,TF_BE_40,IDLE,,
FWD_BASE_T26820,TF_BE_40#3,TF_BE_40,IDLE,,
FWD_BASE_T26820,TF_BE_40#4,TF_BE_40,IDLE,,
FWD_BASE_T26820,TF_BE_40#5,TF_BE_40,IDLE,,
FWD_BASE_T26820,TF_BE_40#6,TF_BE_40,IDLE,,
FWD_BASE_T26820,TF_BE_40#7,TF_BE_40,IDLE,,
FWD_BASE_T26820,TF_BE_40#8,TF_BE_40,IDLE,,
FWD_BASE_T26820,TF_BE_40#9,TF_BE_40,IDLE,,
FWD_BASE_T26820,TF_FE_103#1,TF_FE_103,IDLE,,
FWD_BASE_T26820,TF_FE_103#2,TF_FE_103,IDLE,,
FWD_BASE_T26820,TF_FE_103#3,TF_FE_103,IDLE,,
FWD_BASE_T26820,TF_FE_103#4,TF_FE_103,IDLE,,
FWD_BASE_T26820,TF_FE_103#5,TF_FE_103,IDLE,,
FWD_BASE_T26820,TF_FE_104#1,TF_FE_104,IDLE,,
FWD_BASE_T26820,TF_FE_104#2,TF_FE_104,IDLE,,
FWD_BASE_T26820,TF_FE_104#3,TF_FE_104,IDLE,,
FWD_BASE_T26820,TF_FE_104#4,TF_FE_104,IDLE,,
FWD_BASE_T26820,TF_FE_104#5,TF_FE_104,IDLE,,
FWD_BASE_T26820,TF_FE_104#6,TF_FE_104,IDLE,,
FWD_BASE_T26820,TF_FE_113#1,TF_FE_113,IDLE,,
FWD_BASE_T26820,TF_FE_113#2,TF_FE_113,IDLE,,
FWD_BASE_T26820,TF_FE_113#3,TF_FE_113,IDLE,,
FWD_BASE_T26820,TF_FE_131#1,TF_FE_131,IDLE,,
FWD_BASE_T26820,TF_FE_131#2,TF_FE_131,IDLE,,
FWD_BASE_T26820,TF_FE_131#3,TF_FE_131,IDLE,,
FWD_BASE_T26820,TF_FE_131#4,TF_FE_131,IDLE,,
FWD_BASE_T26820,TF_FE_131#5,TF_FE_131,IDLE,,
FWD_BASE_T26820,TF_FE_131#6,TF_FE_131,IDLE,,
FWD_BASE_T26820,TF_FE_131#7,TF_FE_131,IDLE,,
FWD_BASE_T26820,TF_FE_3#1,TF_FE_3,IDLE,,
FWD_BASE_T26820,TF_FE_3#2,TF_FE_3,IDLE,,
FWD_BASE_T26820,TF_FE_3#3,TF_FE_3,IDLE,,
FWD_BASE_T26820,TF_FE_5#1,TF_FE_5,IDLE,,
FWD_BASE_T26820,TF_FE_5#2,TF_FE_5,IDLE,,
FWD_BASE_T26820,TF_FE_5#3,TF_FE_5,IDLE,,
FWD_BASE_T26820,TF_FE_5#4,TF_FE_5,IDLE,,
FWD_BASE_T26820,TF_Met_FE_45#1,TF_Met_FE_45,RUN,,
FWD_BASE_T26820,TF_Met_FE_45#2,TF_Met_FE_45,IDLE,,
FWD_BASE_T26820,TF_Met_FE_61#1,TF_Met_FE_61,RUN,,
FWD_BASE_T26820,TF_Met_FE_61#2,TF_Met_FE_61,RUN,,
FWD_BASE_T26820,WE_BE_14#1,WE_BE_14,RUN,,
FWD_BASE_T26820,WE_BE_14#2,WE_BE_14,IDLE,,
FWD_BASE_T26820,WE_BE_16#1,WE_BE_16,IDLE,,
FWD_BASE_T26820,WE_BE_16#2,WE_BE_16,IDLE,,
FWD_BASE_T26820,WE_BE_16#3,WE_BE_16,IDLE,,
FWD_BASE_T26820,WE_BE_16#4,WE_BE_16,IDLE,,
FWD_BASE_T26820,WE_BE_16#5,WE_BE_16,IDLE,,
FWD_BASE_T26820,WE_BE_17#1,WE_BE_17,IDLE,,
FWD_BASE_T26820,WE_BE_17#2,WE_BE_17,IDLE,,
FWD_BASE_T26820,WE_BE_81#1,WE_BE_81,RUN,,
FWD_BASE_T26820,WE_BE_81#2,WE_BE_81,IDLE,,
FWD_BASE_T26820,WE_BE_82#1,WE_BE_82,RUN,,
FWD_BASE_T26820,WE_BE_82#10,WE_BE_82,IDLE,,
FWD_BASE_T26820,WE_BE_82#2,WE_BE_82,IDLE,,
FWD_BASE_T26820,WE_BE_82#3,WE_BE_82,IDLE,,
FWD_BASE_T26820,WE_BE_82#4,WE_BE_82,IDLE,,
FWD_BASE_T26820,WE_BE_9#1,WE_BE_9,IDLE,,
FWD_BASE_T26820,WE_BE_9#2,WE_BE_9,RUN,,
FWD_BASE_T26820,WE_BE_9#3,WE_BE_9,IDLE,,
FWD_BASE_T26820,WE_BE_9#4,WE_BE_9,IDLE,,
FWD_BASE_T26820,WE_BE_9#5,WE_BE_9,IDLE,,
FWD_BASE_T26820,WE_FE_108#1,WE_FE_108,RUN,,
FWD_BASE_T26820,WE_FE_108#10,WE_FE_108,RUN,,
FWD_BASE_T26820,WE_FE_108#11,WE_FE_108,RUN,,
FWD_BASE_T26820,WE_FE_108#12,WE_FE_108,RUN,,
FWD_BASE_T26820,WE_FE_108#13,WE_FE_108,IDLE,,
FWD_BASE_T26820,WE_FE_108#14,WE_FE_108,RUN,,
FWD_BASE_T26820,WE_FE_108#15,WE_FE_108,RUN,,
FWD_BASE_T26820,WE_FE_108#16,WE_FE_108,RUN,,
FWD_BASE_T26820,WE_FE_108#17,WE_FE_108,IDLE,,
FWD_BASE_T26820,WE_FE_108#18,WE_FE_108,RUN,,
FWD_BASE_T26820,WE_FE_108#19,WE_FE_108,RUN,,
FWD_BASE_T26820,WE_FE_108#2,WE_FE_108,IDLE,,
FWD_BASE_T26820,WE_FE_108#20,WE_FE_108,DOWN_PM,,
FWD_BASE_T26820,WE_FE_108#21,WE_FE_108,IDLE,,
FWD_BASE_T26820,WE_FE_108#22,WE_FE_108,RUN,,
FWD_BASE_T26820,WE_FE_108#23,WE_FE_108,RUN,,
FWD_BASE_T26820,WE_FE_108#24,WE_FE_108,IDLE,,
FWD_BASE_T26820,WE_FE_108#25,WE_FE_108,RUN,,
FWD_BASE_T26820,WE_FE_108#26,WE_FE_108,IDLE,,
FWD_BASE_T26820,WE_FE_108#27,WE_FE_108,IDLE,,
FWD_BASE_T26820,WE_FE_108#28,WE_FE_108,IDLE,,
FWD_BASE_T26820,WE_FE_108#29,WE_FE_108,IDLE,,
FWD_BASE_T26820,WE_FE_108#3,WE_FE_108,IDLE,,
FWD_BASE_T26820,WE_FE_108#30,WE_FE_108,IDLE,,
FWD_BASE_T26820,WE_FE_108#31,WE_FE_108,IDLE,,
FWD_BASE_T26820,WE_FE_108#32,WE_FE_108,IDLE,,
FWD_BASE_T26820,WE_FE_108#33,WE_FE_108,IDLE,,
FWD_BASE_T26820,WE_FE_108#34,WE_FE_108,IDLE,,
FWD_BASE_T26820,WE_FE_108#35,WE_FE_108,IDLE,,
FWD_BASE_T26820,WE_FE_108#36,WE_FE_108,IDLE,,
FWD_BASE_T26820,WE_FE_108#4,WE_FE_108,IDLE,,
FWD_BASE_T26820,WE_FE_108#5,WE_FE_108,IDLE,,
FWD_BASE_T26820,WE_FE_108#6,WE_FE_108,IDLE,,
FWD_BASE_T26820,WE_FE_41#1,WE_FE_41,IDLE,,
FWD_BASE_T26820,WE_FE_41#2,WE_FE_41,IDLE,,
FWD_BASE_T26820,WE_FE_41#3,WE_FE_41,IDLE,,
FWD_BASE_T26820,WE_FE_41#4,WE_FE_41,IDLE,,
FWD_BASE_T26820,WE_FE_41#5,WE_FE_41,IDLE,,
FWD_BASE_T26820,WE_FE_47#1,WE_FE_47,IDLE,,
FWD_BASE_T26820,WE_FE_47#2,WE_FE_47,RUN,,
FWD_BASE_T26820,WE_FE_47#3,WE_FE_47,IDLE,,
FWD_BASE_T26820,WE_FE_47#4,WE_FE_47,IDLE,,
FWD_BASE_T26820,WE_FE_47#5,WE_FE_47,IDLE,,
FWD_BASE_T26820,WE_FE_47#6,WE_FE_47,IDLE,,
FWD_BASE_T26820,WE_FE_8#1,WE_FE_8,RUN,,
FWD_BASE_T26820,WE_FE_8#2,WE_FE_8,IDLE,,
FWD_BASE_T26820,WE_FE_83#1,WE_FE_83,RUN,,
FWD_BASE_T26820,WE_FE_83#2,WE_FE_83,IDLE,,
FWD_BASE_T26820,WE_FE_83#3,WE_FE_83,RUN,,
FWD_BASE_T26820,WE_FE_83#4,WE_FE_83,IDLE,,
FWD_BASE_T26820,WE_FE_83#5,WE_FE_83,IDLE,,
FWD_BASE_T26820,WE_FE_83#6,WE_FE_83,IDLE,,
FWD_BASE_T26820,WE_FE_83#7,WE_FE_83,IDLE,,
FWD_BASE_T26820,WE_FE_84#1,WE_FE_84,RUN,,
FWD_BASE_T26820,WE_FE_84#10,WE_FE_84,IDLE,,
FWD_BASE_T26820,WE_FE_84#11,WE_FE_84,RUN,,
FWD_BASE_T26820,WE_FE_84#12,WE_FE_84,RUN,,
FWD_BASE_T26820,WE_FE_84#13,WE_FE_84,RUN,,
FWD_BASE_T26820,WE_FE_84#14,WE_FE_84,RUN,,
FWD_BASE_T26820,WE_FE_84#15,WE_FE_84,RUN,,
FWD_BASE_T26820,WE_FE_84#16,WE_FE_84,RUN,,
FWD_BASE_T26820,WE_FE_84#17,WE_FE_84,RUN,,
FWD_BASE_T26820,WE_FE_84#18,WE_FE_84,RUN,,
FWD_BASE_T26820,WE_FE_84#19,WE_FE_84,RUN,,
FWD_BASE_T26820,WE_FE_84#2,WE_FE_84,RUN,,
FWD_BASE_T26820,WE_FE_84#3,WE_FE_84,RUN,,
FWD_BASE_T26820,WE_FE_84#4,WE_FE_84,IDLE,,
FWD_BASE_T26820,WE_FE_84#5,WE_FE_84,IDLE,,
FWD_BASE_T26820,WE_FE_84#6,WE_FE_84,IDLE,,
FWD_BASE_T26820,WE_FE_84#7,WE_FE_84,IDLE,,
FWD_BASE_T26820,WE_FE_84#8,WE_FE_84,IDLE,,
FWD_BASE_T26820,WE_FE_84#9,WE_FE_84,IDLE,,
FWD_BASE_T26820,WE_FE_85#1,WE_FE_85,IDLE,,
FWD_BASE_T26820,WE_FE_85#2,WE_FE_85,IDLE,,
