scenario_id,tool_id,position,lot_id,route_id,step_seq,due_date_sim,priority
FWD_BASE_T26820,DefMEt_FE_118#1,1,Lot_Product_4_211,Route_Product_4,9,53237.77333333333,10
FWD_BASE_T26820,DefMEt_FE_118#1,2,Lot_Product_4_294,Route_Product_4,6,57424.66333333333,10
FWD_BASE_T26820,DefMEt_FE_118#1,3,Lot_Product_4_302,Route_Product_4,6,57838.183333333334,10
FWD_BASE_T26820,DefMEt_FE_118#1,4,Lot_Product_4_305,Route_Product_4,6,57993.25333333333,10
FWD_BASE_T26820,DefMEt_FE_118#1,5,Lot_Product_4_307,Route_Product_4,6,58096.63333333333,10
FWD_BASE_T26820,DefMEt_FE_118#1,6,Lot_Product_4_315,Route_Product_4,6,58510.15333333333,10
FWD_BASE_T26820,DefMEt_FE_118#1,7,Lot_Product_4_330,Route_Product_4,3,59233.81333333333,10
FWD_BASE_T26820,DefMEt_FE_118#1,8,Lot_Product_4_373,Route_Product_4,6,61404.793333333335,10
FWD_BASE_T26820,DefMEt_FE_118#1,9,Lot_Product_4_376,Route_Product_4,3,61559.86333333333,10
FWD_BASE_T26820,DefMEt_FE_118#1,10,Lot_Product_4_377,Route_Product_4,3,61611.55333333333,10
FWD_BASE_T26820,DefMEt_FE_118#1,11,Lot_Product_4_378,Route_Product_4,3,61663.24333333333,10
FWD_BASE_T26820,DefMEt_FE_118#1,12,Lot_Product_4_401,Route_Product_4,3,62800.42333333333,10
FWD_BASE_T26820,DefMEt_FE_118#1,13,Lot_Product_4_403,Route_Product_4,3,62903.80333333333,10
FWD_BASE_T26820,DefMEt_FE_118#1,14,Lot_Product_4_406,Route_Product_4,3,63058.87333333333,10
FWD_BASE_T26820,DefMEt_FE_118#1,15,Lot_Product_4_412,Route_Product_4,3,63369.01333333333,10
FWD_BASE_T26820,DefMEt_FE_118#1,16,Lot_Product_4_417,Route_Product_4,3,63627.46333333333,10
FWD_BASE_T26820,DefMEt_FE_118#1,17,Lot_Product_4_419,Route_Product_4,3,63730.84333333333,10
FWD_BASE_T26820,DefMEt_FE_118#1,18,Lot_Product_4_422,Route_Product_4,3,63885.91333333333,10
FWD_BASE_T26820,DefMEt_FE_118#1,19,Lot_Product_4_428,Route_Product_4,3,64196.05333333333,10
FWD_BASE_T26820,DefMEt_FE_118#1,20,Lot_Product_4_432,Route_Product_4,3,64402.81333333333,10
FWD_BASE_T26820,DefMEt_FE_118#1,21,Lot_Product_4_436,Route_Product_4,3,64609.573333333334,10
FWD_BASE_T26820,DefMEt_FE_118#1,22,Lot_Product_4_437,Route_Product_4,3,64661.26333333333,10
FWD_BASE_T26820,DefMEt_FE_118#1,23,Lot_Product_4_441,Route_Product_4,3,64816.33333333333,10
FWD_BASE_T26820,DefMEt_FE_118#1,24,Lot_Product_4_442,Route_Product_4,3,64868.02333333333,10
FWD_BASE_T26820,DefMEt_FE_118#1,25,Lot_Product_4_446,Route_Product_4,3,65074.783333333326,10
FWD_BASE_T26820,DefMEt_FE_118#1,26,Lot_Product_4_451,Route_Product_4,3,65333.23333333333,10
FWD_BASE_T26820,DefMEt_FE_118#1,27,Lot_Product_4_459,Route_Product_4,3,65746.75333333333,10
FWD_BASE_T26820,DefMEt_FE_118#1,28,Lot_Product_4_465,Route_Product_4,3,66056.89333333333,10
FWD_BASE_T26820,DefMEt_FE_118#1,29,Lot_Product_4_470,Route_Product_4,3,66315.34333333332,10
FWD_BASE_T26820,DefMEt_FE_118#1,30,Lot_Product_4_477,Route_Product_4,3,66677.17333333332,10
FWD_BASE_T26820,DefMEt_FE_118#1,31,Lot_Product_4_504,Route_Product_4,3,68021.11333333333,10
FWD_BASE_T26820,DefMEt_FE_118#1,32,Lot_Product_4_508,Route_Product_4,3,68227.87333333332,10
FWD_BASE_T26820,DefMEt_FE_118#1,33,Lot_Product_3_281,Route_Product_3,6,88530.194,10
FWD_BASE_T26820,DefMEt_FE_118#1,34,Lot_Product_3_290,Route_Product_3,6,88995.40400000001,10
FWD_BASE_T26820,DefMEt_FE_118#1,35,Lot_Product_3_297,Route_Product_3,6,89357.234,10
FWD_BASE_T26820,DefMEt_FE_118#1,36,Lot_Product_3_302,Route_Product_3,6,89615.68400000001,10
FWD_BASE_T26820,DefMEt_FE_118#1,37,Lot_Product_3_323,Route_Product_3,6,90649.484,10
FWD_BASE_T26820,DefMEt_FE_118#1,38,Lot_Product_3_351,Route_Product_3,3,92096.804,10
FWD_BASE_T26820,DefMEt_FE_118#1,39,Lot_Product_3_356,Route_Product_3,3,92355.254,10
FWD_BASE_T26820,DefMEt_FE_118#1,40,Lot_Product_3_370,Route_Product_3,3,93027.224,10
FWD_BASE_T26820,DefMEt_FE_118#1,41,Lot_Product_3_383,Route_Product_3,3,93699.194,10
FWD_BASE_T26820,DefMEt_FE_118#1,42,Lot_Product_3_387,Route_Product_3,3,93905.954,10
FWD_BASE_T26820,DefMEt_FE_118#1,43,Lot_Product_3_395,Route_Product_3,3,94319.474,10
FWD_BASE_T26820,DefMEt_FE_118#1,44,Lot_Product_3_406,Route_Product_3,3,94836.37400000001,10
FWD_BASE_T26820,DefMEt_FE_118#1,45,Lot_Product_3_408,Route_Product_3,3,94939.754,10
FWD_BASE_T26820,DefMEt_FE_118#1,46,Lot_Product_3_412,Route_Product_3,3,95146.514,10
FWD_BASE_T26820,DefMEt_FE_118#1,47,Lot_Product_3_419,Route_Product_3,3,95508.34400000001,10
FWD_BASE_T26820,DefMEt_FE_118#1,48,Lot_Product_3_422,Route_Product_3,3,95663.414,10
FWD_BASE_T26820,DefMEt_FE_118#1,49,Lot_Product_3_428,Route_Product_3,3,95973.554,10
FWD_BASE_T26820,DefMEt_FE_118#1,50,Lot_Product_3_431,Route_Product_3,3,96128.62400000001,10
FWD_BASE_T26820,DefMEt_FE_118#1,51,Lot_Product_3_436,Route_Product_3,3,96387.07400000001,10
FWD_BASE_T26820,DefMEt_FE_118#1,52,Lot_Product_3_446,Route_Product_3,3,96852.284,10
FWD_BASE_T26820,DefMEt_FE_118#1,53,Lot_Product_3_450,Route_Product_3,3,97059.04400000001,10
FWD_BASE_T26820,DefMEt_FE_118#1,54,Lot_Product_3_454,Route_Product_3,3,97265.804,10
FWD_BASE_T26820,DefMEt_FE_118#1,55,Lot_Product_3_456,Route_Product_3,3,97369.18400000001,10
FWD_BASE_T26820,DefMEt_FE_118#1,56,Lot_Product_3_459,Route_Product_3,3,97524.254,10
FWD_BASE_T26820,DefMEt_FE_118#1,57,Lot_Product_3_463,Route_Product_3,3,97731.014,10
FWD_BASE_T26820,DefMEt_FE_118#1,58,Lot_Product_3_465,Route_Product_3,3,97834.394,10
FWD_BASE_T26820,DefMEt_FE_118#1,59,Lot_Product_3_472,Route_Product_3,3,98196.224,10
FWD_BASE_T26820,DefMEt_FE_118#1,60,Lot_Product_3_486,Route_Product_3,3,98868.194,10
FWD_BASE_T26820,DefMEt_FE_118#1,61,Lot_Product_3_488,Route_Product_3,3,98971.57400000001,10
FWD_BASE_T26820,DefMEt_FE_118#1,62,Lot_Product_3_497,Route_Product_3,3,99436.784,10
FWD_BASE_T26820,Diffusion_FE_120#1,1,Lot_Product_4_160,Route_Product_4,1,36765.85533333333,20
FWD_BASE_T26820,Diffusion_FE_120#1,2,Lot_Product_4_17,Route_Product_4,1,43468.363333333335,10
FWD_BASE_T26820,Diffusion_FE_120#1,3,Lot_Product_4_39,Route_Product_4,1,44605.543333333335,10
FWD_BASE_T26820,Diffusion_FE_120#1,4,Lot_Product_4_320,Route_Product_4,1,44829.85533333333,20
FWD_BASE_T26820,Diffusion_FE_120#1,5,Lot_Product_4_57,Route_Product_4,1,45484.27333333333,10
FWD_BASE_T26820,Diffusion_FE_120#1,6,Lot_Product_4_64,Route_Product_4,96,45846.10333333333,10
FWD_BASE_T26820,Diffusion_FE_120#1,7,Lot_Product_4_67,Route_Product_4,96,46001.17333333333,10
FWD_BASE_T26820,Diffusion_FE_120#1,8,Lot_Product_4_77,Route_Product_4,1,46518.073333333334,10
FWD_BASE_T26820,Diffusion_FE_120#1,9,Lot_Product_4_79,Route_Product_4,1,46621.45333333333,10
FWD_BASE_T26820,Diffusion_FE_120#1,10,Lot_Product_4_360,Route_Product_4,1,46845.85533333333,20
FWD_BASE_T26820,Diffusion_FE_120#1,11,Lot_Product_4_93,Route_Product_4,1,47293.42333333333,10
FWD_BASE_T26820,Diffusion_FE_120#1,12,Lot_Product_4_95,Route_Product_4,1,47396.80333333333,10
FWD_BASE_T26820,Diffusion_FE_120#1,13,Lot_Product_4_97,Route_Product_4,1,47500.183333333334,10
FWD_BASE_T26820,Diffusion_FE_120#1,14,Lot_Product_4_100,Route_Product_4,1,47655.253333333334,10
FWD_BASE_T26820,Diffusion_FE_120#1,15,Lot_Product_4_101,Route_Product_4,1,47706.94333333333,10
FWD_BASE_T26820,Diffusion_FE_120#1,16,Lot_Product_4_102,Route_Product_4,1,47758.63333333333,10
FWD_BASE_T26820,Diffusion_FE_120#1,17,Lot_Product_4_106,Route_Product_4,1,47965.39333333333,10
FWD_BASE_T26820,Diffusion_FE_120#1,18,HotLot_3,Route_Product_3,1,48012.433333333334,20
FWD_BASE_T26820,Diffusion_FE_120#1,19,SuperHotLot,Route_Product_3,1,48012.43666666667,30
FWD_BASE_T26820,Diffusion_FE_120#1,20,Lot_Product_4_107,Route_Product_4,1,48017.08333333333,10
FWD_BASE_T26820,Diffusion_FE_120#1,21,Lot_Product_4_110,Route_Product_4,1,48172.15333333333,10
FWD_BASE_T26820,Diffusion_FE_120#1,22,Lot_Product_4_118,Route_Product_4,1,48585.67333333333,10
FWD_BASE_T26820,Diffusion_FE_120#1,23,Lot_Product_4_121,Route_Product_4,1,48689.05333333333,10
FWD_BASE_T26820,Diffusion_FE_120#1,24,Lot_Product_4_124,Route_Product_4,1,48844.12333333333,10
FWD_BASE_T26820,Diffusion_FE_120#1,25,Lot_Product_4_400,Route_Product_4,1,48861.85533333333,20
FWD_BASE_T26820,Diffusion_FE_120#1,26,Lot_Product_4_128,Route_Product_4,1,49050.88333333333,10
FWD_BASE_T26820,Diffusion_FE_120#1,27,Lot_Product_4_129,Route_Product_4,1,49102.573333333334,10
FWD_BASE_T26820,Diffusion_FE_120#1,28,Lot_Product_4_130,Route_Product_4,1,49154.26333333333,10
FWD_BASE_T26820,Diffusion_FE_120#1,29,Lot_Product_4_134,Route_Product_4,96,49361.02333333333,10
FWD_BASE_T26820,Diffusion_FE_120#1,30,Lot_Product_3_40,Route_Product_3,1,50028.433333333334,20
FWD_BASE_T26820,Diffusion_FE_120#1,31,Lot_Product_4_147,Route_Product_4,96,50032.99333333333,10
FWD_BASE_T26820,Diffusion_FE_120#1,32,Lot_Product_4_148,Route_Product_4,96,50084.683333333334,10
FWD_BASE_T26820,Diffusion_FE_120#1,33,Lot_Product_4_152,Route_Product_4,1,50291.44333333333,10
FWD_BASE_T26820,Diffusion_FE_120#1,34,Lot_Product_4_153,Route_Product_4,1,50343.13333333333,10
FWD_BASE_T26820,Diffusion_FE_120#1,35,Lot_Product_4_155,Route_Product_4,1,50446.51333333333,10
FWD_BASE_T26820,Diffusion_FE_120#1,36,Lot_Product_4_162,Route_Product_4,1,50756.65333333333,10
FWD_BASE_T26820,Diffusion_FE_120#1,37,Lot_Product_4_163,Route_Product_4,1,50808.34333333333,10
FWD_BASE_T26820,Diffusion_FE_120#1,38,Lot_Product_4_164,Route_Product_4,1,50860.03333333333,10
FWD_BASE_T26820,Diffusion_FE_120#1,39,Lot_Product_4_167,Route_Product_4,1,51015.10333333333,10
FWD_BASE_T26820,Diffusion_FE_120#1,40,Lot_Product_4_168,Route_Product_4,1,51066.793333333335,10
FWD_BASE_T26820,Diffusion_FE_120#1,41,Lot_Product_4_170,Route_Product_4,1,51170.17333333333,10
FWD_BASE_T26820,Diffusion_FE_120#1,42,Lot_Product_3_80,Route_Product_3,1,52044.433333333334,20
FWD_BASE_T26820,Diffusion_FE_120#1,43,Lot_Product_4_207,Route_Product_4,1,53031.01333333333,10
FWD_BASE_T26820,Diffusion_FE_120#1,44,Lot_Product_4_208,Route_Product_4,1,53082.70333333333,10
FWD_BASE_T26820,Diffusion_FE_120#1,45,Lot_Product_4_209,Route_Product_4,1,53134.39333333333,10
FWD_BASE_T26820,Diffusion_FE_120#1,46,Lot_Product_4_215,Route_Product_4,1,53444.53333333333,10
FWD_BASE_T26820,Diffusion_FE_120#1,47,Lot_Product_4_217,Route_Product_4,1,53547.91333333333,10
FWD_BASE_T26820,Diffusion_FE_120#1,48,Lot_Product_4_223,Route_Product_4,1,53858.05333333333,10
FWD_BASE_T26820,Diffusion_FE_120#1,49,Lot_Product_4_227,Route_Product_4,1,54064.81333333333,10
FWD_BASE_T26820,Diffusion_FE_120#1,50,Lot_Product_4_238,Route_Product_4,1,54633.40333333333,10
FWD_BASE_T26820,Diffusion_FE_120#1,51,Lot_Product_4_244,Route_Product_4,1,54891.85333333333,10
FWD_BASE_T26820,Diffusion_FE_120#1,52,Lot_Product_4_520,Route_Product_4,1,54909.85533333333,20
FWD_BASE_T26820,Diffusion_FE_120#1,53,Lot_Product_4_247,Route_Product_4,1,55046.92333333333,10
FWD_BASE_T26820,Diffusion_FE_120#1,54,Lot_Product_4_248,Route_Product_4,1,55098.61333333333,10
FWD_BASE_T26820,Diffusion_FE_120#1,55,Lot_Product_4_263,Route_Product_4,1,55873.96333333333,10
FWD_BASE_T26820,Diffusion_FE_120#1,56,Lot_Product_4_271,Route_Product_4,1,56287.48333333333,10
FWD_BASE_T26820,Diffusion_FE_120#1,57,Lot_Product_4_275,Route_Product_4,1,56494.24333333333,10
FWD_BASE_T26820,Diffusion_FE_120#1,58,Lot_Product_4_278,Route_Product_4,1,56649.31333333333,10
FWD_BASE_T26820,Diffusion_FE_120#1,59,Lot_Product_4_282,Route_Product_4,1,56804.38333333333,10
FWD_BASE_T26820,Diffusion_FE_120#1,60,Lot_Product_4_285,Route_Product_4,1,56959.45333333333,10
FWD_BASE_T26820,Diffusion_FE_120#1,61,Lot_Product_4_286,Route_Product_4,1,57011.14333333333,10
FWD_BASE_T26820,Diffusion_FE_120#1,62,Lot_Product_4_287,Route_Product_4,1,57062.83333333333,10
FWD_BASE_T26820,Diffusion_FE_120#1,63,Lot_Product_4_289,Route_Product_4,1,57166.21333333333,10
FWD_BASE_T26820,Diffusion_FE_120#1,64,Lot_Product_4_290,Route_Product_4,1,57217.90333333333,10
FWD_BASE_T26820,Diffusion_FE_120#1,65,Lot_Product_4_291,Route_Product_4,1,57269.59333333333,10
FWD_BASE_T26820,Diffusion_FE_120#1,66,Lot_Product_4_296,Route_Product_4,1,57528.043333333335,10
FWD_BASE_T26820,Diffusion_FE_120#1,67,Lot_Product_4_297,Route_Product_4,1,57579.73333333333,10
FWD_BASE_T26820,Diffusion_FE_120#1,68,Lot_Product_4_299,Route_Product_4,1,57683.11333333333,10
FWD_BASE_T26820,Diffusion_FE_120#1,69,Lot_Product_4_300,Route_Product_4,1,57734.80333333333,10
FWD_BASE_T26820,Diffusion_FE_120#1,70,Lot_Product_4_303,Route_Product_4,1,57889.87333333333,10
FWD_BASE_T26820,Diffusion_FE_120#1,71,Lot_Product_4_304,Route_Product_4,1,57941.56333333333,10
FWD_BASE_T26820,Diffusion_FE_120#1,72,Lot_Product_4_306,Route_Product_4,1,58044.94333333333,10
FWD_BASE_T26820,Diffusion_FE_120#1,73,Lot_Product_3_200,Route_Product_3,1,58092.433333333334,20
FWD_BASE_T26820,Diffusion_FE_120#1,74,Lot_Product_4_308,Route_Product_4,1,58148.323333333334,10
FWD_BASE_T26820,Diffusion_FE_120#1,75,Lot_Product_4_309,Route_Product_4,1,58200.01333333333,10
FWD_BASE_T26820,Diffusion_FE_120#1,76,Lot_Product_4_310,Route_Product_4,1,58251.70333333333,10
FWD_BASE_T26820,Diffusion_FE_120#1,77,Lot_Product_4_312,Route_Product_4,1,58355.08333333333,10
FWD_BASE_T26820,Diffusion_FE_120#1,78,Lot_Product_4_313,Route_Product_4,1,58406.77333333333,10
FWD_BASE_T26820,Diffusion_FE_120#1,79,Lot_Product_4_314,Route_Product_4,1,58458.46333333333,10
FWD_BASE_T26820,Diffusion_FE_120#1,80,Lot_Product_4_316,Route_Product_4,1,58561.84333333333,10
FWD_BASE_T26820,Diffusion_FE_120#1,81,Lot_Product_4_317,Route_Product_4,1,58613.53333333333,10
FWD_BASE_T26820,Diffusion_FE_120#1,82,Lot_Product_4_318,Route_Product_4,1,58665.22333333333,10
FWD_BASE_T26820,Diffusion_FE_120#1,83,Lot_Product_4_319,Route_Product_4,1,58716.91333333333,10
FWD_BASE_T26820,Diffusion_FE_120#1,84,Lot_Product_4_322,Route_Product_4,1,58820.293333333335,10
FWD_BASE_T26820,Diffusion_FE_120#1,85,Lot_Product_4_323,Route_Product_4,1,58871.98333333333,10
FWD_BASE_T26820,Diffusion_FE_120#1,86,Lot_Product_4_324,Route_Product_4,1,58923.67333333333,10
FWD_BASE_T26820,Diffusion_FE_120#1,87,Lot_Product_4_325,Route_Product_4,1,58975.36333333333,10
FWD_BASE_T26820,Diffusion_FE_120#1,88,Lot_Product_4_326,Route_Product_4,1,59027.05333333333,10
FWD_BASE_T26820,Diffusion_FE_120#1,89,Lot_Product_4_327,Route_Product_4,1,59078.74333333333,10
FWD_BASE_T26820,Diffusion_FE_120#1,90,Lot_Product_4_328,Route_Product_4,1,59130.433333333334,10
FWD_BASE_T26820,Diffusion_FE_120#1,91,Lot_Product_4_329,Route_Product_4,1,59182.12333333333,10
FWD_BASE_T26820,Diffusion_FE_120#1,92,Lot_Product_4_331,Route_Product_4,1,59285.50333333333,10
FWD_BASE_T26820,Diffusion_FE_120#1,93,Lot_Product_4_332,Route_Product_4,1,59337.19333333333,10
FWD_BASE_T26820,Diffusion_FE_120#1,94,Lot_Product_4_333,Route_Product_4,1,59388.88333333333,10
FWD_BASE_T26820,Diffusion_FE_120#1,95,Lot_Product_4_334,Route_Product_4,1,59440.573333333334,10
FWD_BASE_T26820,Diffusion_FE_120#1,96,Lot_Product_4_336,Route_Product_4,1,59543.95333333333,10
FWD_BASE_T26820,Diffusion_FE_120#1,97,Lot_Product_4_339,Route_Product_4,1,59699.02333333333,10
FWD_BASE_T26820,Diffusion_FE_120#1,98,Lot_Product_4_340,Route_Product_4,1,59750.71333333333,10
FWD_BASE_T26820,Diffusion_FE_120#1,99,Lot_Product_4_341,Route_Product_4,1,59802.403333333335,10
FWD_BASE_T26820,Diffusion_FE_120#1,100,Lot_Product_4_342,Route_Product_4,1,59854.09333333333,10
FWD_BASE_T26820,Diffusion_FE_120#1,101,Lot_Product_4_343,Route_Product_4,1,59905.783333333326,10
FWD_BASE_T26820,Diffusion_FE_120#1,102,Lot_Product_4_344,Route_Product_4,1,59957.47333333333,10
FWD_BASE_T26820,Diffusion_FE_120#1,103,Lot_Product_4_345,Route_Product_4,1,60009.16333333333,10
FWD_BASE_T26820,Diffusion_FE_120#1,104,Lot_Product_4_346,Route_Product_4,1,60060.85333333333,10
FWD_BASE_T26820,Diffusion_FE_120#1,105,Lot_Product_4_347,Route_Product_4,1,60112.543333333335,10
FWD_BASE_T26820,Diffusion_FE_120#1,106,Lot_Product_4_348,Route_Product_4,1,60164.23333333333,10
FWD_BASE_T26820,Diffusion_FE_120#1,107,Lot_Product_4_350,Route_Product_4,1,60267.61333333333,10
FWD_BASE_T26820,Diffusion_FE_120#1,108,Lot_Product_4_352,Route_Product_4,1,60370.99333333333,10
FWD_BASE_T26820,Diffusion_FE_120#1,109,Lot_Product_4_353,Route_Product_4,1,60422.683333333334,10
FWD_BASE_T26820,Diffusion_FE_120#1,110,Lot_Product_4_357,Route_Product_4,1,60629.44333333333,10
FWD_BASE_T26820,Diffusion_FE_120#1,111,Lot_Product_4_358,Route_Product_4,1,60681.13333333333,10
FWD_BASE_T26820,Diffusion_FE_120#1,112,Lot_Product_4_359,Route_Product_4,1,60732.823333333334,10
FWD_BASE_T26820,Diffusion_FE_120#1,113,Lot_Product_4_363,Route_Product_4,1,60887.893333333326,10
FWD_BASE_T26820,Diffusion_FE_120#1,114,Lot_Product_4_364,Route_Product_4,1,60939.58333333333,10
FWD_BASE_T26820,Diffusion_FE_120#1,115,Lot_Product_4_365,Route_Product_4,1,60991.27333333333,10
FWD_BASE_T26820,Diffusion_FE_120#1,116,Lot_Product_4_366,Route_Product_4,1,61042.96333333333,10
FWD_BASE_T26820,Diffusion_FE_120#1,117,Lot_Product_4_367,Route_Product_4,1,61094.653333333335,10
FWD_BASE_T26820,Diffusion_FE_120#1,118,Lot_Product_4_368,Route_Product_4,1,61146.34333333333,10
FWD_BASE_T26820,Diffusion_FE_120#1,119,Lot_Product_4_369,Route_Product_4,1,61198.033333333326,10
FWD_BASE_T26820,Diffusion_FE_120#1,120,Lot_Product_4_370,Route_Product_4,1,61249.72333333333,10
FWD_BASE_T26820,Diffusion_FE_120#1,121,Lot_Product_4_372,Route_Product_4,1,61353.10333333333,10
FWD_BASE_T26820,Diffusion_FE_120#1,122,Lot_Product_4_374,Route_Product_4,1,61456.48333333333,10
FWD_BASE_T26820,Diffusion_FE_120#1,123,Lot_Product_4_375,Route_Product_4,1,61508.17333333333,10
FWD_BASE_T26820,Diffusion_FE_120#1,124,Lot_Product_4_379,Route_Product_4,1,61714.933333333334,10
FWD_BASE_T26820,Diffusion_FE_120#1,125,Lot_Product_4_380,Route_Product_4,1,61766.62333333333,10
FWD_BASE_T26820,Diffusion_FE_120#1,126,Lot_Product_4_381,Route_Product_4,1,61818.31333333333,10
FWD_BASE_T26820,Diffusion_FE_120#1,127,Lot_Product_4_383,Route_Product_4,1,61921.69333333333,10
FWD_BASE_T26820,Diffusion_FE_120#1,128,Lot_Product_4_384,Route_Product_4,1,61973.38333333333,10
FWD_BASE_T26820,Diffusion_FE_120#1,129,Lot_Product_4_387,Route_Product_4,1,62128.45333333333,10
FWD_BASE_T26820,Diffusion_FE_120#1,130,Lot_Product_4_388,Route_Product_4,1,62180.143333333326,10
FWD_BASE_T26820,Diffusion_FE_120#1,131,Lot_Product_4_389,Route_Product_4,1,62231.83333333333,10
FWD_BASE_T26820,Diffusion_FE_120#1,132,Lot_Product_4_390,Route_Product_4,1,62283.52333333333,10
FWD_BASE_T26820,Diffusion_FE_120#1,133,Lot_Product_4_392,Route_Product_4,1,62386.903333333335,10
FWD_BASE_T26820,Diffusion_FE_120#1,134,Lot_Product_4_393,Route_Product_4,1,62438.59333333333,10
FWD_BASE_T26820,Diffusion_FE_120#1,135,Lot_Product_4_395,Route_Product_4,1,62541.97333333333,10
FWD_BASE_T26820,Diffusion_FE_120#1,136,Lot_Product_4_398,Route_Product_4,1,62697.043333333335,10
FWD_BASE_T26820,Diffusion_FE_120#1,137,Lot_Product_4_399,Route_Product_4,1,62748.73333333333,10
FWD_BASE_T26820,Diffusion_FE_120#1,138,Lot_Product_4_402,Route_Product_4,1,62852.11333333333,10
FWD_BASE_T26820,Diffusion_FE_120#1,139,Lot_Product_4_404,Route_Product_4,1,62955.49333333333,10
FWD_BASE_T26820,Diffusion_FE_120#1,140,Lot_Product_4_405,Route_Product_4,1,63007.183333333334,10
FWD_BASE_T26820,Diffusion_FE_120#1,141,Lot_Product_4_407,Route_Product_4,1,63110.56333333333,10
FWD_BASE_T26820,Diffusion_FE_120#1,142,Lot_Product_4_408,Route_Product_4,1,63162.25333333333,10
FWD_BASE_T26820,Diffusion_FE_120#1,143,Lot_Product_4_409,Route_Product_4,1,63213.94333333333,10
FWD_BASE_T26820,Diffusion_FE_120#1,144,Lot_Product_4_410,Route_Product_4,1,63265.63333333333,10
FWD_BASE_T26820,Diffusion_FE_120#1,145,Lot_Product_4_411,Route_Product_4,1,63317.323333333334,10
FWD_BASE_T26820,Diffusion_FE_120#1,146,Lot_Product_4_413,Route_Product_4,1,63420.70333333333,10
FWD_BASE_T26820,Diffusion_FE_120#1,147,Lot_Product_4_414,Route_Product_4,1,63472.393333333326,10
FWD_BASE_T26820,Diffusion_FE_120#1,148,Lot_Product_4_415,Route_Product_4,1,63524.08333333333,10
FWD_BASE_T26820,Diffusion_FE_120#1,149,Lot_Product_4_416,Route_Product_4,1,63575.77333333333,10
FWD_BASE_T26820,Diffusion_FE_120#1,150,Lot_Product_4_418,Route_Product_4,1,63679.153333333335,10
FWD_BASE_T26820,Diffusion_FE_120#1,151,Lot_Product_4_420,Route_Product_4,1,63782.533333333326,10
FWD_BASE_T26820,Diffusion_FE_120#1,152,Lot_Product_4_421,Route_Product_4,1,63834.22333333333,10
FWD_BASE_T26820,Diffusion_FE_120#1,153,Lot_Product_4_423,Route_Product_4,1,63937.60333333333,10
FWD_BASE_T26820,Diffusion_FE_120#1,154,Lot_Product_4_424,Route_Product_4,1,63989.293333333335,10
FWD_BASE_T26820,Diffusion_FE_120#1,155,Lot_Product_4_425,Route_Product_4,1,64040.98333333333,10
FWD_BASE_T26820,Diffusion_FE_120#1,156,Lot_Product_4_426,Route_Product_4,1,64092.67333333333,10
FWD_BASE_T26820,Diffusion_FE_120#1,157,Lot_Product_4_427,Route_Product_4,1,64144.36333333333,10
FWD_BASE_T26820,Diffusion_FE_120#1,158,Lot_Product_4_429,Route_Product_4,1,64247.74333333333,10
FWD_BASE_T26820,Diffusion_FE_120#1,159,Lot_Product_4_430,Route_Product_4,1,64299.433333333334,10
FWD_BASE_T26820,Diffusion_FE_120#1,160,Lot_Product_4_431,Route_Product_4,1,64351.12333333333,10
FWD_BASE_T26820,Diffusion_FE_120#1,161,Lot_Product_4_433,Route_Product_4,1,64454.50333333333,10
FWD_BASE_T26820,Diffusion_FE_120#1,162,Lot_Product_4_434,Route_Product_4,1,64506.19333333333,10
FWD_BASE_T26820,Diffusion_FE_120#1,163,Lot_Product_4_435,Route_Product_4,1,64557.88333333333,10
FWD_BASE_T26820,Diffusion_FE_120#1,164,Lot_Product_4_438,Route_Product_4,1,64712.95333333333,10
FWD_BASE_T26820,Diffusion_FE_120#1,165,Lot_Product_4_439,Route_Product_4,1,64764.643333333326,10
FWD_BASE_T26820,Diffusion_FE_120#1,166,Lot_Product_4_443,Route_Product_4,1,64919.71333333333,10
FWD_BASE_T26820,Diffusion_FE_120#1,167,Lot_Product_4_444,Route_Product_4,1,64971.403333333335,10
FWD_BASE_T26820,Diffusion_FE_120#1,168,Lot_Product_4_445,Route_Product_4,1,65023.09333333333,10
FWD_BASE_T26820,Diffusion_FE_120#1,169,Lot_Product_4_447,Route_Product_4,1,65126.47333333333,10
FWD_BASE_T26820,Diffusion_FE_120#1,170,Lot_Product_4_448,Route_Product_4,1,65178.16333333333,10
FWD_BASE_T26820,Diffusion_FE_120#1,171,Lot_Product_4_449,Route_Product_4,1,65229.85333333333,10
FWD_BASE_T26820,Diffusion_FE_120#1,172,Lot_Product_4_450,Route_Product_4,1,65281.543333333335,10
FWD_BASE_T26820,Diffusion_FE_120#1,173,Lot_Product_4_452,Route_Product_4,1,65384.923333333325,10
FWD_BASE_T26820,Diffusion_FE_120#1,174,Lot_Product_4_453,Route_Product_4,1,65436.61333333333,10
FWD_BASE_T26820,Diffusion_FE_120#1,175,Lot_Product_4_454,Route_Product_4,1,65488.30333333333,10
FWD_BASE_T26820,Diffusion_FE_120#1,176,Lot_Product_4_455,Route_Product_4,1,65539.99333333333,10
FWD_BASE_T26820,Diffusion_FE_120#1,177,Lot_Product_4_456,Route_Product_4,1,65591.68333333333,10
FWD_BASE_T26820,Diffusion_FE_120#1,178,Lot_Product_4_457,Route_Product_4,1,65643.37333333332,10
FWD_BASE_T26820,Diffusion_FE_120#1,179,Lot_Product_4_458,Route_Product_4,1,65695.06333333332,10
FWD_BASE_T26820,Diffusion_FE_120#1,180,Lot_Product_4_460,Route_Product_4,1,65798.44333333333,10
FWD_BASE_T26820,Diffusion_FE_120#1,181,Lot_Product_4_461,Route_Product_4,1,65850.13333333333,10
FWD_BASE_T26820,Diffusion_FE_120#1,182,Lot_Product_4_462,Route_Product_4,1,65901.82333333333,10
FWD_BASE_T26820,Diffusion_FE_120#1,183,Lot_Product_4_463,Route_Product_4,1,65953.51333333334,10
FWD_BASE_T26820,Diffusion_FE_120#1,184,Lot_Product_4_464,Route_Product_4,1,66005.20333333334,10
FWD_BASE_T26820,Diffusion_FE_120#1,185,Lot_Product_4_466,Route_Product_4,1,66108.58333333333,10
FWD_BASE_T26820,Diffusion_FE_120#1,186,Lot_Product_4_467,Route_Product_4,1,66160.27333333333,10
FWD_BASE_T26820,Diffusion_FE_120#1,187,Lot_Product_4_468,Route_Product_4,1,66211.96333333333,10
FWD_BASE_T26820,Diffusion_FE_120#1,188,Lot_Product_4_469,Route_Product_4,1,66263.65333333334,10
FWD_BASE_T26820,Diffusion_FE_120#1,189,Lot_Product_4_471,Route_Product_4,1,66367.03333333333,10
FWD_BASE_T26820,Diffusion_FE_120#1,190,Lot_Product_4_472,Route_Product_4,1,66418.72333333333,10
FWD_BASE_T26820,Diffusion_FE_120#1,191,Lot_Product_4_473,Route_Product_4,1,66470.41333333333,10
FWD_BASE_T26820,Diffusion_FE_120#1,192,Lot_Product_4_474,Route_Product_4,1,66522.10333333333,10
FWD_BASE_T26820,Diffusion_FE_120#1,193,Lot_Product_4_475,Route_Product_4,1,66573.79333333333,10
FWD_BASE_T26820,Diffusion_FE_120#1,194,Lot_Product_4_476,Route_Product_4,1,66625.48333333334,10
FWD_BASE_T26820,Diffusion_FE_120#1,195,Lot_Product_4_478,Route_Product_4,1,66728.86333333333,10
FWD_BASE_T26820,Diffusion_FE_120#1,196,Lot_Product_4_479,Route_Product_4,1,66780.55333333333,10
FWD_BASE_T26820,Diffusion_FE_120#1,197,Lot_Product_4_481,Route_Product_4,1,66832.24333333333,10
FWD_BASE_T26820,Diffusion_FE_120#1,198,Lot_Product_4_482,Route_Product_4,1,66883.93333333333,10
FWD_BASE_T26820,Diffusion_FE_120#1,199,Lot_Product_4_483,Route_Product_4,1,66935.62333333332,10
FWD_BASE_T26820,Diffusion_FE_120#1,200,Lot_Product_4_484,Route_Product_4,1,66987.31333333332,10
FWD_BASE_T26820,Diffusion_FE_120#1,201,Lot_Product_4_485,Route_Product_4,1,67039.00333333333,10
FWD_BASE_T26820,Diffusion_FE_120#1,202,Lot_Product_4_486,Route_Product_4,1,67090.69333333333,10
FWD_BASE_T26820,Diffusion_FE_120#1,203,Lot_Product_4_487,Route_Product_4,1,67142.38333333333,10
FWD_BASE_T26820,Diffusion_FE_120#1,204,Lot_Product_4_488,Route_Product_4,1,67194.07333333333,10
FWD_BASE_T26820,Diffusion_FE_120#1,205,Lot_Product_4_489,Route_Product_4,1,67245.76333333334,10
FWD_BASE_T26820,Diffusion_FE_120#1,206,Lot_Product_4_490,Route_Product_4,1,67297.45333333334,10
FWD_BASE_T26820,Diffusion_FE_120#1,207,Lot_Product_4_491,Route_Product_4,1,67349.14333333333,10
FWD_BASE_T26820,Diffusion_FE_120#1,208,Lot_Product_4_492,Route_Product_4,1,67400.83333333333,10
FWD_BASE_T26820,Diffusion_FE_120#1,209,Lot_Product_4_493,Route_Product_4,1,67452.52333333333,10
FWD_BASE_T26820,Diffusion_FE_120#1,210,Lot_Product_4_494,Route_Product_4,1,67504.21333333333,10
FWD_BASE_T26820,Diffusion_FE_120#1,211,Lot_Product_4_495,Route_Product_4,1,67555.90333333334,10
FWD_BASE_T26820,Diffusion_FE_120#1,212,Lot_Product_4_496,Route_Product_4,1,67607.59333333332,10
FWD_BASE_T26820,Diffusion_FE_120#1,213,Lot_Product_4_497,Route_Product_4,1,67659.28333333333,10
FWD_BASE_T26820,Diffusion_FE_120#1,214,Lot_Product_4_498,Route_Product_4,1,67710.97333333333,10
FWD_BASE_T26820,Diffusion_FE_120#1,215,Lot_Product_4_499,Route_Product_4,1,67762.66333333333,10
FWD_BASE_T26820,Diffusion_FE_120#1,216,Lot_Product_4_500,Route_Product_4,1,67814.35333333333,10
FWD_BASE_T26820,Diffusion_FE_120#1,217,Lot_Product_4_501,Route_Product_4,1,67866.04333333333,10
FWD_BASE_T26820,Diffusion_FE_120#1,218,Lot_Product_4_502,Route_Product_4,1,67917.73333333334,10
FWD_BASE_T26820,Diffusion_FE_120#1,219,Lot_Product_4_503,Route_Product_4,1,67969.42333333332,10
FWD_BASE_T26820,Diffusion_FE_120#1,220,Lot_Product_4_505,Route_Product_4,1,68072.80333333333,10
FWD_BASE_T26820,Diffusion_FE_120#1,221,Lot_Product_4_506,Route_Product_4,1,68124.49333333333,10
FWD_BASE_T26820,Diffusion_FE_120#1,222,Lot_Product_4_507,Route_Product_4,1,68176.18333333333,10
FWD_BASE_T26820,Diffusion_FE_120#1,223,Lot_Product_4_509,Route_Product_4,1,68279.56333333332,10
FWD_BASE_T26820,Diffusion_FE_120#1,224,Lot_Product_4_510,Route_Product_4,1,68331.25333333333,10
FWD_BASE_T26820,Diffusion_FE_120#1,225,Lot_Product_4_511,Route_Product_4,1,68382.94333333333,10
FWD_BASE_T26820,Diffusion_FE_120#1,226,Lot_Product_4_512,Route_Product_4,1,68434.63333333333,10
FWD_BASE_T26820,Diffusion_FE_120#1,227,Lot_Product_4_513,Route_Product_4,1,68486.32333333333,10
FWD_BASE_T26820,Diffusion_FE_120#1,228,Lot_Product_4_514,Route_Product_4,1,68538.01333333334,10
FWD_BASE_T26820,Diffusion_FE_120#1,229,Lot_Product_4_515,Route_Product_4,1,68589.70333333334,10
FWD_BASE_T26820,Diffusion_FE_120#1,230,Lot_Product_4_516,Route_Product_4,1,68641.39333333333,10
FWD_BASE_T26820,Diffusion_FE_120#1,231,Lot_Product_4_517,Route_Product_4,1,68693.08333333333,10
FWD_BASE_T26820,Diffusion_FE_120#1,232,Lot_Product_4_518,Route_Product_4,1,68744.77333333333,10
FWD_BASE_T26820,Diffusion_FE_120#1,233,Lot_Product_4_519,Route_Product_4,1,68796.46333333333,10
FWD_BASE_T26820,Diffusion_FE_120#1,234,Lot_Product_4_521,Route_Product_4,1,68848.15333333334,10
FWD_BASE_T26820,Diffusion_FE_120#1,235,Lot_Product_4_522,Route_Product_4,1,68899.84333333332,10
FWD_BASE_T26820,Diffusion_FE_120#1,236,Lot_Product_4_523,Route_Product_4,1,68951.53333333333,10
FWD_BASE_T26820,Diffusion_FE_120#1,237,Lot_Product_4_524,Route_Product_4,1,69003.22333333333,10
FWD_BASE_T26820,Diffusion_FE_120#1,238,Lot_Product_4_526,Route_Product_4,1,69106.60333333333,10
FWD_BASE_T26820,Diffusion_FE_120#1,239,Lot_Product_4_527,Route_Product_4,1,69158.29333333333,10
FWD_BASE_T26820,Diffusion_FE_120#1,240,Lot_Product_4_528,Route_Product_4,1,69209.98333333334,10
FWD_BASE_T26820,Diffusion_FE_120#1,241,Lot_Product_4_529,Route_Product_4,1,69261.67333333332,10
FWD_BASE_T26820,Diffusion_FE_120#1,242,Lot_Product_4_530,Route_Product_4,1,69313.36333333333,10
FWD_BASE_T26820,Diffusion_FE_120#1,243,Lot_Product_4_531,Route_Product_4,1,69365.05333333333,10
FWD_BASE_T26820,Diffusion_FE_120#1,244,Lot_Product_3_520,Route_Product_3,1,74220.43333333333,20
FWD_BASE_T26820,Diffusion_FE_120#1,245,Regular_Lot_3,Route_Product_3,100,74367.134,10
FWD_BASE_T26820,Diffusion_FE_120#1,246,Lot_Product_3_2,Route_Product_3,1,74470.51400000001,10
FWD_BASE_T26820,Diffusion_FE_120#1,247,Lot_Product_3_3,Route_Product_3,100,74522.20400000001,10
FWD_BASE_T26820,Diffusion_FE_120#1,248,Lot_Product_3_4,Route_Product_3,1,74573.894,10
FWD_BASE_T26820,Diffusion_FE_120#1,249,Lot_Product_3_5,Route_Product_3,1,74625.584,10
FWD_BASE_T26820,Diffusion_FE_120#1,250,Lot_Product_3_6,Route_Product_3,1,74677.274,10
FWD_BASE_T26820,Diffusion_FE_120#1,251,Lot_Product_3_7,Route_Product_3,1,74728.964,10
FWD_BASE_T26820,Diffusion_FE_120#1,252,Lot_Product_3_9,Route_Product_3,1,74832.34400000001,10
FWD_BASE_T26820,Diffusion_FE_120#1,253,Lot_Product_3_10,Route_Product_3,1,74884.034,10
FWD_BASE_T26820,Diffusion_FE_120#1,254,Lot_Product_3_11,Route_Product_3,1,74935.724,10
FWD_BASE_T26820,Diffusion_FE_120#1,255,Lot_Product_3_13,Route_Product_3,1,75039.104,10
FWD_BASE_T26820,Diffusion_FE_120#1,256,Lot_Product_3_15,Route_Product_3,1,75142.48400000001,10
FWD_BASE_T26820,Diffusion_FE_120#1,257,Lot_Product_3_16,Route_Product_3,1,75194.174,10
FWD_BASE_T26820,Diffusion_FE_120#1,258,Lot_Product_3_17,Route_Product_3,1,75245.864,10
FWD_BASE_T26820,Diffusion_FE_120#1,259,Lot_Product_3_19,Route_Product_3,1,75349.244,10
FWD_BASE_T26820,Diffusion_FE_120#1,260,Lot_Product_3_20,Route_Product_3,1,75400.93400000001,10
FWD_BASE_T26820,Diffusion_FE_120#1,261,Lot_Product_3_21,Route_Product_3,1,75452.62400000001,10
FWD_BASE_T26820,Diffusion_FE_120#1,262,Lot_Product_3_27,Route_Product_3,1,75762.76400000001,10
FWD_BASE_T26820,Diffusion_FE_120#1,263,Lot_Product_3_28,Route_Product_3,1,75814.45400000001,10
FWD_BASE_T26820,Diffusion_FE_120#1,264,Lot_Product_3_29,Route_Product_3,1,75866.144,10
FWD_BASE_T26820,Diffusion_FE_120#1,265,Lot_Product_3_31,Route_Product_3,1,75969.524,10
FWD_BASE_T26820,Diffusion_FE_120#1,266,Lot_Product_3_34,Route_Product_3,1,76124.59400000001,10
FWD_BASE_T26820,Diffusion_FE_120#1,267,Lot_Product_3_35,Route_Product_3,1,76176.284,10
FWD_BASE_T26820,Diffusion_FE_120#1,268,Lot_Product_3_36,Route_Product_3,1,76227.974,10
FWD_BASE_T26820,Diffusion_FE_120#1,269,Lot_Product_3_37,Route_Product_3,1,76279.664,10
FWD_BASE_T26820,Diffusion_FE_120#1,270,Lot_Product_3_39,Route_Product_3,1,76383.04400000001,10
FWD_BASE_T26820,Diffusion_FE_120#1,271,Lot_Product_3_43,Route_Product_3,1,76538.114,10
FWD_BASE_T26820,Diffusion_FE_120#1,272,Lot_Product_3_46,Route_Product_3,100,76693.18400000001,10
FWD_BASE_T26820,Diffusion_FE_120#1,273,Lot_Product_3_48,Route_Product_3,1,76796.564,10
FWD_BASE_T26820,Diffusion_FE_120#1,274,Lot_Product_3_51,Route_Product_3,1,76951.634,10
FWD_BASE_T26820,Diffusion_FE_120#1,275,Lot_Product_3_53,Route_Product_3,1,77055.01400000001,10
FWD_BASE_T26820,Diffusion_FE_120#1,276,Lot_Product_3_57,Route_Product_3,1,77261.774,10
FWD_BASE_T26820,Diffusion_FE_120#1,277,Lot_Product_3_61,Route_Product_3,100,77468.534,10
FWD_BASE_T26820,Diffusion_FE_120#1,278,Lot_Product_3_63,Route_Product_3,1,77571.914,10
FWD_BASE_T26820,Diffusion_FE_120#1,279,Lot_Product_3_65,Route_Product_3,1,77675.29400000001,10
FWD_BASE_T26820,Diffusion_FE_120#1,280,Lot_Product_3_66,Route_Product_3,1,77726.98400000001,10
FWD_BASE_T26820,Diffusion_FE_120#1,281,Lot_Product_3_70,Route_Product_3,1,77933.744,10
FWD_BASE_T26820,Diffusion_FE_120#1,282,Lot_Product_3_71,Route_Product_3,1,77985.43400000001,10
FWD_BASE_T26820,Diffusion_FE_120#1,283,Lot_Product_3_72,Route_Product_3,1,78037.12400000001,10
FWD_BASE_T26820,Diffusion_FE_120#1,284,Lot_Product_3_75,Route_Product_3,1,78192.194,10
FWD_BASE_T26820,Diffusion_FE_120#1,285,Lot_Product_3_77,Route_Product_3,1,78295.57400000001,10
FWD_BASE_T26820,Diffusion_FE_120#1,286,Lot_Product_3_89,Route_Product_3,1,78864.164,10
FWD_BASE_T26820,Diffusion_FE_120#1,287,Lot_Product_3_93,Route_Product_3,1,79070.924,10
FWD_BASE_T26820,Diffusion_FE_120#1,288,Lot_Product_3_94,Route_Product_3,1,79122.614,10
FWD_BASE_T26820,Diffusion_FE_120#1,289,Lot_Product_3_97,Route_Product_3,1,79277.68400000001,10
FWD_BASE_T26820,Diffusion_FE_120#1,290,Lot_Product_3_98,Route_Product_3,1,79329.37400000001,10
FWD_BASE_T26820,Diffusion_FE_120#1,291,Lot_Product_3_99,Route_Product_3,1,79381.064,10
FWD_BASE_T26820,Diffusion_FE_120#1,292,Lot_Product_3_101,Route_Product_3,1,79484.444,10
FWD_BASE_T26820,Diffusion_FE_120#1,293,Lot_Product_3_102,Route_Product_3,1,79536.134,10
FWD_BASE_T26820,Diffusion_FE_120#1,294,Lot_Product_3_103,Route_Product_3,100,79587.82400000001,10
FWD_BASE_T26820,Diffusion_FE_120#1,295,Lot_Product_3_106,Route_Product_3,1,79742.894,10
FWD_BASE_T26820,Diffusion_FE_120#1,296,Lot_Product_3_108,Route_Product_3,1,79846.274,10
FWD_BASE_T26820,Diffusion_FE_120#1,297,Lot_Product_3_109,Route_Product_3,1,79897.964,10
FWD_BASE_T26820,Diffusion_FE_120#1,298,Lot_Product_3_112,Route_Product_3,1,80053.034,10
FWD_BASE_T26820,Diffusion_FE_120#1,299,Lot_Product_3_126,Route_Product_3,1,80725.004,10
FWD_BASE_T26820,Diffusion_FE_120#1,300,Lot_Product_3_127,Route_Product_3,1,80776.694,10
FWD_BASE_T26820,Diffusion_FE_120#1,301,Lot_Product_3_132,Route_Product_3,1,81035.144,10
FWD_BASE_T26820,Diffusion_FE_120#1,302,Lot_Product_3_136,Route_Product_3,1,81241.90400000001,10
FWD_BASE_T26820,Diffusion_FE_120#1,303,Lot_Product_3_138,Route_Product_3,1,81345.284,10
FWD_BASE_T26820,Diffusion_FE_120#1,304,Lot_Product_3_154,Route_Product_3,1,82172.32400000001,10
FWD_BASE_T26820,Diffusion_FE_120#1,305,Lot_Product_3_156,Route_Product_3,1,82275.704,10
FWD_BASE_T26820,Diffusion_FE_120#1,306,Lot_Product_3_174,Route_Product_3,1,83154.43400000001,10
FWD_BASE_T26820,Diffusion_FE_120#1,307,Lot_Product_3_178,Route_Product_3,1,83361.194,10
FWD_BASE_T26820,Diffusion_FE_120#1,308,Lot_Product_3_183,Route_Product_3,1,83619.644,10
FWD_BASE_T26820,Diffusion_FE_120#1,309,Lot_Product_3_187,Route_Product_3,100,83826.40400000001,10
FWD_BASE_T26820,Diffusion_FE_120#1,310,Lot_Product_3_192,Route_Product_3,1,84084.854,10
FWD_BASE_T26820,Diffusion_FE_120#1,311,Lot_Product_3_194,Route_Product_3,1,84188.23400000001,10
FWD_BASE_T26820,Diffusion_FE_120#1,312,Lot_Product_3_201,Route_Product_3,100,84498.37400000001,10
FWD_BASE_T26820,Diffusion_FE_120#1,313,Lot_Product_3_213,Route_Product_3,1,85118.65400000001,10
FWD_BASE_T26820,Diffusion_FE_120#1,314,Lot_Product_3_215,Route_Product_3,1,85222.034,10
FWD_BASE_T26820,Diffusion_FE_120#1,315,Lot_Product_3_217,Route_Product_3,100,85325.414,10
FWD_BASE_T26820,Diffusion_FE_120#1,316,Lot_Product_3_219,Route_Product_3,100,85428.79400000001,10
FWD_BASE_T26820,Diffusion_FE_120#1,317,Lot_Product_3_221,Route_Product_3,1,85532.174,10
FWD_BASE_T26820,Diffusion_FE_120#1,318,Lot_Product_3_226,Route_Product_3,100,85790.62400000001,10
FWD_BASE_T26820,Diffusion_FE_120#1,319,Lot_Product_3_237,Route_Product_3,1,86359.214,10
FWD_BASE_T26820,Diffusion_FE_120#1,320,Lot_Product_3_241,Route_Product_3,1,86514.284,10
FWD_BASE_T26820,Diffusion_FE_120#1,321,Lot_Product_3_262,Route_Product_3,1,87599.774,10
FWD_BASE_T26820,Diffusion_FE_120#1,322,Lot_Product_3_283,Route_Product_3,1,88633.57400000001,10
FWD_BASE_T26820,Diffusion_FE_120#1,323,Lot_Product_3_289,Route_Product_3,1,88943.714,10
FWD_BASE_T26820,Diffusion_FE_120#1,324,Lot_Product_3_295,Route_Product_3,1,89253.854,10
FWD_BASE_T26820,Diffusion_FE_120#1,325,Lot_Product_3_303,Route_Product_3,1,89667.37400000001,10
FWD_BASE_T26820,Diffusion_FE_120#1,326,Lot_Product_3_304,Route_Product_3,1,89719.064,10
FWD_BASE_T26820,Diffusion_FE_120#1,327,Lot_Product_3_307,Route_Product_3,1,89874.134,10
FWD_BASE_T26820,Diffusion_FE_120#1,328,Lot_Product_3_309,Route_Product_3,1,89977.51400000001,10
FWD_BASE_T26820,Diffusion_FE_120#1,329,Lot_Product_3_310,Route_Product_3,1,90029.204,10
FWD_BASE_T26820,Diffusion_FE_120#1,330,Lot_Product_3_314,Route_Product_3,1,90235.964,10
FWD_BASE_T26820,Diffusion_FE_120#1,331,Lot_Product_3_319,Route_Product_3,1,90494.414,10
FWD_BASE_T26820,Diffusion_FE_120#1,332,Lot_Product_3_326,Route_Product_3,1,90804.554,10
FWD_BASE_T26820,Diffusion_FE_120#1,333,Lot_Product_3_330,Route_Product_3,1,91011.31400000001,10
FWD_BASE_T26820,Diffusion_FE_120#1,334,Lot_Product_3_353,Route_Product_3,1,92200.18400000001,10
FWD_BASE_T26820,Diffusion_FE_120#1,335,Lot_Product_3_354,Route_Product_3,1,92251.87400000001,10
FWD_BASE_T26820,Diffusion_FE_120#1,336,Lot_Product_3_355,Route_Product_3,1,92303.56400000001,10
FWD_BASE_T26820,Diffusion_FE_120#1,337,Lot_Product_3_359,Route_Product_3,1,92510.32400000001,10
FWD_BASE_T26820,Diffusion_FE_120#1,338,Lot_Product_3_361,Route_Product_3,1,92562.014,10
FWD_BASE_T26820,Diffusion_FE_120#1,339,Lot_Product_3_364,Route_Product_3,1,92717.084,10
FWD_BASE_T26820,Diffusion_FE_120#1,340,Lot_Product_3_366,Route_Product_3,1,92820.464,10
FWD_BASE_T26820,Diffusion_FE_120#1,341,Lot_Product_3_372,Route_Product_3,1,93130.604,10
FWD_BASE_T26820,Diffusion_FE_120#1,342,Lot_Product_3_382,Route_Product_3,1,93647.504,10
FWD_BASE_T26820,Diffusion_FE_120#1,343,Lot_Product_3_388,Route_Product_3,1,93957.644,10
FWD_BASE_T26820,Diffusion_FE_120#1,344,Lot_Product_3_389,Route_Product_3,1,94009.334,10
FWD_BASE_T26820,Diffusion_FE_120#1,345,Lot_Product_3_392,Route_Product_3,1,94164.40400000001,10
FWD_BASE_T26820,Diffusion_FE_120#1,346,Lot_Product_3_393,Route_Product_3,1,94216.09400000001,10
FWD_BASE_T26820,Diffusion_FE_120#1,347,Lot_Product_3_396,Route_Product_3,1,94371.164,10
FWD_BASE_T26820,Diffusion_FE_120#1,348,Lot_Product_3_397,Route_Product_3,1,94422.854,10
FWD_BASE_T26820,Diffusion_FE_120#1,349,Lot_Product_3_398,Route_Product_3,1,94474.54400000001,10
FWD_BASE_T26820,Diffusion_FE_120#1,350,Lot_Product_3_401,Route_Product_3,1,94577.924,10
FWD_BASE_T26820,Diffusion_FE_120#1,351,Lot_Product_3_402,Route_Product_3,1,94629.614,10
FWD_BASE_T26820,Diffusion_FE_120#1,352,Lot_Product_3_403,Route_Product_3,1,94681.304,10
FWD_BASE_T26820,Diffusion_FE_120#1,353,Lot_Product_3_404,Route_Product_3,1,94732.994,10
FWD_BASE_T26820,Diffusion_FE_120#1,354,Lot_Product_3_405,Route_Product_3,1,94784.68400000001,10
FWD_BASE_T26820,Diffusion_FE_120#1,355,Lot_Product_3_407,Route_Product_3,1,94888.06400000001,10
FWD_BASE_T26820,Diffusion_FE_120#1,356,Lot_Product_3_409,Route_Product_3,1,94991.444,10
FWD_BASE_T26820,Diffusion_FE_120#1,357,Lot_Product_3_410,Route_Product_3,1,95043.134,10
FWD_BASE_T26820,Diffusion_FE_120#1,358,Lot_Product_3_411,Route_Product_3,1,95094.82400000001,10
FWD_BASE_T26820,Diffusion_FE_120#1,359,Lot_Product_3_413,Route_Product_3,1,95198.204,10
FWD_BASE_T26820,Diffusion_FE_120#1,360,Lot_Product_3_414,Route_Product_3,1,95249.894,10
FWD_BASE_T26820,Diffusion_FE_120#1,361,Lot_Product_3_415,Route_Product_3,1,95301.584,10
FWD_BASE_T26820,Diffusion_FE_120#1,362,Lot_Product_3_416,Route_Product_3,1,95353.274,10
FWD_BASE_T26820,Diffusion_FE_120#1,363,Lot_Product_3_417,Route_Product_3,1,95404.964,10
FWD_BASE_T26820,Diffusion_FE_120#1,364,Lot_Product_3_418,Route_Product_3,1,95456.65400000001,10
FWD_BASE_T26820,Diffusion_FE_120#1,365,Lot_Product_3_420,Route_Product_3,1,95560.034,10
FWD_BASE_T26820,Diffusion_FE_120#1,366,Lot_Product_3_421,Route_Product_3,1,95611.724,10
FWD_BASE_T26820,Diffusion_FE_120#1,367,Lot_Product_3_423,Route_Product_3,1,95715.104,10
FWD_BASE_T26820,Diffusion_FE_120#1,368,Lot_Product_3_424,Route_Product_3,1,95766.79400000001,10
FWD_BASE_T26820,Diffusion_FE_120#1,369,Lot_Product_3_425,Route_Product_3,1,95818.484,10
FWD_BASE_T26820,Diffusion_FE_120#1,370,Lot_Product_3_426,Route_Product_3,1,95870.174,10
FWD_BASE_T26820,Diffusion_FE_120#1,371,Lot_Product_3_427,Route_Product_3,1,95921.864,10
FWD_BASE_T26820,Diffusion_FE_120#1,372,Lot_Product_3_429,Route_Product_3,1,96025.244,10
FWD_BASE_T26820,Diffusion_FE_120#1,373,Lot_Product_3_430,Route_Product_3,1,96076.93400000001,10
FWD_BASE_T26820,Diffusion_FE_120#1,374,Lot_Product_3_432,Route_Product_3,1,96180.31400000001,10
FWD_BASE_T26820,Diffusion_FE_120#1,375,Lot_Product_3_433,Route_Product_3,1,96232.004,10
FWD_BASE_T26820,Diffusion_FE_120#1,376,Lot_Product_3_434,Route_Product_3,1,96283.694,10
FWD_BASE_T26820,Diffusion_FE_120#1,377,Lot_Product_3_435,Route_Product_3,1,96335.384,10
FWD_BASE_T26820,Diffusion_FE_120#1,378,Lot_Product_3_437,Route_Product_3,1,96438.764,10
FWD_BASE_T26820,Diffusion_FE_120#1,379,Lot_Product_3_438,Route_Product_3,1,96490.454,10
FWD_BASE_T26820,Diffusion_FE_120#1,380,Lot_Product_3_439,Route_Product_3,1,96542.144,10
FWD_BASE_T26820,Diffusion_FE_120#1,381,Lot_Product_3_441,Route_Product_3,1,96593.834,10
FWD_BASE_T26820,Diffusion_FE_120#1,382,Lot_Product_3_442,Route_Product_3,1,96645.524,10
FWD_BASE_T26820,Diffusion_FE_120#1,383,Lot_Product_3_443,Route_Product_3,1,96697.214,10
FWD_BASE_T26820,Diffusion_FE_120#1,384,Lot_Product_3_444,Route_Product_3,1,96748.90400000001,10
FWD_BASE_T26820,Diffusion_FE_120#1,385,Lot_Product_3_445,Route_Product_3,1,96800.59400000001,10
FWD_BASE_T26820,Diffusion_FE_120#1,386,Lot_Product_3_447,Route_Product_3,1,96903.974,10
FWD_BASE_T26820,Diffusion_FE_120#1,387,Lot_Product_3_448,Route_Product_3,1,96955.664,10
FWD_BASE_T26820,Diffusion_FE_120#1,388,Lot_Product_3_449,Route_Product_3,1,97007.354,10
FWD_BASE_T26820,Diffusion_FE_120#1,389,Lot_Product_3_451,Route_Product_3,1,97110.734,10
FWD_BASE_T26820,Diffusion_FE_120#1,390,Lot_Product_3_452,Route_Product_3,1,97162.424,10
FWD_BASE_T26820,Diffusion_FE_120#1,391,Lot_Product_3_453,Route_Product_3,1,97214.114,10
FWD_BASE_T26820,Diffusion_FE_120#1,392,Lot_Product_3_455,Route_Product_3,1,97317.494,10
FWD_BASE_T26820,Diffusion_FE_120#1,393,Lot_Product_3_457,Route_Product_3,1,97420.87400000001,10
FWD_BASE_T26820,Diffusion_FE_120#1,394,Lot_Product_3_458,Route_Product_3,1,97472.56400000001,10
FWD_BASE_T26820,Diffusion_FE_120#1,395,Lot_Product_3_460,Route_Product_3,1,97575.944,10
FWD_BASE_T26820,Diffusion_FE_120#1,396,Lot_Product_3_461,Route_Product_3,1,97627.634,10
FWD_BASE_T26820,Diffusion_FE_120#1,397,Lot_Product_3_462,Route_Product_3,1,97679.32400000001,10
FWD_BASE_T26820,Diffusion_FE_120#1,398,Lot_Product_3_464,Route_Product_3,1,97782.704,10
FWD_BASE_T26820,Diffusion_FE_120#1,399,Lot_Product_3_466,Route_Product_3,1,97886.084,10
FWD_BASE_T26820,Diffusion_FE_120#1,400,Lot_Product_3_467,Route_Product_3,1,97937.774,10
FWD_BASE_T26820,Diffusion_FE_120#1,401,Lot_Product_3_468,Route_Product_3,1,97989.464,10
FWD_BASE_T26820,Diffusion_FE_120#1,402,Lot_Product_3_469,Route_Product_3,1,98041.15400000001,10
FWD_BASE_T26820,Diffusion_FE_120#1,403,Lot_Product_3_470,Route_Product_3,1,98092.84400000001,10
FWD_BASE_T26820,Diffusion_FE_120#1,404,Lot_Product_3_471,Route_Product_3,1,98144.534,10
FWD_BASE_T26820,Diffusion_FE_120#1,405,Lot_Product_3_473,Route_Product_3,1,98247.914,10
FWD_BASE_T26820,Diffusion_FE_120#1,406,Lot_Product_3_474,Route_Product_3,1,98299.604,10
FWD_BASE_T26820,Diffusion_FE_120#1,407,Lot_Product_3_475,Route_Product_3,1,98351.29400000001,10
FWD_BASE_T26820,Diffusion_FE_120#1,408,Lot_Product_3_476,Route_Product_3,1,98402.984,10
FWD_BASE_T26820,Diffusion_FE_120#1,409,Lot_Product_3_477,Route_Product_3,1,98454.674,10
FWD_BASE_T26820,Diffusion_FE_120#1,410,Lot_Product_3_478,Route_Product_3,1,98506.364,10
FWD_BASE_T26820,Diffusion_FE_120#1,411,Lot_Product_3_479,Route_Product_3,1,98558.054,10
FWD_BASE_T26820,Diffusion_FE_120#1,412,Lot_Product_3_481,Route_Product_3,1,98609.744,10
FWD_BASE_T26820,Diffusion_FE_120#1,413,Lot_Product_3_482,Route_Product_3,1,98661.43400000001,10
FWD_BASE_T26820,Diffusion_FE_120#1,414,Lot_Product_3_483,Route_Product_3,1,98713.12400000001,10
FWD_BASE_T26820,Diffusion_FE_120#1,415,Lot_Product_3_484,Route_Product_3,1,98764.81400000001,10
FWD_BASE_T26820,Diffusion_FE_120#1,416,Lot_Product_3_485,Route_Product_3,1,98816.504,10
FWD_BASE_T26820,Diffusion_FE_120#1,417,Lot_Product_3_487,Route_Product_3,1,98919.884,10
FWD_BASE_T26820,Diffusion_FE_120#1,418,Lot_Product_3_489,Route_Product_3,1,99023.264,10
FWD_BASE_T26820,Diffusion_FE_120#1,419,Lot_Product_3_490,Route_Product_3,1,99074.954,10
FWD_BASE_T26820,Diffusion_FE_120#1,420,Lot_Product_3_492,Route_Product_3,1,99178.334,10
FWD_BASE_T26820,Diffusion_FE_120#1,421,Lot_Product_3_493,Route_Product_3,1,99230.024,10
FWD_BASE_T26820,Diffusion_FE_120#1,422,Lot_Product_3_494,Route_Product_3,1,99281.714,10
FWD_BASE_T26820,Diffusion_FE_120#1,423,Lot_Product_3_495,Route_Product_3,1,99333.40400000001,10
FWD_BASE_T26820,Diffusion_FE_120#1,424,Lot_Product_3_496,Route_Product_3,1,99385.09400000001,10
FWD_BASE_T26820,Diffusion_FE_120#1,425,Lot_Product_3_498,Route_Product_3,1,99488.474,10
FWD_BASE_T26820,Diffusion_FE_120#1,426,Lot_Product_3_499,Route_Product_3,1,99540.164,10
FWD_BASE_T26820,Diffusion_FE_120#1,427,Lot_Product_3_500,Route_Product_3,1,99591.854,10
FWD_BASE_T26820,Diffusion_FE_120#1,428,Lot_Product_3_501,Route_Product_3,1,99643.54400000001,10
FWD_BASE_T26820,Diffusion_FE_120#1,429,Lot_Product_3_502,Route_Product_3,1,99695.234,10
FWD_BASE_T26820,Diffusion_FE_120#1,430,Lot_Product_3_503,Route_Product_3,1,99746.924,10
FWD_BASE_T26820,Diffusion_FE_120#1,431,Lot_Product_3_504,Route_Product_3,1,99798.614,10
FWD_BASE_T26820,Diffusion_FE_120#1,432,Lot_Product_3_505,Route_Product_3,1,99850.304,10
FWD_BASE_T26820,Diffusion_FE_120#1,433,Lot_Product_3_506,Route_Product_3,1,99901.994,10
FWD_BASE_T26820,Diffusion_FE_120#1,434,Lot_Product_3_507,Route_Product_3,1,99953.68400000001,10
FWD_BASE_T26820,Diffusion_FE_120#1,435,Lot_Product_3_508,Route_Product_3,1,100005.37400000001,10
FWD_BASE_T26820,Diffusion_FE_120#1,436,Lot_Product_3_509,Route_Product_3,1,100057.06400000001,10
FWD_BASE_T26820,Diffusion_FE_120#1,437,Lot_Product_3_510,Route_Product_3,1,100108.754,10
FWD_BASE_T26820,Diffusion_FE_120#1,438,Lot_Product_3_511,Route_Product_3,1,100160.444,10
FWD_BASE_T26820,Diffusion_FE_120#1,439,Lot_Product_3_512,Route_Product_3,1,100212.134,10
FWD_BASE_T26820,Diffusion_FE_120#1,440,Lot_Product_3_513,Route_Product_3,1,100263.82400000001,10
FWD_BASE_T26820,Diffusion_FE_120#1,441,Lot_Product_3_514,Route_Product_3,1,100315.514,10
FWD_BASE_T26820,Diffusion_FE_120#1,442,Lot_Product_3_515,Route_Product_3,1,100367.204,10
FWD_BASE_T26820,Diffusion_FE_120#1,443,Lot_Product_3_516,Route_Product_3,1,100418.894,10
FWD_BASE_T26820,Diffusion_FE_120#1,444,Lot_Product_3_517,Route_Product_3,1,100470.584,10
FWD_BASE_T26820,Diffusion_FE_120#1,445,Lot_Product_3_518,Route_Product_3,1,100522.274,10
FWD_BASE_T26820,Diffusion_FE_120#1,446,Lot_Product_3_519,Route_Product_3,1,100573.964,10
FWD_BASE_T26820,Diffusion_FE_120#1,447,Lot_Product_3_521,Route_Product_3,1,100625.65400000001,10
FWD_BASE_T26820,Diffusion_FE_120#1,448,Lot_Product_3_522,Route_Product_3,1,100677.34400000001,10
FWD_BASE_T26820,Diffusion_FE_120#1,449,Lot_Product_3_523,Route_Product_3,1,100729.034,10
FWD_BASE_T26820,Diffusion_FE_120#1,450,Lot_Product_3_524,Route_Product_3,1,100780.724,10
FWD_BASE_T26820,Diffusion_FE_120#1,451,Lot_Product_3_525,Route_Product_3,1,100832.414,10
FWD_BASE_T26820,Diffusion_FE_120#1,452,Lot_Product_3_526,Route_Product_3,1,100884.104,10
FWD_BASE_T26820,Diffusion_FE_120#1,453,Lot_Product_3_527,Route_Product_3,1,100935.79400000001,10
FWD_BASE_T26820,Diffusion_FE_120#1,454,Lot_Product_3_528,Route_Product_3,1,100987.484,10
FWD_BASE_T26820,Diffusion_FE_120#1,455,Lot_Product_3_529,Route_Product_3,1,101039.174,10
FWD_BASE_T26820,Diffusion_FE_120#1,456,Lot_Product_3_530,Route_Product_3,1,101090.864,10
FWD_BASE_T26820,Diffusion_FE_120#1,457,Lot_Product_3_531,Route_Product_3,1,101142.554,10
FWD_BASE_T26820,Diffusion_FE_122#3,1,Lot_Product_4_75,Route_Product_4,156,46414.69333333333,10
FWD_BASE_T26820,Diffusion_FE_122#3,2,Lot_Product_4_78,Route_Product_4,156,46569.76333333333,10
FWD_BASE_T26820,Diffusion_FE_122#3,3,Lot_Product_4_92,Route_Product_4,156,47241.73333333333,10
FWD_BASE_T26820,Diffusion_FE_122#3,4,Lot_Product_4_98,Route_Product_4,156,47551.87333333333,10
FWD_BASE_T26820,Diffusion_FE_122#3,5,Lot_Product_4_99,Route_Product_4,156,47603.56333333333,10
FWD_BASE_T26820,Diffusion_FE_122#3,6,Lot_Product_4_113,Route_Product_4,156,48327.22333333333,10
FWD_BASE_T26820,Diffusion_FE_122#3,7,Lot_Product_3_24,Route_Product_3,174,75607.694,10
FWD_BASE_T26820,Diffusion_FE_122#3,8,Lot_Product_3_114,Route_Product_3,174,80156.414,10
FWD_BASE_T26820,Diffusion_FE_122#3,9,Lot_Product_3_118,Route_Product_3,174,80363.174,10
FWD_BASE_T26820,Diffusion_FE_122#3,10,Lot_Product_3_121,Route_Product_3,174,80466.554,10
FWD_BASE_T26820,Diffusion_FE_122#3,11,Lot_Product_3_125,Route_Product_3,174,80673.314,10
FWD_BASE_T26820,Diffusion_FE_122#3,12,Lot_Product_3_129,Route_Product_3,174,80880.07400000001,10
FWD_BASE_T26820,Diffusion_FE_122#3,13,Lot_Product_3_130,Route_Product_3,174,80931.76400000001,10
FWD_BASE_T26820,Diffusion_FE_122#3,14,Lot_Product_3_134,Route_Product_3,174,81138.524,10
FWD_BASE_T26820,Diffusion_FE_122#3,15,Lot_Product_3_143,Route_Product_3,174,81603.73400000001,10
FWD_BASE_T26820,Diffusion_FE_127#2,1,Lot_Product_4_158,Route_Product_4,97,50601.58333333333,10
FWD_BASE_T26820,Diffusion_FE_127#2,2,Lot_Product_4_169,Route_Product_4,97,51118.48333333333,10
FWD_BASE_T26820,Diffusion_FE_127#2,3,Lot_Product_4_173,Route_Product_4,97,51325.24333333333,10
FWD_BASE_T26820,Diffusion_FE_127#2,4,Lot_Product_4_205,Route_Product_4,8,52927.63333333333,10
FWD_BASE_T26820,Diffusion_FE_127#2,5,Lot_Product_4_213,Route_Product_4,8,53341.153333333335,10
FWD_BASE_T26820,Diffusion_FE_127#2,6,Lot_Product_4_218,Route_Product_4,8,53599.60333333333,10
FWD_BASE_T26820,Diffusion_FE_127#2,7,Lot_Product_4_219,Route_Product_4,8,53651.293333333335,10
FWD_BASE_T26820,Diffusion_FE_127#2,8,Lot_Product_4_220,Route_Product_4,8,53702.98333333333,10
FWD_BASE_T26820,Diffusion_FE_127#2,9,Lot_Product_4_221,Route_Product_4,8,53754.67333333333,10
FWD_BASE_T26820,Diffusion_FE_127#2,10,Lot_Product_4_224,Route_Product_4,8,53909.74333333333,10
FWD_BASE_T26820,Diffusion_FE_127#2,11,Lot_Product_4_225,Route_Product_4,8,53961.433333333334,10
FWD_BASE_T26820,Diffusion_FE_127#2,12,Lot_Product_4_228,Route_Product_4,8,54116.50333333333,10
FWD_BASE_T26820,Diffusion_FE_127#2,13,Lot_Product_4_229,Route_Product_4,8,54168.19333333333,10
FWD_BASE_T26820,Diffusion_FE_127#2,14,Lot_Product_4_230,Route_Product_4,8,54219.88333333333,10
FWD_BASE_T26820,Diffusion_FE_127#2,15,Lot_Product_4_232,Route_Product_4,8,54323.26333333333,10
FWD_BASE_T26820,Diffusion_FE_127#2,16,Lot_Product_4_233,Route_Product_4,8,54374.95333333333,10
FWD_BASE_T26820,Diffusion_FE_127#2,17,Lot_Product_4_234,Route_Product_4,8,54426.64333333333,10
FWD_BASE_T26820,Diffusion_FE_127#2,18,Lot_Product_4_235,Route_Product_4,8,54478.33333333333,10
FWD_BASE_T26820,Diffusion_FE_127#2,19,Lot_Product_4_236,Route_Product_4,8,54530.02333333333,10
FWD_BASE_T26820,Diffusion_FE_127#2,20,Lot_Product_4_237,Route_Product_4,8,54581.71333333333,10
FWD_BASE_T26820,Diffusion_FE_127#2,21,Lot_Product_4_239,Route_Product_4,8,54685.09333333333,10
FWD_BASE_T26820,Diffusion_FE_127#2,22,Lot_Product_4_241,Route_Product_4,8,54736.78333333333,10
FWD_BASE_T26820,Diffusion_FE_127#2,23,Lot_Product_4_242,Route_Product_4,8,54788.47333333333,10
FWD_BASE_T26820,Diffusion_FE_127#2,24,Lot_Product_4_243,Route_Product_4,8,54840.16333333333,10
FWD_BASE_T26820,Diffusion_FE_127#2,25,Lot_Product_4_245,Route_Product_4,8,54943.543333333335,10
FWD_BASE_T26820,Diffusion_FE_127#2,26,Lot_Product_4_246,Route_Product_4,8,54995.23333333333,10
FWD_BASE_T26820,Diffusion_FE_127#2,27,Lot_Product_4_249,Route_Product_4,8,55150.30333333333,10
FWD_BASE_T26820,Diffusion_FE_127#2,28,Lot_Product_4_250,Route_Product_4,8,55201.99333333333,10
FWD_BASE_T26820,Diffusion_FE_127#2,29,Lot_Product_4_251,Route_Product_4,8,55253.683333333334,10
FWD_BASE_T26820,Diffusion_FE_127#2,30,Lot_Product_4_252,Route_Product_4,8,55305.37333333333,10
FWD_BASE_T26820,Diffusion_FE_127#2,31,Lot_Product_4_253,Route_Product_4,8,55357.06333333333,10
FWD_BASE_T26820,Diffusion_FE_127#2,32,Lot_Product_4_254,Route_Product_4,8,55408.75333333333,10
FWD_BASE_T26820,Diffusion_FE_127#2,33,Lot_Product_4_255,Route_Product_4,8,55460.44333333333,10
FWD_BASE_T26820,Diffusion_FE_127#2,34,Lot_Product_4_256,Route_Product_4,8,55512.13333333333,10
FWD_BASE_T26820,Diffusion_FE_127#2,35,Lot_Product_4_258,Route_Product_4,8,55615.51333333333,10
FWD_BASE_T26820,Diffusion_FE_127#2,36,Lot_Product_4_259,Route_Product_4,8,55667.20333333333,10
FWD_BASE_T26820,Diffusion_FE_127#2,37,Lot_Product_4_261,Route_Product_4,8,55770.58333333333,10
FWD_BASE_T26820,Diffusion_FE_127#2,38,Lot_Product_4_264,Route_Product_4,8,55925.65333333333,10
FWD_BASE_T26820,Diffusion_FE_127#2,39,Lot_Product_4_265,Route_Product_4,8,55977.34333333333,10
FWD_BASE_T26820,Diffusion_FE_127#2,40,Lot_Product_4_266,Route_Product_4,8,56029.03333333333,10
FWD_BASE_T26820,Diffusion_FE_127#2,41,Lot_Product_4_268,Route_Product_4,8,56132.41333333333,10
FWD_BASE_T26820,Diffusion_FE_127#2,42,Lot_Product_4_269,Route_Product_4,8,56184.10333333333,10
FWD_BASE_T26820,Diffusion_FE_127#2,43,Lot_Product_4_270,Route_Product_4,8,56235.793333333335,10
FWD_BASE_T26820,Diffusion_FE_127#2,44,Lot_Product_4_272,Route_Product_4,8,56339.17333333333,10
FWD_BASE_T26820,Diffusion_FE_127#2,45,Lot_Product_4_273,Route_Product_4,8,56390.86333333333,10
FWD_BASE_T26820,Diffusion_FE_127#2,46,Lot_Product_4_274,Route_Product_4,8,56442.55333333333,10
FWD_BASE_T26820,Diffusion_FE_127#2,47,Lot_Product_4_276,Route_Product_4,8,56545.933333333334,10
FWD_BASE_T26820,Diffusion_FE_127#2,48,Lot_Product_4_277,Route_Product_4,8,56597.62333333333,10
FWD_BASE_T26820,Diffusion_FE_127#2,49,Lot_Product_4_279,Route_Product_4,8,56701.00333333333,10
FWD_BASE_T26820,Diffusion_FE_127#2,50,Lot_Product_4_283,Route_Product_4,8,56856.073333333334,10
FWD_BASE_T26820,Diffusion_FE_127#2,51,Lot_Product_4_284,Route_Product_4,8,56907.76333333333,10
FWD_BASE_T26820,Diffusion_FE_127#2,52,Lot_Product_4_292,Route_Product_4,8,57321.28333333333,10
FWD_BASE_T26820,Diffusion_FE_127#2,53,Lot_Product_4_293,Route_Product_4,8,57372.97333333333,10
FWD_BASE_T26820,Diffusion_FE_127#2,54,Lot_Product_4_298,Route_Product_4,8,57631.42333333333,10
FWD_BASE_T26820,Diffusion_FE_127#2,55,Lot_Product_4_301,Route_Product_4,8,57786.49333333333,10
FWD_BASE_T26820,Diffusion_FE_127#2,56,Lot_Product_3_360,Route_Product_3,101,66156.43333333333,20
FWD_BASE_T26820,Diffusion_FE_127#2,57,Lot_Product_3_8,Route_Product_3,5,74780.65400000001,10
FWD_BASE_T26820,Diffusion_FE_127#2,58,Lot_Product_3_12,Route_Product_3,5,74987.414,10
FWD_BASE_T26820,Diffusion_FE_127#2,59,Lot_Product_3_26,Route_Product_3,5,75711.07400000001,10
FWD_BASE_T26820,Diffusion_FE_127#2,60,Lot_Product_3_41,Route_Product_3,5,76434.73400000001,10
FWD_BASE_T26820,Diffusion_FE_127#2,61,Lot_Product_3_47,Route_Product_3,5,76744.87400000001,10
FWD_BASE_T26820,Diffusion_FE_127#2,62,Lot_Product_3_62,Route_Product_3,5,77520.224,10
FWD_BASE_T26820,Diffusion_FE_127#2,63,Lot_Product_3_68,Route_Product_3,5,77830.364,10
FWD_BASE_T26820,Diffusion_FE_127#2,64,Lot_Product_3_69,Route_Product_3,5,77882.054,10
FWD_BASE_T26820,Diffusion_FE_127#2,65,Lot_Product_3_95,Route_Product_3,5,79174.304,10
FWD_BASE_T26820,Diffusion_FE_127#2,66,Lot_Product_3_135,Route_Product_3,5,81190.214,10
FWD_BASE_T26820,Diffusion_FE_127#2,67,Lot_Product_3_149,Route_Product_3,5,81913.87400000001,10
FWD_BASE_T26820,Diffusion_FE_127#2,68,Lot_Product_3_164,Route_Product_3,5,82637.534,10
FWD_BASE_T26820,Diffusion_FE_127#2,69,Lot_Product_3_176,Route_Product_3,101,83257.81400000001,10
FWD_BASE_T26820,Diffusion_FE_127#2,70,Lot_Product_3_181,Route_Product_3,101,83516.26400000001,10
FWD_BASE_T26820,Diffusion_FE_127#2,71,Lot_Product_3_185,Route_Product_3,101,83723.024,10
FWD_BASE_T26820,Diffusion_FE_127#2,72,Lot_Product_3_188,Route_Product_3,5,83878.09400000001,10
FWD_BASE_T26820,Diffusion_FE_127#2,73,Lot_Product_3_196,Route_Product_3,101,84291.614,10
FWD_BASE_T26820,Diffusion_FE_127#2,74,Lot_Product_3_204,Route_Product_3,101,84653.444,10
FWD_BASE_T26820,Diffusion_FE_127#2,75,Lot_Product_3_208,Route_Product_3,5,84860.204,10
FWD_BASE_T26820,Diffusion_FE_127#2,76,Lot_Product_3_218,Route_Product_3,101,85377.104,10
FWD_BASE_T26820,Diffusion_FE_127#2,77,Lot_Product_3_243,Route_Product_3,5,86617.664,10
FWD_BASE_T26820,Diffusion_FE_127#2,78,Lot_Product_3_246,Route_Product_3,5,86772.734,10
FWD_BASE_T26820,Diffusion_FE_127#2,79,Lot_Product_3_252,Route_Product_3,5,87082.87400000001,10
FWD_BASE_T26820,Diffusion_FE_127#2,80,Lot_Product_3_253,Route_Product_3,5,87134.56400000001,10
FWD_BASE_T26820,Diffusion_FE_127#2,81,Lot_Product_3_254,Route_Product_3,5,87186.254,10
FWD_BASE_T26820,Diffusion_FE_127#2,82,Lot_Product_3_258,Route_Product_3,5,87393.01400000001,10
FWD_BASE_T26820,Diffusion_FE_127#2,83,Lot_Product_3_259,Route_Product_3,5,87444.704,10
FWD_BASE_T26820,Diffusion_FE_127#2,84,Lot_Product_3_286,Route_Product_3,5,88788.644,10
FWD_BASE_T26820,Diffusion_FE_127#2,85,Lot_Product_3_298,Route_Product_3,5,89408.924,10
FWD_BASE_T26820,Diffusion_FE_127#2,86,Lot_Product_3_299,Route_Product_3,5,89460.614,10
FWD_BASE_T26820,Diffusion_FE_127#2,87,Lot_Product_3_306,Route_Product_3,5,89822.444,10
FWD_BASE_T26820,Diffusion_FE_127#2,88,Lot_Product_3_308,Route_Product_3,5,89925.82400000001,10
FWD_BASE_T26820,Diffusion_FE_127#2,89,Lot_Product_3_311,Route_Product_3,5,90080.894,10
FWD_BASE_T26820,Diffusion_FE_127#2,90,Lot_Product_3_312,Route_Product_3,5,90132.584,10
FWD_BASE_T26820,Diffusion_FE_127#2,91,Lot_Product_3_313,Route_Product_3,5,90184.274,10
FWD_BASE_T26820,Diffusion_FE_127#2,92,Lot_Product_3_315,Route_Product_3,5,90287.65400000001,10
FWD_BASE_T26820,Diffusion_FE_127#2,93,Lot_Product_3_316,Route_Product_3,5,90339.34400000001,10
FWD_BASE_T26820,Diffusion_FE_127#2,94,Lot_Product_3_317,Route_Product_3,5,90391.034,10
FWD_BASE_T26820,Diffusion_FE_127#2,95,Lot_Product_3_318,Route_Product_3,5,90442.724,10
FWD_BASE_T26820,Diffusion_FE_127#2,96,Lot_Product_3_321,Route_Product_3,5,90546.104,10
FWD_BASE_T26820,Diffusion_FE_127#2,97,Lot_Product_3_322,Route_Product_3,5,90597.79400000001,10
FWD_BASE_T26820,Diffusion_FE_127#2,98,Lot_Product_3_324,Route_Product_3,5,90701.174,10
FWD_BASE_T26820,Diffusion_FE_127#2,99,Lot_Product_3_325,Route_Product_3,5,90752.864,10
FWD_BASE_T26820,Diffusion_FE_127#2,100,Lot_Product_3_327,Route_Product_3,5,90856.244,10
FWD_BASE_T26820,Diffusion_FE_127#2,101,Lot_Product_3_328,Route_Product_3,5,90907.93400000001,10
FWD_BASE_T26820,Diffusion_FE_127#2,102,Lot_Product_3_329,Route_Product_3,5,90959.62400000001,10
FWD_BASE_T26820,Diffusion_FE_127#2,103,Lot_Product_3_331,Route_Product_3,5,91063.004,10
FWD_BASE_T26820,Diffusion_FE_127#2,104,Lot_Product_3_332,Route_Product_3,5,91114.694,10
FWD_BASE_T26820,Diffusion_FE_127#2,105,Lot_Product_3_333,Route_Product_3,5,91166.384,10
FWD_BASE_T26820,Diffusion_FE_127#2,106,Lot_Product_3_334,Route_Product_3,5,91218.07400000001,10
FWD_BASE_T26820,Diffusion_FE_127#2,107,Lot_Product_3_335,Route_Product_3,5,91269.76400000001,10
FWD_BASE_T26820,Diffusion_FE_127#2,108,Lot_Product_3_336,Route_Product_3,5,91321.454,10
FWD_BASE_T26820,Diffusion_FE_127#2,109,Lot_Product_3_337,Route_Product_3,5,91373.144,10
FWD_BASE_T26820,Diffusion_FE_127#2,110,Lot_Product_3_338,Route_Product_3,5,91424.834,10
FWD_BASE_T26820,Diffusion_FE_127#2,111,Lot_Product_3_339,Route_Product_3,5,91476.524,10
FWD_BASE_T26820,Diffusion_FE_127#2,112,Lot_Product_3_340,Route_Product_3,5,91528.214,10
FWD_BASE_T26820,Diffusion_FE_127#2,113,Lot_Product_3_341,Route_Product_3,5,91579.90400000001,10
FWD_BASE_T26820,Diffusion_FE_127#2,114,Lot_Product_3_342,Route_Product_3,5,91631.59400000001,10
FWD_BASE_T26820,Diffusion_FE_127#2,115,Lot_Product_3_343,Route_Product_3,5,91683.284,10
FWD_BASE_T26820,Diffusion_FE_127#2,116,Lot_Product_3_344,Route_Product_3,5,91734.974,10
FWD_BASE_T26820,Diffusion_FE_127#2,117,Lot_Product_3_345,Route_Product_3,5,91786.664,10
FWD_BASE_T26820,Diffusion_FE_127#2,118,Lot_Product_3_346,Route_Product_3,5,91838.354,10
FWD_BASE_T26820,Diffusion_FE_127#2,119,Lot_Product_3_347,Route_Product_3,5,91890.04400000001,10
FWD_BASE_T26820,Diffusion_FE_127#2,120,Lot_Product_3_348,Route_Product_3,5,91941.734,10
FWD_BASE_T26820,Diffusion_FE_127#2,121,Lot_Product_3_349,Route_Product_3,5,91993.424,10
FWD_BASE_T26820,Diffusion_FE_127#2,122,Lot_Product_3_350,Route_Product_3,5,92045.114,10
FWD_BASE_T26820,Diffusion_FE_127#2,123,Lot_Product_3_352,Route_Product_3,5,92148.494,10
FWD_BASE_T26820,Diffusion_FE_127#2,124,Lot_Product_3_357,Route_Product_3,5,92406.944,10
FWD_BASE_T26820,Diffusion_FE_127#2,125,Lot_Product_3_358,Route_Product_3,5,92458.634,10
FWD_BASE_T26820,Diffusion_FE_127#2,126,Lot_Product_3_362,Route_Product_3,5,92613.704,10
FWD_BASE_T26820,Diffusion_FE_127#2,127,Lot_Product_3_363,Route_Product_3,5,92665.394,10
FWD_BASE_T26820,Diffusion_FE_127#2,128,Lot_Product_3_365,Route_Product_3,5,92768.774,10
FWD_BASE_T26820,Diffusion_FE_127#2,129,Lot_Product_3_367,Route_Product_3,5,92872.15400000001,10
FWD_BASE_T26820,Diffusion_FE_127#2,130,Lot_Product_3_368,Route_Product_3,5,92923.84400000001,10
FWD_BASE_T26820,Diffusion_FE_127#2,131,Lot_Product_3_369,Route_Product_3,5,92975.534,10
FWD_BASE_T26820,Diffusion_FE_127#2,132,Lot_Product_3_371,Route_Product_3,5,93078.914,10
FWD_BASE_T26820,Diffusion_FE_127#2,133,Lot_Product_3_373,Route_Product_3,5,93182.29400000001,10
FWD_BASE_T26820,Diffusion_FE_127#2,134,Lot_Product_3_374,Route_Product_3,5,93233.984,10
FWD_BASE_T26820,Diffusion_FE_127#2,135,Lot_Product_3_375,Route_Product_3,5,93285.674,10
FWD_BASE_T26820,Diffusion_FE_127#2,136,Lot_Product_3_376,Route_Product_3,5,93337.364,10
FWD_BASE_T26820,Diffusion_FE_127#2,137,Lot_Product_3_377,Route_Product_3,5,93389.054,10
FWD_BASE_T26820,Diffusion_FE_127#2,138,Lot_Product_3_378,Route_Product_3,5,93440.744,10
FWD_BASE_T26820,Diffusion_FE_127#2,139,Lot_Product_3_379,Route_Product_3,5,93492.43400000001,10
FWD_BASE_T26820,Diffusion_FE_127#2,140,Lot_Product_3_380,Route_Product_3,5,93544.12400000001,10
FWD_BASE_T26820,Diffusion_FE_127#2,141,Lot_Product_3_381,Route_Product_3,5,93595.81400000001,10
FWD_BASE_T26820,Diffusion_FE_127#2,142,Lot_Product_3_384,Route_Product_3,5,93750.884,10
FWD_BASE_T26820,Diffusion_FE_127#2,143,Lot_Product_3_386,Route_Product_3,5,93854.264,10
FWD_BASE_T26820,Diffusion_FE_127#2,144,Lot_Product_3_390,Route_Product_3,5,94061.024,10
FWD_BASE_T26820,Diffusion_FE_127#2,145,Lot_Product_3_391,Route_Product_3,5,94112.714,10
FWD_BASE_T26820,Diffusion_FE_127#2,146,Lot_Product_3_394,Route_Product_3,5,94267.784,10
FWD_BASE_T26820,Diffusion_FE_127#2,147,Lot_Product_3_399,Route_Product_3,5,94526.234,10
FWD_BASE_T26820,Diffusion_FE_94#1,1,Lot_Product_4_50,Route_Product_4,177,45122.44333333333,10
FWD_BASE_T26820,Diffusion_FE_94#1,2,Lot_Product_4_94,Route_Product_4,177,47345.11333333333,10
FWD_BASE_T26820,Diffusion_FE_94#1,3,Lot_Product_4_96,Route_Product_4,177,47448.49333333333,10
FWD_BASE_T26820,Diffusion_FE_94#1,4,Lot_Product_4_108,Route_Product_4,177,48068.77333333333,10
FWD_BASE_T26820,Diffusion_FE_125#4,1,Lot_Product_4_59,Route_Product_4,4,45587.65333333333,10
FWD_BASE_T26820,Diffusion_FE_125#4,2,Lot_Product_4_68,Route_Product_4,4,46052.863333333335,10
FWD_BASE_T26820,Diffusion_FE_125#4,3,Lot_Product_4_71,Route_Product_4,4,46207.933333333334,10
FWD_BASE_T26820,Diffusion_FE_125#4,4,Lot_Product_4_133,Route_Product_4,4,49309.33333333333,10
FWD_BASE_T26820,Diffusion_FE_125#4,5,Lot_Product_4_231,Route_Product_4,4,54271.573333333334,10
FWD_BASE_T26820,Diffusion_FE_125#4,6,Lot_Product_4_257,Route_Product_4,4,55563.823333333334,10
FWD_BASE_T26820,Diffusion_FE_125#4,7,Lot_Product_4_260,Route_Product_4,4,55718.89333333333,10
FWD_BASE_T26820,Diffusion_FE_125#4,8,Lot_Product_4_262,Route_Product_4,4,55822.27333333333,10
FWD_BASE_T26820,Diffusion_FE_125#4,9,Lot_Product_4_267,Route_Product_4,4,56080.72333333333,10
FWD_BASE_T26820,Diffusion_FE_125#4,10,Lot_Product_4_281,Route_Product_4,4,56752.69333333333,10
FWD_BASE_T26820,Diffusion_FE_125#4,11,Lot_Product_4_288,Route_Product_4,4,57114.52333333333,10
FWD_BASE_T26820,Diffusion_FE_125#4,12,Lot_Product_4_311,Route_Product_4,4,58303.393333333326,10
FWD_BASE_T26820,Diffusion_FE_125#4,13,Lot_Product_4_321,Route_Product_4,4,58768.60333333333,10
FWD_BASE_T26820,Diffusion_FE_125#4,14,Lot_Product_4_335,Route_Product_4,4,59492.263333333336,10
FWD_BASE_T26820,Diffusion_FE_125#4,15,Lot_Product_4_337,Route_Product_4,4,59595.643333333326,10
FWD_BASE_T26820,Diffusion_FE_125#4,16,Lot_Product_4_338,Route_Product_4,4,59647.33333333333,10
FWD_BASE_T26820,Diffusion_FE_125#4,17,Lot_Product_4_349,Route_Product_4,4,60215.92333333333,10
FWD_BASE_T26820,Diffusion_FE_125#4,18,Lot_Product_4_351,Route_Product_4,4,60319.30333333333,10
FWD_BASE_T26820,Diffusion_FE_125#4,19,Lot_Product_4_354,Route_Product_4,4,60474.37333333333,10
FWD_BASE_T26820,Diffusion_FE_125#4,20,Lot_Product_4_356,Route_Product_4,4,60577.75333333333,10
FWD_BASE_T26820,Diffusion_FE_125#4,21,Lot_Product_4_362,Route_Product_4,4,60836.20333333333,10
FWD_BASE_T26820,Diffusion_FE_125#4,22,Lot_Product_4_382,Route_Product_4,4,61870.00333333333,10
FWD_BASE_T26820,Diffusion_FE_125#4,23,Lot_Product_4_391,Route_Product_4,4,62335.21333333333,10
FWD_BASE_T26820,Diffusion_FE_125#4,24,Lot_Product_4_394,Route_Product_4,4,62490.283333333326,10
FWD_BASE_T26820,Diffusion_FE_125#4,25,Lot_Product_4_397,Route_Product_4,4,62645.35333333333,10
FWD_BASE_T26820,WE_FE_108#13,1,Lot_Product_4_127,Route_Product_4,99,48999.19333333333,10
FWD_BASE_T26820,WE_FE_108#13,2,Lot_Product_4_159,Route_Product_4,11,50653.27333333333,10
FWD_BASE_T26820,WE_FE_108#13,3,Lot_Product_3_44,Route_Product_3,241,76589.804,10
FWD_BASE_T26820,WE_FE_108#13,4,Lot_Product_3_191,Route_Product_3,108,84033.164,10
FWD_BASE_T26820,WE_FE_108#13,5,Lot_Product_3_296,Route_Product_3,8,89305.54400000001,10
FWD_BASE_T26820,Diffusion_FE_44#1,1,Lot_Product_4_23,Route_Product_4,189,43778.503333333334,10
FWD_BASE_T26820,Diffusion_FE_44#1,2,Lot_Product_4_25,Route_Product_4,189,43881.88333333333,10
FWD_BASE_T26820,Diffusion_FE_44#1,3,Lot_Product_4_26,Route_Product_4,189,43933.573333333334,10
FWD_BASE_T26820,Diffusion_FE_44#1,4,Lot_Product_4_47,Route_Product_4,189,44967.37333333333,10
FWD_BASE_T26820,Diffusion_FE_44#1,5,Lot_Product_4_62,Route_Product_4,189,45742.72333333333,10
FWD_BASE_T26820,Diffusion_FE_44#1,6,Lot_Product_4_65,Route_Product_4,189,45897.793333333335,10
FWD_BASE_T26820,Diffusion_FE_44#1,7,Lot_Product_4_70,Route_Product_4,189,46156.24333333333,10
FWD_BASE_T26820,Diffusion_FE_44#1,8,Lot_Product_4_73,Route_Product_4,189,46311.31333333333,10
FWD_BASE_T26820,Diffusion_FE_44#1,9,Lot_Product_4_90,Route_Product_4,189,47138.35333333333,10
FWD_BASE_T26820,Diffusion_FE_44#1,10,Lot_Product_4_104,Route_Product_4,189,47862.01333333333,10
FWD_BASE_T26820,Diffusion_FE_44#1,11,Lot_Product_4_151,Route_Product_4,27,50239.753333333334,10
FWD_BASE_T26820,Diffusion_FE_44#1,12,Lot_Product_3_480,Route_Product_3,24,72204.43333333333,20
FWD_BASE_T26820,Diffusion_FE_44#1,13,Lot_Product_3_155,Route_Product_3,24,82224.01400000001,10
FWD_BASE_T26820,Diffusion_FE_44#1,14,Lot_Product_3_205,Route_Product_3,24,84705.134,10
FWD_BASE_T26820,Diffusion_FE_44#1,15,Lot_Product_3_214,Route_Product_3,24,85170.34400000001,10
FWD_BASE_T26820,Diffusion_FE_44#1,16,Lot_Product_3_223,Route_Product_3,24,85635.554,10
FWD_BASE_T26820,Diffusion_FE_44#1,17,Lot_Product_3_272,Route_Product_3,24,88116.674,10
FWD_BASE_T26820,Diffusion_FE_44#1,18,Lot_Product_3_275,Route_Product_3,24,88271.744,10
FWD_BASE_T26820,Diffusion_FE_44#1,19,Lot_Product_3_287,Route_Product_3,24,88840.334,10
FWD_BASE_T26820,Diffusion_FE_44#1,20,Lot_Product_3_288,Route_Product_3,24,88892.024,10
FWD_BASE_T26820,Diffusion_FE_44#1,21,Lot_Product_3_292,Route_Product_3,24,89098.784,10
FWD_BASE_T26820,Diffusion_FE_44#1,22,Lot_Product_3_293,Route_Product_3,24,89150.474,10
FWD_BASE_T26820,Diffusion_FE_100#1,1,Lot_Product_3_64,Route_Product_3,171,77623.604,10
FWD_BASE_T26820,Diffusion_FE_100#1,2,Lot_Product_3_84,Route_Product_3,171,78605.714,10
FWD_BASE_T26820,Diffusion_FE_100#1,3,Lot_Product_3_110,Route_Product_3,171,79949.65400000001,10
FWD_BASE_T26820,Diffusion_FE_100#1,4,Lot_Product_3_122,Route_Product_3,171,80518.244,10
FWD_BASE_T26820,Diffusion_FE_100#1,5,Lot_Product_3_139,Route_Product_3,171,81396.974,10
FWD_BASE_T26820,Diffusion_FE_100#1,6,Lot_Product_3_141,Route_Product_3,171,81500.354,10
FWD_BASE_T26820,Diffusion_FE_100#1,7,Lot_Product_3_142,Route_Product_3,171,81552.04400000001,10
FWD_BASE_T26820,Diffusion_FE_100#1,8,Lot_Product_3_147,Route_Product_3,171,81810.494,10
FWD_BASE_T26820,Diffusion_FE_100#1,9,Lot_Product_3_150,Route_Product_3,171,81965.564,10
FWD_BASE_T26820,Diffusion_FE_100#1,10,Lot_Product_3_152,Route_Product_3,171,82068.944,10
FWD_BASE_T26820,Diffusion_FE_100#1,11,Lot_Product_3_153,Route_Product_3,171,82120.634,10
FWD_BASE_T26820,Diffusion_FE_100#1,12,Lot_Product_3_159,Route_Product_3,171,82430.774,10
FWD_BASE_T26820,Diffusion_FE_101#4,1,Lot_Product_3_22,Route_Product_3,224,75504.314,10
FWD_BASE_T26820,Diffusion_FE_101#4,2,Lot_Product_3_49,Route_Product_3,224,76848.254,10
FWD_BASE_T26820,Diffusion_FE_101#4,3,Lot_Product_3_52,Route_Product_3,224,77003.32400000001,10
FWD_BASE_T26820,Diffusion_FE_101#4,4,Lot_Product_3_54,Route_Product_3,224,77106.704,10
FWD_BASE_T26820,Diffusion_FE_101#4,5,Lot_Product_3_58,Route_Product_3,224,77313.464,10
FWD_BASE_T26820,Diffusion_FE_101#4,6,Lot_Product_3_59,Route_Product_3,224,77365.15400000001,10
FWD_BASE_T26820,Diffusion_FE_101#4,7,Lot_Product_3_74,Route_Product_3,224,78140.504,10
FWD_BASE_T26820,Diffusion_FE_101#4,8,Lot_Product_3_76,Route_Product_3,224,78243.884,10
FWD_BASE_T26820,Diffusion_FE_101#4,9,Lot_Product_3_81,Route_Product_3,224,78450.644,10
FWD_BASE_T26820,Diffusion_FE_101#4,10,Lot_Product_3_82,Route_Product_3,224,78502.334,10
FWD_BASE_T26820,Diffusion_FE_101#4,11,Lot_Product_3_85,Route_Product_3,224,78657.40400000001,10
FWD_BASE_T26820,Diffusion_FE_101#4,12,Lot_Product_3_87,Route_Product_3,224,78760.784,10
FWD_BASE_T26820,DefMet_FE_43#3,1,Lot_Product_3_151,Route_Product_3,173,82017.254,10
FWD_BASE_T26820,DefMet_FE_43#3,2,Lot_Product_3_273,Route_Product_3,25,88168.364,10
FWD_BASE_T26820,DefMet_FE_43#3,3,Lot_Product_3_294,Route_Product_3,25,89202.164,10
FWD_BASE_T26820,TF_Met_FE_61#1,1,Lot_Product_4_144,Route_Product_4,110,49877.92333333333,10
FWD_BASE_T26820,TF_Met_FE_61#1,2,Lot_Product_3_32,Route_Product_3,239,76021.214,10
FWD_BASE_T26820,LithoMet_FE_19#11,1,Lot_Product_4_120,Route_Product_4,191,34749.85533333333,20
FWD_BASE_T26820,LithoMet_FE_19#11,2,Lot_Product_4_149,Route_Product_4,111,50136.37333333333,10
FWD_BASE_T26820,Implant_91#4,1,Lot_Product_3_67,Route_Product_3,193,77778.674,10
FWD_BASE_T26820,Litho_FE_92#12,1,Lot_Product_4_69,Route_Product_4,190,46104.55333333333,10
FWD_BASE_T26820,Implant_128#11,1,Lot_Product_4_85,Route_Product_4,113,46879.90333333333,10
FWD_BASE_T26820,Litho_REG_FE_64#5,1,Lot_Product_4_131,Route_Product_4,112,49205.95333333333,10
