run_id,snapshot_time,scope,kpi_name,value,window_minutes,numerator,denominator,meta
5c70f9bc86fe,26880.0,DE_BE_11,available_tool_ratio,1.0,,11.0,11.0,
5c70f9bc86fe,26880.0,DE_BE_11,wip,2.0,,0.0,2.0,
5c70f9bc86fe,26880.0,DE_BE_11,q_time_min,0.0,,0.0,0.0,
5c70f9bc86fe,26880.0,DE_BE_11,wait_ratio,0.0,,0.0,11.0,
5c70f9bc86fe,26880.0,DE_BE_12,available_tool_ratio,1.0,,10.0,10.0,
5c70f9bc86fe,26880.0,DE_BE_12,wip,0.0,,0.0,0.0,
5c70f9bc86fe,26880.0,DE_BE_12,q_time_min,0.0,,0.0,0.0,
5c70f9bc86fe,26880.0,DE_BE_12,wait_ratio,0.0,,0.0,10.0,
5c70f9bc86fe,26880.0,DE_BE_13,available_tool_ratio,1.0,,23.0,23.0,
5c70f9bc86fe,26880.0,DE_BE_13,wip,5.0,,0.0,5.0,
5c70f9bc86fe,26880.0,DE_BE_13,q_time_min,0.0,,0.0,0.0,
5c70f9bc86fe,26880.0,DE_BE_13,wait_ratio,0.0,,0.0,23.0,
5c70f9bc86fe,26880.0,DE_BE_48,available_tool_ratio,1.0,,12.0,12.0,
5c70f9bc86fe,26880.0,DE_BE_48,wip,0.0,,0.0,0.0,
5c70f9bc86fe,26880.0,DE_BE_48,q_time_min,0.0,,0.0,0.0,
5c70f9bc86fe,26880.0,DE_BE_48,wait_ratio,0.0,,0.0,12.0,
5c70f9bc86fe,26880.0,DE_BE_50,available_tool_ratio,1.0,,9.0,9.0,
5c70f9bc86fe,26880.0,DE_BE_50,wip,0.0,,0.0,0.0,
5c70f9bc86fe,26880.0,DE_BE_50,q_time_min,0.0,,0.0,0.0,
5c70f9bc86fe,26880.0,DE_BE_50,wait_ratio,0.0,,0.0,9.0,
5c70f9bc86fe,26880.0,DE_BE_65,available_tool_ratio,1.0,,18.0,18.0,
5c70f9bc86fe,26880.0,DE_BE_65,wip,2.0,,0.0,2.0,
5c70f9bc86fe,26880.0,DE_BE_65,q_time_min,0.0,,0.0,0.0,
5c70f9bc86fe,26880.0,DE_BE_65,wait_ratio,0.0,,0.0,18.0,
5c70f9bc86fe,26880.0,DE_BE_66,available_tool_ratio,1.0,,22.0,22.0,
5c70f9bc86fe,26880.0,DE_BE_66,wip,2.0,,0.0,2.0,
5c70f9bc86fe,26880.0,DE_BE_66,q_time_min,0.0,,0.0,0.0,
5c70f9bc86fe,26880.0,DE_BE_66,wait_ratio,0.0,,0.0,22.0,
5c70f9bc86fe,26880.0,DE_BE_67,available_tool_ratio,1.0,,12.0,12.0,
5c70f9bc86fe,26880.0,DE_BE_67,wip,1.0,,0.0,1.0,
5c70f9bc86fe,26880.0,DE_BE_67,q_time_min,0.0,,0.0,0.0,
5c70f9bc86fe,26880.0,DE_BE_67,wait_ratio,0.0,,0.0,12.0,
5c70f9bc86fe,26880.0,DE_BE_69,available_tool_ratio,1.0,,2.0,2.0,
5c70f9bc86fe,26880.0,DE_BE_69,wip,0.0,,0.0,0.0,
5c70f9bc86fe,26880.0,DE_BE_69,q_time_min,0.0,,0.0,0.0,
5c70f9bc86fe,26880.0,DE_BE_69,wait_ratio,0.0,,0.0,2.0,
5c70f9bc86fe,26880.0,DE_FE_1,available_tool_ratio,1.0,,8.0,8.0,
5c70f9bc86fe,26880.0,DE_FE_1,wip,1.0,,0.0,1.0,
5c70f9bc86fe,26880.0,DE_FE_1,q_time_min,0.0,,0.0,0.0,
5c70f9bc86fe,26880.0,DE_FE_1,wait_ratio,0.0,,0.0,8.0,
5c70f9bc86fe,26880.0,DE_FE_51,available_tool_ratio,1.0,,22.0,22.0,
5c70f9bc86fe,26880.0,DE_FE_51,wip,6.0,,0.0,6.0,
5c70f9bc86fe,26880.0,DE_FE_51,q_time_min,0.0,,0.0,0.0,
5c70f9bc86fe,26880.0,DE_FE_51,wait_ratio,0.0,,0.0,22.0,
5c70f9bc86fe,26880.0,DE_FE_53,available_tool_ratio,1.0,,5.0,5.0,
5c70f9bc86fe,26880.0,DE_FE_53,wip,4.0,,0.0,4.0,
5c70f9bc86fe,26880.0,DE_FE_53,q_time_min,0.0,,0.0,0.0,
5c70f9bc86fe,26880.0,DE_FE_53,wait_ratio,0.0,,0.0,5.0,
5c70f9bc86fe,26880.0,DE_FE_54,available_tool_ratio,1.0,,6.0,6.0,
5c70f9bc86fe,26880.0,DE_FE_54,wip,6.0,,0.0,6.0,
5c70f9bc86fe,26880.0,DE_FE_54,q_time_min,0.0,,0.0,0.0,
5c70f9bc86fe,26880.0,DE_FE_54,wait_ratio,0.0,,0.0,6.0,
5c70f9bc86fe,26880.0,DE_FE_56,available_tool_ratio,1.0,,3.0,3.0,
5c70f9bc86fe,26880.0,DE_FE_56,wip,0.0,,0.0,0.0,
5c70f9bc86fe,26880.0,DE_FE_56,q_time_min,0.0,,0.0,0.0,
5c70f9bc86fe,26880.0,DE_FE_56,wait_ratio,0.0,,0.0,3.0,
5c70f9bc86fe,26880.0,DE_FE_58,available_tool_ratio,1.0,,3.0,3.0,
5c70f9bc86fe,26880.0,DE_FE_58,wip,0.0,,0.0,0.0,
5c70f9bc86fe,26880.0,DE_FE_58,q_time_min,0.0,,0.0,0.0,
5c70f9bc86fe,26880.0,DE_FE_58,wait_ratio,0.0,,0.0,3.0,
5c70f9bc86fe,26880.0,DE_FE_59,available_tool_ratio,1.0,,17.0,17.0,
5c70f9bc86fe,26880.0,DE_FE_59,wip,14.0,,0.0,14.0,
5c70f9bc86fe,26880.0,DE_FE_59,q_time_min,0.0,,0.0,0.0,
5c70f9bc86fe,26880.0,DE_FE_59,wait_ratio,0.0,,0.0,17.0,
5c70f9bc86fe,26880.0,DE_FE_62,available_tool_ratio,1.0,,17.0,17.0,
5c70f9bc86fe,26880.0,DE_FE_62,wip,0.0,,0.0,0.0,
5c70f9bc86fe,26880.0,DE_FE_62,q_time_min,0.0,,0.0,0.0,
5c70f9bc86fe,26880.0,DE_FE_62,wait_ratio,0.0,,0.0,17.0,
5c70f9bc86fe,26880.0,DE_FE_70,available_tool_ratio,1.0,,15.0,15.0,
5c70f9bc86fe,26880.0,DE_FE_70,wip,0.0,,0.0,0.0,
5c70f9bc86fe,26880.0,DE_FE_70,q_time_min,0.0,,0.0,0.0,
5c70f9bc86fe,26880.0,DE_FE_70,wait_ratio,0.0,,0.0,15.0,
5c70f9bc86fe,26880.0,DE_FE_71,available_tool_ratio,0.9354838709677419,,29.0,31.0,
5c70f9bc86fe,26880.0,DE_FE_71,wip,14.0,,0.0,14.0,
5c70f9bc86fe,26880.0,DE_FE_71,q_time_min,0.0,,0.0,0.0,
5c70f9bc86fe,26880.0,DE_FE_71,wait_ratio,0.0,,0.0,29.0,
5c70f9bc86fe,26880.0,DE_FE_72,available_tool_ratio,1.0,,11.0,11.0,
5c70f9bc86fe,26880.0,DE_FE_72,wip,0.0,,0.0,0.0,
5c70f9bc86fe,26880.0,DE_FE_72,q_time_min,0.0,,0.0,0.0,
5c70f9bc86fe,26880.0,DE_FE_72,wait_ratio,0.0,,0.0,11.0,
5c70f9bc86fe,26880.0,DE_FE_86,available_tool_ratio,0.98,,147.0,150.0,
5c70f9bc86fe,26880.0,DE_FE_86,wip,38.0,,0.0,38.0,
5c70f9bc86fe,26880.0,DE_FE_86,q_time_min,0.0,,0.0,0.0,
5c70f9bc86fe,26880.0,DE_FE_86,wait_ratio,0.0,,0.0,147.0,
5c70f9bc86fe,26880.0,DefMet_BE_33,available_tool_ratio,1.0,,2.0,2.0,
5c70f9bc86fe,26880.0,DefMet_BE_33,wip,0.0,,0.0,0.0,
5c70f9bc86fe,26880.0,DefMet_BE_33,q_time_min,0.0,,0.0,0.0,
5c70f9bc86fe,26880.0,DefMet_BE_33,wait_ratio,0.0,,0.0,2.0,
5c70f9bc86fe,26880.0,DefMet_BE_42,available_tool_ratio,1.0,,1.0,1.0,
5c70f9bc86fe,26880.0,DefMet_BE_42,wip,0.0,,0.0,0.0,
5c70f9bc86fe,26880.0,DefMet_BE_42,q_time_min,0.0,,0.0,0.0,
5c70f9bc86fe,26880.0,DefMet_BE_42,wait_ratio,0.0,,0.0,1.0,
5c70f9bc86fe,26880.0,DefMet_FE_10,available_tool_ratio,1.0,,3.0,3.0,
5c70f9bc86fe,26880.0,DefMet_FE_10,wip,0.0,,0.0,0.0,
5c70f9bc86fe,26880.0,DefMet_FE_10,q_time_min,0.0,,0.0,0.0,
5c70f9bc86fe,26880.0,DefMet_FE_10,wait_ratio,0.0,,0.0,3.0,
5c70f9bc86fe,26880.0,DefMet_FE_106,available_tool_ratio,1.0,,1.0,1.0,
5c70f9bc86fe,26880.0,DefMet_FE_106,wip,0.0,,0.0,0.0,
5c70f9bc86fe,26880.0,DefMet_FE_106,q_time_min,0.0,,0.0,0.0,
5c70f9bc86fe,26880.0,DefMet_FE_106,wait_ratio,0.0,,0.0,1.0,
5c70f9bc86fe,26880.0,DefMEt_FE_118,available_tool_ratio,1.0,,2.0,2.0,
5c70f9bc86fe,26880.0,DefMEt_FE_118,wip,126.0,,124.0,2.0,
5c70f9bc86fe,26880.0,DefMEt_FE_118,q_time_min,60.0,,7440.0,124.0,
5c70f9bc86fe,26880.0,DefMEt_FE_118,wait_ratio,62.0,,124.0,2.0,
5c70f9bc86fe,26880.0,DefMet_FE_34,available_tool_ratio,1.0,,2.0,2.0,
5c70f9bc86fe,26880.0,DefMet_FE_34,wip,1.0,,0.0,1.0,
5c70f9bc86fe,26880.0,DefMet_FE_34,q_time_min,0.0,,0.0,0.0,
5c70f9bc86fe,26880.0,DefMet_FE_34,wait_ratio,0.0,,0.0,2.0,
5c70f9bc86fe,26880.0,DefMet_FE_43,available_tool_ratio,1.0,,6.0,6.0,
5c70f9bc86fe,26880.0,DefMet_FE_43,wip,8.0,,6.0,2.0,
5c70f9bc86fe,26880.0,DefMet_FE_43,q_time_min,60.0,,360.0,6.0,
5c70f9bc86fe,26880.0,DefMet_FE_43,wait_ratio,1.0,,6.0,6.0,
5c70f9bc86fe,26880.0,Delay_32,available_tool_ratio,1.0,,400.0,400.0,
5c70f9bc86fe,26880.0,Delay_32,wip,40.0,,0.0,40.0,
5c70f9bc86fe,26880.0,Delay_32,q_time_min,0.0,,0.0,0.0,
5c70f9bc86fe,26880.0,Delay_32,wait_ratio,0.0,,0.0,400.0,
5c70f9bc86fe,26880.0,Dielectric_BE_20,available_tool_ratio,1.0,,6.0,6.0,
5c70f9bc86fe,26880.0,Dielectric_BE_20,wip,0.0,,0.0,0.0,
5c70f9bc86fe,26880.0,Dielectric_BE_20,q_time_min,0.0,,0.0,0.0,
5c70f9bc86fe,26880.0,Dielectric_BE_20,wait_ratio,0.0,,0.0,6.0,
5c70f9bc86fe,26880.0,Dielectric_BE_21,available_tool_ratio,1.0,,9.0,9.0,
5c70f9bc86fe,26880.0,Dielectric_BE_21,wip,2.0,,0.0,2.0,
5c70f9bc86fe,26880.0,Dielectric_BE_21,q_time_min,0.0,,0.0,0.0,
5c70f9bc86fe,26880.0,Dielectric_BE_21,wait_ratio,0.0,,0.0,9.0,
5c70f9bc86fe,26880.0,Dielectric_BE_27,available_tool_ratio,1.0,,17.0,17.0,
5c70f9bc86fe,26880.0,Dielectric_BE_27,wip,3.0,,0.0,3.0,
5c70f9bc86fe,26880.0,Dielectric_BE_27,q_time_min,0.0,,0.0,0.0,
5c70f9bc86fe,26880.0,Dielectric_BE_27,wait_ratio,0.0,,0.0,17.0,
5c70f9bc86fe,26880.0,Dielectric_BE_28,available_tool_ratio,1.0,,5.0,5.0,
5c70f9bc86fe,26880.0,Dielectric_BE_28,wip,1.0,,0.0,1.0,
5c70f9bc86fe,26880.0,Dielectric_BE_28,q_time_min,0.0,,0.0,0.0,
5c70f9bc86fe,26880.0,Dielectric_BE_28,wait_ratio,0.0,,0.0,5.0,
5c70f9bc86fe,26880.0,Dielectric_BE_60,available_tool_ratio,1.0,,5.0,5.0,
5c70f9bc86fe,26880.0,Dielectric_BE_60,wip,0.0,,0.0,0.0,
5c70f9bc86fe,26880.0,Dielectric_BE_60,q_time_min,0.0,,0.0,0.0,
5c70f9bc86fe,26880.0,Dielectric_BE_60,wait_ratio,0.0,,0.0,5.0,
5c70f9bc86fe,26880.0,Dielectric_FE_112,available_tool_ratio,0.9166666666666666,,11.0,12.0,
5c70f9bc86fe,26880.0,Dielectric_FE_112,wip,1.0,,0.0,1.0,
5c70f9bc86fe,26880.0,Dielectric_FE_112,q_time_min,0.0,,0.0,0.0,
5c70f9bc86fe,26880.0,Dielectric_FE_112,wait_ratio,0.0,,0.0,11.0,
5c70f9bc86fe,26880.0,Dielectric_FE_130,available_tool_ratio,0.8,,4.0,5.0,
5c70f9bc86fe,26880.0,Dielectric_FE_130,wip,1.0,,0.0,1.0,
5c70f9bc86fe,26880.0,Dielectric_FE_130,q_time_min,0.0,,0.0,0.0,
5c70f9bc86fe,26880.0,Dielectric_FE_130,wait_ratio,0.0,,0.0,4.0,
5c70f9bc86fe,26880.0,Dielectric_FE_29,available_tool_ratio,1.0,,4.0,4.0,
5c70f9bc86fe,26880.0,Dielectric_FE_29,wip,0.0,,0.0,0.0,
5c70f9bc86fe,26880.0,Dielectric_FE_29,q_time_min,0.0,,0.0,0.0,
5c70f9bc86fe,26880.0,Dielectric_FE_29,wait_ratio,0.0,,0.0,4.0,
5c70f9bc86fe,26880.0,Dielectric_FE_30,available_tool_ratio,1.0,,2.0,2.0,
5c70f9bc86fe,26880.0,Dielectric_FE_30,wip,2.0,,0.0,2.0,
5c70f9bc86fe,26880.0,Dielectric_FE_30,q_time_min,0.0,,0.0,0.0,
5c70f9bc86fe,26880.0,Dielectric_FE_30,wait_ratio,0.0,,0.0,2.0,
5c70f9bc86fe,26880.0,Dielectric_FE_31,available_tool_ratio,1.0,,5.0,5.0,
5c70f9bc86fe,26880.0,Dielectric_FE_31,wip,0.0,,0.0,0.0,
5c70f9bc86fe,26880.0,Dielectric_FE_31,q_time_min,0.0,,0.0,0.0,
5c70f9bc86fe,26880.0,Dielectric_FE_31,wait_ratio,0.0,,0.0,5.0,
5c70f9bc86fe,26880.0,Diffusion_BE_123,available_tool_ratio,1.0,,12.0,12.0,
5c70f9bc86fe,26880.0,Diffusion_BE_123,wip,0.0,,0.0,0.0,
5c70f9bc86fe,26880.0,Diffusion_BE_123,q_time_min,0.0,,0.0,0.0,
5c70f9bc86fe,26880.0,Diffusion_BE_123,wait_ratio,0.0,,0.0,12.0,
5c70f9bc86fe,26880.0,Diffusion_FE_100,available_tool_ratio,1.0,,2.0,2.0,
5c70f9bc86fe,26880.0,Diffusion_FE_100,wip,14.0,,14.0,0.0,
5c70f9bc86fe,26880.0,Diffusion_FE_100,q_time_min,60.0,,840.0,14.0,
5c70f9bc86fe,26880.0,Diffusion_FE_100,wait_ratio,7.0,,14.0,2.0,
5c70f9bc86fe,26880.0,Diffusion_FE_101,available_tool_ratio,1.0,,8.0,8.0,
5c70f9bc86fe,26880.0,Diffusion_FE_101,wip,17.0,,14.0,3.0,
5c70f9bc86fe,26880.0,Diffusion_FE_101,q_time_min,60.0,,840.0,14.0,
5c70f9bc86fe,26880.0,Diffusion_FE_101,wait_ratio,1.75,,14.0,8.0,
5c70f9bc86fe,26880.0,Diffusion_FE_120,available_tool_ratio,1.0,,11.0,11.0,
5c70f9bc86fe,26880.0,Diffusion_FE_120,wip,537.0,,532.0,5.0,
5c70f9bc86fe,26880.0,Diffusion_FE_120,q_time_min,60.0,,31920.0,532.0,
5c70f9bc86fe,26880.0,Diffusion_FE_120,wait_ratio,48.36363636363637,,532.0,11.0,
5c70f9bc86fe,26880.0,Diffusion_FE_122,available_tool_ratio,1.0,,5.0,5.0,
5c70f9bc86fe,26880.0,Diffusion_FE_122,wip,18.0,,16.0,2.0,
5c70f9bc86fe,26880.0,Diffusion_FE_122,q_time_min,60.0,,960.0,16.0,
5c70f9bc86fe,26880.0,Diffusion_FE_122,wait_ratio,3.2,,16.0,5.0,
5c70f9bc86fe,26880.0,Diffusion_FE_125,available_tool_ratio,1.0,,4.0,4.0,
5c70f9bc86fe,26880.0,Diffusion_FE_125,wip,34.0,,31.0,3.0,
5c70f9bc86fe,26880.0,Diffusion_FE_125,q_time_min,60.0,,1860.0,31.0,
5c70f9bc86fe,26880.0,Diffusion_FE_125,wait_ratio,7.75,,31.0,4.0,
5c70f9bc86fe,26880.0,Diffusion_FE_126,available_tool_ratio,1.0,,3.0,3.0,
5c70f9bc86fe,26880.0,Diffusion_FE_126,wip,0.0,,0.0,0.0,
5c70f9bc86fe,26880.0,Diffusion_FE_126,q_time_min,0.0,,0.0,0.0,
5c70f9bc86fe,26880.0,Diffusion_FE_126,wait_ratio,0.0,,0.0,3.0,
5c70f9bc86fe,26880.0,Diffusion_FE_127,available_tool_ratio,1.0,,9.0,9.0,
5c70f9bc86fe,26880.0,Diffusion_FE_127,wip,158.0,,155.0,3.0,
5c70f9bc86fe,26880.0,Diffusion_FE_127,q_time_min,60.0,,9300.0,155.0,
5c70f9bc86fe,26880.0,Diffusion_FE_127,wait_ratio,17.22222222222222,,155.0,9.0,
5c70f9bc86fe,26880.0,Diffusion_FE_44,available_tool_ratio,1.0,,11.0,11.0,
5c70f9bc86fe,26880.0,Diffusion_FE_44,wip,14.0,,4.0,10.0,
5c70f9bc86fe,26880.0,Diffusion_FE_44,q_time_min,60.0,,240.0,4.0,
5c70f9bc86fe,26880.0,Diffusion_FE_44,wait_ratio,0.36363636363636365,,4.0,11.0,
5c70f9bc86fe,26880.0,Diffusion_FE_94,available_tool_ratio,1.0,,11.0,11.0,
5c70f9bc86fe,26880.0,Diffusion_FE_94,wip,0.0,,0.0,0.0,
5c70f9bc86fe,26880.0,Diffusion_FE_94,q_time_min,0.0,,0.0,0.0,
5c70f9bc86fe,26880.0,Diffusion_FE_94,wait_ratio,0.0,,0.0,11.0,
5c70f9bc86fe,26880.0,EPI_36,available_tool_ratio,1.0,,2.0,2.0,
5c70f9bc86fe,26880.0,EPI_36,wip,0.0,,0.0,0.0,
5c70f9bc86fe,26880.0,EPI_36,q_time_min,0.0,,0.0,0.0,
5c70f9bc86fe,26880.0,EPI_36,wait_ratio,0.0,,0.0,2.0,
5c70f9bc86fe,26880.0,EPI_38,available_tool_ratio,1.0,,1.0,1.0,
5c70f9bc86fe,26880.0,EPI_38,wip,1.0,,0.0,1.0,
5c70f9bc86fe,26880.0,EPI_38,q_time_min,0.0,,0.0,0.0,
5c70f9bc86fe,26880.0,EPI_38,wait_ratio,0.0,,0.0,1.0,
5c70f9bc86fe,26880.0,Implant_119,available_tool_ratio,1.0,,2.0,2.0,
5c70f9bc86fe,26880.0,Implant_119,wip,0.0,,0.0,0.0,
5c70f9bc86fe,26880.0,Implant_119,q_time_min,0.0,,0.0,0.0,
5c70f9bc86fe,26880.0,Implant_119,wait_ratio,0.0,,0.0,2.0,
5c70f9bc86fe,26880.0,Implant_128,available_tool_ratio,0.8181818181818182,,9.0,11.0,
5c70f9bc86fe,26880.0,Implant_128,wip,6.0,,1.0,5.0,
5c70f9bc86fe,26880.0,Implant_128,q_time_min,60.0,,60.0,1.0,
5c70f9bc86fe,26880.0,Implant_128,wait_ratio,0.1111111111111111,,1.0,9.0,
5c70f9bc86fe,26880.0,Implant_132,available_tool_ratio,0.875,,7.0,8.0,
5c70f9bc86fe,26880.0,Implant_132,wip,6.0,,0.0,6.0,
5c70f9bc86fe,26880.0,Implant_132,q_time_min,0.0,,0.0,0.0,
5c70f9bc86fe,26880.0,Implant_132,wait_ratio,0.0,,0.0,7.0,
5c70f9bc86fe,26880.0,Implant_74,available_tool_ratio,1.0,,2.0,2.0,
5c70f9bc86fe,26880.0,Implant_74,wip,0.0,,0.0,0.0,
5c70f9bc86fe,26880.0,Implant_74,q_time_min,0.0,,0.0,0.0,
5c70f9bc86fe,26880.0,Implant_74,wait_ratio,0.0,,0.0,2.0,
5c70f9bc86fe,26880.0,Implant_88,available_tool_ratio,1.0,,2.0,2.0,
5c70f9bc86fe,26880.0,Implant_88,wip,1.0,,0.0,1.0,
5c70f9bc86fe,26880.0,Implant_88,q_time_min,0.0,,0.0,0.0,
5c70f9bc86fe,26880.0,Implant_88,wait_ratio,0.0,,0.0,2.0,
5c70f9bc86fe,26880.0,Implant_90,available_tool_ratio,1.0,,2.0,2.0,
5c70f9bc86fe,26880.0,Implant_90,wip,0.0,,0.0,0.0,
5c70f9bc86fe,26880.0,Implant_90,q_time_min,0.0,,0.0,0.0,
5c70f9bc86fe,26880.0,Implant_90,wait_ratio,0.0,,0.0,2.0,
5c70f9bc86fe,26880.0,Implant_91,available_tool_ratio,0.8333333333333334,,5.0,6.0,
5c70f9bc86fe,26880.0,Implant_91,wip,3.0,,0.0,3.0,
5c70f9bc86fe,26880.0,Implant_91,q_time_min,0.0,,0.0,0.0,
5c70f9bc86fe,26880.0,Implant_91,wait_ratio,0.0,,0.0,5.0,
5c70f9bc86fe,26880.0,Litho_BE_110,available_tool_ratio,0.896551724137931,,26.0,29.0,
5c70f9bc86fe,26880.0,Litho_BE_110,wip,6.0,,0.0,6.0,
5c70f9bc86fe,26880.0,Litho_BE_110,q_time_min,0.0,,0.0,0.0,
5c70f9bc86fe,26880.0,Litho_BE_110,wait_ratio,0.0,,0.0,26.0,
5c70f9bc86fe,26880.0,Litho_BE_93,available_tool_ratio,1.0,,3.0,3.0,
5c70f9bc86fe,26880.0,Litho_BE_93,wip,0.0,,0.0,0.0,
5c70f9bc86fe,26880.0,Litho_BE_93,q_time_min,0.0,,0.0,0.0,
5c70f9bc86fe,26880.0,Litho_BE_93,wait_ratio,0.0,,0.0,3.0,
5c70f9bc86fe,26880.0,Litho_BE_99,available_tool_ratio,0.6666666666666666,,2.0,3.0,
5c70f9bc86fe,26880.0,Litho_BE_99,wip,1.0,,0.0,1.0,
5c70f9bc86fe,26880.0,Litho_BE_99,q_time_min,0.0,,0.0,0.0,
5c70f9bc86fe,26880.0,Litho_BE_99,wait_ratio,0.0,,0.0,2.0,
5c70f9bc86fe,26880.0,Litho_FE_111,available_tool_ratio,0.8260869565217391,,19.0,23.0,
5c70f9bc86fe,26880.0,Litho_FE_111,wip,8.0,,0.0,8.0,
5c70f9bc86fe,26880.0,Litho_FE_111,q_time_min,0.0,,0.0,0.0,
5c70f9bc86fe,26880.0,Litho_FE_111,wait_ratio,0.0,,0.0,19.0,
5c70f9bc86fe,26880.0,Litho_FE_35,available_tool_ratio,1.0,,2.0,2.0,
5c70f9bc86fe,26880.0,Litho_FE_35,wip,1.0,,0.0,1.0,
5c70f9bc86fe,26880.0,Litho_FE_35,q_time_min,0.0,,0.0,0.0,
5c70f9bc86fe,26880.0,Litho_FE_35,wait_ratio,0.0,,0.0,2.0,
5c70f9bc86fe,26880.0,Litho_FE_92,available_tool_ratio,0.8823529411764706,,30.0,34.0,
5c70f9bc86fe,26880.0,Litho_FE_92,wip,15.0,,2.0,13.0,
5c70f9bc86fe,26880.0,Litho_FE_92,q_time_min,60.0,,120.0,2.0,
5c70f9bc86fe,26880.0,Litho_FE_92,wait_ratio,0.06666666666666667,,2.0,30.0,
5c70f9bc86fe,26880.0,Litho_FE_98,available_tool_ratio,0.8333333333333334,,5.0,6.0,
5c70f9bc86fe,26880.0,Litho_FE_98,wip,5.0,,0.0,5.0,
5c70f9bc86fe,26880.0,Litho_FE_98,q_time_min,0.0,,0.0,0.0,
5c70f9bc86fe,26880.0,Litho_FE_98,wait_ratio,0.0,,0.0,5.0,
5c70f9bc86fe,26880.0,Litho_REG_BE_63,available_tool_ratio,1.0,,9.0,9.0,
5c70f9bc86fe,26880.0,Litho_REG_BE_63,wip,2.0,,0.0,2.0,
5c70f9bc86fe,26880.0,Litho_REG_BE_63,q_time_min,0.0,,0.0,0.0,
5c70f9bc86fe,26880.0,Litho_REG_BE_63,wait_ratio,0.0,,0.0,9.0,
5c70f9bc86fe,26880.0,Litho_REG_FE_64,available_tool_ratio,1.0,,15.0,15.0,
5c70f9bc86fe,26880.0,Litho_REG_FE_64,wip,11.0,,1.0,10.0,
5c70f9bc86fe,26880.0,Litho_REG_FE_64,q_time_min,60.0,,60.0,1.0,
5c70f9bc86fe,26880.0,Litho_REG_FE_64,wait_ratio,0.06666666666666667,,1.0,15.0,
5c70f9bc86fe,26880.0,LithoMet_BE_18,available_tool_ratio,0.8666666666666667,,13.0,15.0,
5c70f9bc86fe,26880.0,LithoMet_BE_18,wip,7.0,,0.0,7.0,
5c70f9bc86fe,26880.0,LithoMet_BE_18,q_time_min,0.0,,0.0,0.0,
5c70f9bc86fe,26880.0,LithoMet_BE_18,wait_ratio,0.0,,0.0,13.0,
5c70f9bc86fe,26880.0,LithoMet_FE_19,available_tool_ratio,0.9,,18.0,20.0,
5c70f9bc86fe,26880.0,LithoMet_FE_19,wip,17.0,,2.0,15.0,
5c70f9bc86fe,26880.0,LithoMet_FE_19,q_time_min,60.0,,120.0,2.0,
5c70f9bc86fe,26880.0,LithoMet_FE_19,wait_ratio,0.1111111111111111,,2.0,18.0,
5c70f9bc86fe,26880.0,LithoTrack_BE_117,available_tool_ratio,1.0,,5.0,5.0,
5c70f9bc86fe,26880.0,LithoTrack_BE_117,wip,3.0,,0.0,3.0,
5c70f9bc86fe,26880.0,LithoTrack_BE_117,q_time_min,0.0,,0.0,0.0,
5c70f9bc86fe,26880.0,LithoTrack_BE_117,wait_ratio,0.0,,0.0,5.0,
5c70f9bc86fe,26880.0,LithoTrack_FE_115,available_tool_ratio,0.8888888888888888,,48.0,54.0,
5c70f9bc86fe,26880.0,LithoTrack_FE_115,wip,17.0,,0.0,17.0,
5c70f9bc86fe,26880.0,LithoTrack_FE_115,q_time_min,0.0,,0.0,0.0,
5c70f9bc86fe,26880.0,LithoTrack_FE_115,wait_ratio,0.0,,0.0,48.0,
5c70f9bc86fe,26880.0,LithoTrack_FE_95,available_tool_ratio,0.9056603773584906,,48.0,53.0,
5c70f9bc86fe,26880.0,LithoTrack_FE_95,wip,10.0,,0.0,10.0,
5c70f9bc86fe,26880.0,LithoTrack_FE_95,q_time_min,0.0,,0.0,0.0,
5c70f9bc86fe,26880.0,LithoTrack_FE_95,wait_ratio,0.0,,0.0,48.0,
5c70f9bc86fe,26880.0,LithoTrack_FE_96,available_tool_ratio,1.0,,2.0,2.0,
5c70f9bc86fe,26880.0,LithoTrack_FE_96,wip,0.0,,0.0,0.0,
5c70f9bc86fe,26880.0,LithoTrack_FE_96,q_time_min,0.0,,0.0,0.0,
5c70f9bc86fe,26880.0,LithoTrack_FE_96,wait_ratio,0.0,,0.0,2.0,
5c70f9bc86fe,26880.0,Planar_BE_75,available_tool_ratio,0.9090909090909091,,20.0,22.0,
5c70f9bc86fe,26880.0,Planar_BE_75,wip,5.0,,0.0,5.0,
5c70f9bc86fe,26880.0,Planar_BE_75,q_time_min,0.0,,0.0,0.0,
5c70f9bc86fe,26880.0,Planar_BE_75,wait_ratio,0.0,,0.0,20.0,
5c70f9bc86fe,26880.0,Planar_FE_76,available_tool_ratio,0.6666666666666666,,2.0,3.0,
5c70f9bc86fe,26880.0,Planar_FE_76,wip,1.0,,0.0,1.0,
5c70f9bc86fe,26880.0,Planar_FE_76,q_time_min,0.0,,0.0,0.0,
5c70f9bc86fe,26880.0,Planar_FE_76,wait_ratio,0.0,,0.0,2.0,
5c70f9bc86fe,26880.0,Planar_FE_77,available_tool_ratio,1.0,,3.0,3.0,
5c70f9bc86fe,26880.0,Planar_FE_77,wip,3.0,,0.0,3.0,
5c70f9bc86fe,26880.0,Planar_FE_77,q_time_min,0.0,,0.0,0.0,
5c70f9bc86fe,26880.0,Planar_FE_77,wait_ratio,0.0,,0.0,3.0,
5c70f9bc86fe,26880.0,Planar_FE_78,available_tool_ratio,1.0,,2.0,2.0,
5c70f9bc86fe,26880.0,Planar_FE_78,wip,0.0,,0.0,0.0,
5c70f9bc86fe,26880.0,Planar_FE_78,q_time_min,0.0,,0.0,0.0,
5c70f9bc86fe,26880.0,Planar_FE_78,wait_ratio,0.0,,0.0,2.0,
5c70f9bc86fe,26880.0,Planar_FE_79,available_tool_ratio,1.0,,6.0,6.0,
5c70f9bc86fe,26880.0,Planar_FE_79,wip,0.0,,0.0,0.0,
5c70f9bc86fe,26880.0,Planar_FE_79,q_time_min,0.0,,0.0,0.0,
5c70f9bc86fe,26880.0,Planar_FE_79,wait_ratio,0.0,,0.0,6.0,
5c70f9bc86fe,26880.0,Planar_FE_80,available_tool_ratio,0.5,,1.0,2.0,
5c70f9bc86fe,26880.0,Planar_FE_80,wip,1.0,,0.0,1.0,
5c70f9bc86fe,26880.0,Planar_FE_80,q_time_min,0.0,,0.0,0.0,
5c70f9bc86fe,26880.0,Planar_FE_80,wait_ratio,0.0,,0.0,1.0,
5c70f9bc86fe,26880.0,TF_BE_2,available_tool_ratio,1.0,,4.0,4.0,
5c70f9bc86fe,26880.0,TF_BE_2,wip,0.0,,0.0,0.0,
5c70f9bc86fe,26880.0,TF_BE_2,q_time_min,0.0,,0.0,0.0,
5c70f9bc86fe,26880.0,TF_BE_2,wait_ratio,0.0,,0.0,4.0,
5c70f9bc86fe,26880.0,TF_BE_23,available_tool_ratio,0.9523809523809523,,20.0,21.0,
5c70f9bc86fe,26880.0,TF_BE_23,wip,5.0,,0.0,5.0,
5c70f9bc86fe,26880.0,TF_BE_23,q_time_min,0.0,,0.0,0.0,
5c70f9bc86fe,26880.0,TF_BE_23,wait_ratio,0.0,,0.0,20.0,
5c70f9bc86fe,26880.0,TF_BE_24,available_tool_ratio,1.0,,5.0,5.0,
5c70f9bc86fe,26880.0,TF_BE_24,wip,0.0,,0.0,0.0,
5c70f9bc86fe,26880.0,TF_BE_24,q_time_min,0.0,,0.0,0.0,
5c70f9bc86fe,26880.0,TF_BE_24,wait_ratio,0.0,,0.0,5.0,
5c70f9bc86fe,26880.0,TF_BE_26,available_tool_ratio,1.0,,16.0,16.0,
5c70f9bc86fe,26880.0,TF_BE_26,wip,0.0,,0.0,0.0,
5c70f9bc86fe,26880.0,TF_BE_26,q_time_min,0.0,,0.0,0.0,
5c70f9bc86fe,26880.0,TF_BE_26,wait_ratio,0.0,,0.0,16.0,
5c70f9bc86fe,26880.0,TF_BE_40,available_tool_ratio,1.0,,26.0,26.0,
5c70f9bc86fe,26880.0,TF_BE_40,wip,3.0,,0.0,3.0,
5c70f9bc86fe,26880.0,TF_BE_40,q_time_min,0.0,,0.0,0.0,
5c70f9bc86fe,26880.0,TF_BE_40,wait_ratio,0.0,,0.0,26.0,
5c70f9bc86fe,26880.0,TF_FE_103,available_tool_ratio,1.0,,5.0,5.0,
5c70f9bc86fe,26880.0,TF_FE_103,wip,0.0,,0.0,0.0,
5c70f9bc86fe,26880.0,TF_FE_103,q_time_min,0.0,,0.0,0.0,
5c70f9bc86fe,26880.0,TF_FE_103,wait_ratio,0.0,,0.0,5.0,
5c70f9bc86fe,26880.0,TF_FE_104,available_tool_ratio,1.0,,6.0,6.0,
5c70f9bc86fe,26880.0,TF_FE_104,wip,0.0,,0.0,0.0,
5c70f9bc86fe,26880.0,TF_FE_104,q_time_min,0.0,,0.0,0.0,
5c70f9bc86fe,26880.0,TF_FE_104,wait_ratio,0.0,,0.0,6.0,
5c70f9bc86fe,26880.0,TF_FE_113,available_tool_ratio,1.0,,3.0,3.0,
5c70f9bc86fe,26880.0,TF_FE_113,wip,0.0,,0.0,0.0,
5c70f9bc86fe,26880.0,TF_FE_113,q_time_min,0.0,,0.0,0.0,
5c70f9bc86fe,26880.0,TF_FE_113,wait_ratio,0.0,,0.0,3.0,
5c70f9bc86fe,26880.0,TF_FE_131,available_tool_ratio,1.0,,7.0,7.0,
5c70f9bc86fe,26880.0,TF_FE_131,wip,0.0,,0.0,0.0,
5c70f9bc86fe,26880.0,TF_FE_131,q_time_min,0.0,,0.0,0.0,
5c70f9bc86fe,26880.0,TF_FE_131,wait_ratio,0.0,,0.0,7.0,
5c70f9bc86fe,26880.0,TF_FE_3,available_tool_ratio,1.0,,3.0,3.0,
5c70f9bc86fe,26880.0,TF_FE_3,wip,0.0,,0.0,0.0,
5c70f9bc86fe,26880.0,TF_FE_3,q_time_min,0.0,,0.0,0.0,
5c70f9bc86fe,26880.0,TF_FE_3,wait_ratio,0.0,,0.0,3.0,
5c70f9bc86fe,26880.0,TF_FE_5,available_tool_ratio,1.0,,4.0,4.0,
5c70f9bc86fe,26880.0,TF_FE_5,wip,0.0,,0.0,0.0,
5c70f9bc86fe,26880.0,TF_FE_5,q_time_min,0.0,,0.0,0.0,
5c70f9bc86fe,26880.0,TF_FE_5,wait_ratio,0.0,,0.0,4.0,
5c70f9bc86fe,26880.0,TF_Met_FE_45,available_tool_ratio,1.0,,2.0,2.0,
5c70f9bc86fe,26880.0,TF_Met_FE_45,wip,1.0,,0.0,1.0,
5c70f9bc86fe,26880.0,TF_Met_FE_45,q_time_min,0.0,,0.0,0.0,
5c70f9bc86fe,26880.0,TF_Met_FE_45,wait_ratio,0.0,,0.0,2.0,
5c70f9bc86fe,26880.0,TF_Met_FE_61,available_tool_ratio,1.0,,2.0,2.0,
5c70f9bc86fe,26880.0,TF_Met_FE_61,wip,6.0,,4.0,2.0,
5c70f9bc86fe,26880.0,TF_Met_FE_61,q_time_min,60.0,,240.0,4.0,
5c70f9bc86fe,26880.0,TF_Met_FE_61,wait_ratio,2.0,,4.0,2.0,
5c70f9bc86fe,26880.0,WE_BE_14,available_tool_ratio,1.0,,5.0,5.0,
5c70f9bc86fe,26880.0,WE_BE_14,wip,1.0,,0.0,1.0,
5c70f9bc86fe,26880.0,WE_BE_14,q_time_min,0.0,,0.0,0.0,
5c70f9bc86fe,26880.0,WE_BE_14,wait_ratio,0.0,,0.0,5.0,
5c70f9bc86fe,26880.0,WE_BE_16,available_tool_ratio,1.0,,9.0,9.0,
5c70f9bc86fe,26880.0,WE_BE_16,wip,0.0,,0.0,0.0,
5c70f9bc86fe,26880.0,WE_BE_16,q_time_min,0.0,,0.0,0.0,
5c70f9bc86fe,26880.0,WE_BE_16,wait_ratio,0.0,,0.0,9.0,
5c70f9bc86fe,26880.0,WE_BE_17,available_tool_ratio,1.0,,2.0,2.0,
5c70f9bc86fe,26880.0,WE_BE_17,wip,0.0,,0.0,0.0,
5c70f9bc86fe,26880.0,WE_BE_17,q_time_min,0.0,,0.0,0.0,
5c70f9bc86fe,26880.0,WE_BE_17,wait_ratio,0.0,,0.0,2.0,
5c70f9bc86fe,26880.0,WE_BE_7,available_tool_ratio,1.0,,1.0,1.0,
5c70f9bc86fe,26880.0,WE_BE_7,wip,0.0,,0.0,0.0,
5c70f9bc86fe,26880.0,WE_BE_7,q_time_min,0.0,,0.0,0.0,
5c70f9bc86fe,26880.0,WE_BE_7,wait_ratio,0.0,,0.0,1.0,
5c70f9bc86fe,26880.0,WE_BE_81,available_tool_ratio,1.0,,3.0,3.0,
5c70f9bc86fe,26880.0,WE_BE_81,wip,1.0,,0.0,1.0,
5c70f9bc86fe,26880.0,WE_BE_81,q_time_min,0.0,,0.0,0.0,
5c70f9bc86fe,26880.0,WE_BE_81,wait_ratio,0.0,,0.0,3.0,
5c70f9bc86fe,26880.0,WE_BE_82,available_tool_ratio,1.0,,10.0,10.0,
5c70f9bc86fe,26880.0,WE_BE_82,wip,1.0,,0.0,1.0,
5c70f9bc86fe,26880.0,WE_BE_82,q_time_min,0.0,,0.0,0.0,
5c70f9bc86fe,26880.0,WE_BE_82,wait_ratio,0.0,,0.0,10.0,
5c70f9bc86fe,26880.0,WE_BE_9,available_tool_ratio,1.0,,7.0,7.0,
5c70f9bc86fe,26880.0,WE_BE_9,wip,1.0,,0.0,1.0,
5c70f9bc86fe,26880.0,WE_BE_9,q_time_min,0.0,,0.0,0.0,
5c70f9bc86fe,26880.0,WE_BE_9,wait_ratio,0.0,,0.0,7.0,
5c70f9bc86fe,26880.0,WE_FE_108,available_tool_ratio,0.9722222222222222,,35.0,36.0,
5c70f9bc86fe,26880.0,WE_FE_108,wip,16.0,,3.0,13.0,
5c70f9bc86fe,26880.0,WE_FE_108,q_time_min,60.0,,180.0,3.0,
5c70f9bc86fe,26880.0,WE_FE_108,wait_ratio,0.08571428571428572,,3.0,35.0,
5c70f9bc86fe,26880.0,WE_FE_41,available_tool_ratio,1.0,,5.0,5.0,
5c70f9bc86fe,26880.0,WE_FE_41,wip,0.0,,0.0,0.0,
5c70f9bc86fe,26880.0,WE_FE_41,q_time_min,0.0,,0.0,0.0,
5c70f9bc86fe,26880.0,WE_FE_41,wait_ratio,0.0,,0.0,5.0,
5c70f9bc86fe,26880.0,WE_FE_47,available_tool_ratio,1.0,,6.0,6.0,
5c70f9bc86fe,26880.0,WE_FE_47,wip,1.0,,0.0,1.0,
5c70f9bc86fe,26880.0,WE_FE_47,q_time_min,0.0,,0.0,0.0,
5c70f9bc86fe,26880.0,WE_FE_47,wait_ratio,0.0,,0.0,6.0,
5c70f9bc86fe,26880.0,WE_FE_8,available_tool_ratio,1.0,,2.0,2.0,
5c70f9bc86fe,26880.0,WE_FE_8,wip,1.0,,0.0,1.0,
5c70f9bc86fe,26880.0,WE_FE_8,q_time_min,0.0,,0.0,0.0,
5c70f9bc86fe,26880.0,WE_FE_8,wait_ratio,0.0,,0.0,2.0,
5c70f9bc86fe,26880.0,WE_FE_83,available_tool_ratio,1.0,,7.0,7.0,
5c70f9bc86fe,26880.0,WE_FE_83,wip,3.0,,0.0,3.0,
5c70f9bc86fe,26880.0,WE_FE_83,q_time_min,0.0,,0.0,0.0,
5c70f9bc86fe,26880.0,WE_FE_83,wait_ratio,0.0,,0.0,7.0,
5c70f9bc86fe,26880.0,WE_FE_84,available_tool_ratio,1.0,,19.0,19.0,
5c70f9bc86fe,26880.0,WE_FE_84,wip,13.0,,0.0,13.0,
5c70f9bc86fe,26880.0,WE_FE_84,q_time_min,0.0,,0.0,0.0,
5c70f9bc86fe,26880.0,WE_FE_84,wait_ratio,0.0,,0.0,19.0,
5c70f9bc86fe,26880.0,WE_FE_85,available_tool_ratio,1.0,,2.0,2.0,
5c70f9bc86fe,26880.0,WE_FE_85,wip,0.0,,0.0,0.0,
5c70f9bc86fe,26880.0,WE_FE_85,q_time_min,0.0,,0.0,0.0,
5c70f9bc86fe,26880.0,WE_FE_85,wait_ratio,0.0,,0.0,2.0,
5c70f9bc86fe,26880.0,DE_BE_11,utilization_avg,0.18181818181818182,60,2.0,11.0,
5c70f9bc86fe,26880.0,DE_BE_11,setup_ratio_avg,0.0,60,0.0,11.0,
5c70f9bc86fe,26880.0,DE_BE_12,utilization_avg,0.0,60,0.0,10.0,
5c70f9bc86fe,26880.0,DE_BE_12,setup_ratio_avg,0.0,60,0.0,10.0,
5c70f9bc86fe,26880.0,DE_BE_13,utilization_avg,0.21739130434782608,60,5.0,23.0,
5c70f9bc86fe,26880.0,DE_BE_13,setup_ratio_avg,0.0,60,0.0,23.0,
5c70f9bc86fe,26880.0,DE_BE_48,utilization_avg,0.0,60,0.0,12.0,
5c70f9bc86fe,26880.0,DE_BE_48,setup_ratio_avg,0.0,60,0.0,12.0,
5c70f9bc86fe,26880.0,DE_BE_50,utilization_avg,0.0,60,0.0,9.0,
5c70f9bc86fe,26880.0,DE_BE_50,setup_ratio_avg,0.0,60,0.0,9.0,
5c70f9bc86fe,26880.0,DE_BE_65,utilization_avg,0.1111111111111111,60,2.0,18.0,
5c70f9bc86fe,26880.0,DE_BE_65,setup_ratio_avg,0.0,60,0.0,18.0,
5c70f9bc86fe,26880.0,DE_BE_66,utilization_avg,0.09090909090909091,60,2.0,22.0,
5c70f9bc86fe,26880.0,DE_BE_66,setup_ratio_avg,0.0,60,0.0,22.0,
5c70f9bc86fe,26880.0,DE_BE_67,utilization_avg,0.08333333333333333,60,1.0,12.0,
5c70f9bc86fe,26880.0,DE_BE_67,setup_ratio_avg,0.0,60,0.0,12.0,
5c70f9bc86fe,26880.0,DE_BE_69,utilization_avg,0.0,60,0.0,2.0,
5c70f9bc86fe,26880.0,DE_BE_69,setup_ratio_avg,0.0,60,0.0,2.0,
5c70f9bc86fe,26880.0,DE_FE_1,utilization_avg,0.125,60,1.0,8.0,
5c70f9bc86fe,26880.0,DE_FE_1,setup_ratio_avg,0.0,60,0.0,8.0,
5c70f9bc86fe,26880.0,DE_FE_51,utilization_avg,0.2727272727272727,60,6.0,22.0,
5c70f9bc86fe,26880.0,DE_FE_51,setup_ratio_avg,0.0,60,0.0,22.0,
5c70f9bc86fe,26880.0,DE_FE_53,utilization_avg,0.8,60,4.0,5.0,
5c70f9bc86fe,26880.0,DE_FE_53,setup_ratio_avg,0.0,60,0.0,5.0,
5c70f9bc86fe,26880.0,DE_FE_54,utilization_avg,1.0,60,6.0,6.0,
5c70f9bc86fe,26880.0,DE_FE_54,setup_ratio_avg,0.0,60,0.0,6.0,
5c70f9bc86fe,26880.0,DE_FE_56,utilization_avg,0.0,60,0.0,3.0,
5c70f9bc86fe,26880.0,DE_FE_56,setup_ratio_avg,0.0,60,0.0,3.0,
5c70f9bc86fe,26880.0,DE_FE_58,utilization_avg,0.0,60,0.0,3.0,
5c70f9bc86fe,26880.0,DE_FE_58,setup_ratio_avg,0.0,60,0.0,3.0,
5c70f9bc86fe,26880.0,DE_FE_59,utilization_avg,0.8235294117647058,60,14.0,17.0,
5c70f9bc86fe,26880.0,DE_FE_59,setup_ratio_avg,0.0,60,0.0,17.0,
5c70f9bc86fe,26880.0,DE_FE_62,utilization_avg,0.0,60,0.0,17.0,
5c70f9bc86fe,26880.0,DE_FE_62,setup_ratio_avg,0.0,60,0.0,17.0,
5c70f9bc86fe,26880.0,DE_FE_70,utilization_avg,0.0,60,0.0,15.0,
5c70f9bc86fe,26880.0,DE_FE_70,setup_ratio_avg,0.0,60,0.0,15.0,
5c70f9bc86fe,26880.0,DE_FE_71,utilization_avg,0.36937052663580877,60,11.450486325710072,31.0,
5c70f9bc86fe,26880.0,DE_FE_71,setup_ratio_avg,0.0,60,0.0,31.0,
5c70f9bc86fe,26880.0,DE_FE_72,utilization_avg,0.0,60,0.0,11.0,
5c70f9bc86fe,26880.0,DE_FE_72,setup_ratio_avg,0.0,60,0.0,11.0,
5c70f9bc86fe,26880.0,DE_FE_86,utilization_avg,0.23333333333333334,60,35.0,150.0,
5c70f9bc86fe,26880.0,DE_FE_86,setup_ratio_avg,0.0,60,0.0,150.0,
5c70f9bc86fe,26880.0,DefMet_BE_33,utilization_avg,0.0,60,0.0,2.0,
5c70f9bc86fe,26880.0,DefMet_BE_33,setup_ratio_avg,0.0,60,0.0,2.0,
5c70f9bc86fe,26880.0,DefMet_BE_42,utilization_avg,0.0,60,0.0,1.0,
5c70f9bc86fe,26880.0,DefMet_BE_42,setup_ratio_avg,0.0,60,0.0,1.0,
5c70f9bc86fe,26880.0,DefMet_FE_10,utilization_avg,0.0,60,0.0,3.0,
5c70f9bc86fe,26880.0,DefMet_FE_10,setup_ratio_avg,0.0,60,0.0,3.0,
5c70f9bc86fe,26880.0,DefMet_FE_106,utilization_avg,0.0,60,0.0,1.0,
5c70f9bc86fe,26880.0,DefMet_FE_106,setup_ratio_avg,0.0,60,0.0,1.0,
5c70f9bc86fe,26880.0,DefMEt_FE_118,utilization_avg,1.0,60,2.0,2.0,
5c70f9bc86fe,26880.0,DefMEt_FE_118,setup_ratio_avg,0.0,60,0.0,2.0,
5c70f9bc86fe,26880.0,DefMet_FE_34,utilization_avg,0.5,60,1.0,2.0,
5c70f9bc86fe,26880.0,DefMet_FE_34,setup_ratio_avg,0.0,60,0.0,2.0,
5c70f9bc86fe,26880.0,DefMet_FE_43,utilization_avg,0.3333333333333333,60,2.0,6.0,
5c70f9bc86fe,26880.0,DefMet_FE_43,setup_ratio_avg,0.0,60,0.0,6.0,
5c70f9bc86fe,26880.0,Delay_32,utilization_avg,0.09871964973579102,60,39.48785989431641,400.0,
5c70f9bc86fe,26880.0,Delay_32,setup_ratio_avg,0.0,60,0.0,400.0,
5c70f9bc86fe,26880.0,Dielectric_BE_20,utilization_avg,0.0,60,0.0,6.0,
5c70f9bc86fe,26880.0,Dielectric_BE_20,setup_ratio_avg,0.0,60,0.0,6.0,
5c70f9bc86fe,26880.0,Dielectric_BE_21,utilization_avg,0.2222222222222222,60,2.0,9.0,
5c70f9bc86fe,26880.0,Dielectric_BE_21,setup_ratio_avg,0.0,60,0.0,9.0,
5c70f9bc86fe,26880.0,Dielectric_BE_27,utilization_avg,0.17647058823529413,60,3.0,17.0,
5c70f9bc86fe,26880.0,Dielectric_BE_27,setup_ratio_avg,0.0,60,0.0,17.0,
5c70f9bc86fe,26880.0,Dielectric_BE_28,utilization_avg,0.2,60,1.0,5.0,
5c70f9bc86fe,26880.0,Dielectric_BE_28,setup_ratio_avg,0.0,60,0.0,5.0,
5c70f9bc86fe,26880.0,Dielectric_BE_60,utilization_avg,0.0,60,0.0,5.0,
5c70f9bc86fe,26880.0,Dielectric_BE_60,setup_ratio_avg,0.0,60,0.0,5.0,
5c70f9bc86fe,26880.0,Dielectric_FE_112,utilization_avg,0.0,60,0.0,12.0,
5c70f9bc86fe,26880.0,Dielectric_FE_112,setup_ratio_avg,0.0,60,0.0,12.0,
5c70f9bc86fe,26880.0,Dielectric_FE_130,utilization_avg,0.0,60,0.0,5.0,
5c70f9bc86fe,26880.0,Dielectric_FE_130,setup_ratio_avg,0.0,60,0.0,5.0,
5c70f9bc86fe,26880.0,Dielectric_FE_29,utilization_avg,0.0,60,0.0,4.0,
5c70f9bc86fe,26880.0,Dielectric_FE_29,setup_ratio_avg,0.0,60,0.0,4.0,
5c70f9bc86fe,26880.0,Dielectric_FE_30,utilization_avg,1.0,60,2.0,2.0,
5c70f9bc86fe,26880.0,Dielectric_FE_30,setup_ratio_avg,0.0,60,0.0,2.0,
5c70f9bc86fe,26880.0,Dielectric_FE_31,utilization_avg,0.0,60,0.0,5.0,
5c70f9bc86fe,26880.0,Dielectric_FE_31,setup_ratio_avg,0.0,60,0.0,5.0,
5c70f9bc86fe,26880.0,Diffusion_BE_123,utilization_avg,0.0,60,0.0,12.0,
5c70f9bc86fe,26880.0,Diffusion_BE_123,setup_ratio_avg,0.0,60,0.0,12.0,
5c70f9bc86fe,26880.0,Diffusion_FE_100,utilization_avg,0.0,60,0.0,2.0,
5c70f9bc86fe,26880.0,Diffusion_FE_100,setup_ratio_avg,0.0,60,0.0,2.0,
5c70f9bc86fe,26880.0,Diffusion_FE_101,utilization_avg,0.375,60,3.0,8.0,
5c70f9bc86fe,26880.0,Diffusion_FE_101,setup_ratio_avg,0.0,60,0.0,8.0,
5c70f9bc86fe,26880.0,Diffusion_FE_120,utilization_avg,0.45303030303030306,60,4.983333333333333,11.0,
5c70f9bc86fe,26880.0,Diffusion_FE_120,setup_ratio_avg,0.0,60,0.0,11.0,
5c70f9bc86fe,26880.0,Diffusion_FE_122,utilization_avg,0.4,60,2.0,5.0,
5c70f9bc86fe,26880.0,Diffusion_FE_122,setup_ratio_avg,0.0,60,0.0,5.0,
5c70f9bc86fe,26880.0,Diffusion_FE_125,utilization_avg,0.75,60,3.0,4.0,
5c70f9bc86fe,26880.0,Diffusion_FE_125,setup_ratio_avg,0.0,60,0.0,4.0,
5c70f9bc86fe,26880.0,Diffusion_FE_126,utilization_avg,0.0,60,0.0,3.0,
5c70f9bc86fe,26880.0,Diffusion_FE_126,setup_ratio_avg,0.0,60,0.0,3.0,
5c70f9bc86fe,26880.0,Diffusion_FE_127,utilization_avg,0.2592592592592593,60,2.3333333333333335,9.0,
5c70f9bc86fe,26880.0,Diffusion_FE_127,setup_ratio_avg,0.0,60,0.0,9.0,
5c70f9bc86fe,26880.0,Diffusion_FE_44,utilization_avg,0.9090909090909091,60,10.0,11.0,
5c70f9bc86fe,26880.0,Diffusion_FE_44,setup_ratio_avg,0.0,60,0.0,11.0,
5c70f9bc86fe,26880.0,Diffusion_FE_94,utilization_avg,0.0,60,0.0,11.0,
5c70f9bc86fe,26880.0,Diffusion_FE_94,setup_ratio_avg,0.0,60,0.0,11.0,
5c70f9bc86fe,26880.0,EPI_36,utilization_avg,0.0,60,0.0,2.0,
5c70f9bc86fe,26880.0,EPI_36,setup_ratio_avg,0.0,60,0.0,2.0,
5c70f9bc86fe,26880.0,EPI_38,utilization_avg,1.0,60,1.0,1.0,
5c70f9bc86fe,26880.0,EPI_38,setup_ratio_avg,0.0,60,0.0,1.0,
5c70f9bc86fe,26880.0,Implant_119,utilization_avg,0.0,60,0.0,2.0,
5c70f9bc86fe,26880.0,Implant_119,setup_ratio_avg,0.0,60,0.0,2.0,
5c70f9bc86fe,26880.0,Implant_128,utilization_avg,0.3226830612990845,60,3.549513674289929,11.0,
5c70f9bc86fe,26880.0,Implant_128,setup_ratio_avg,0.0,60,0.0,11.0,
5c70f9bc86fe,26880.0,Implant_132,utilization_avg,0.625,60,5.0,8.0,
5c70f9bc86fe,26880.0,Implant_132,setup_ratio_avg,0.0,60,0.0,8.0,
5c70f9bc86fe,26880.0,Implant_74,utilization_avg,0.0,60,0.0,2.0,
5c70f9bc86fe,26880.0,Implant_74,setup_ratio_avg,0.0,60,0.0,2.0,
5c70f9bc86fe,26880.0,Implant_88,utilization_avg,0.5,60,1.0,2.0,
5c70f9bc86fe,26880.0,Implant_88,setup_ratio_avg,0.0,60,0.0,2.0,
5c70f9bc86fe,26880.0,Implant_90,utilization_avg,0.0,60,0.0,2.0,
5c70f9bc86fe,26880.0,Implant_90,setup_ratio_avg,0.0,60,0.0,2.0,
5c70f9bc86fe,26880.0,Implant_91,utilization_avg,0.4071250722876389,60,2.4427504337258332,6.0,
5c70f9bc86fe,26880.0,Implant_91,setup_ratio_avg,0.0,60,0.0,6.0,
5c70f9bc86fe,26880.0,Litho_BE_110,utilization_avg,0.10344827586206896,60,3.0,29.0,
5c70f9bc86fe,26880.0,Litho_BE_110,setup_ratio_avg,0.0,60,0.0,29.0,
5c70f9bc86fe,26880.0,Litho_BE_93,utilization_avg,0.0,60,0.0,3.0,
5c70f9bc86fe,26880.0,Litho_BE_93,setup_ratio_avg,0.0,60,0.0,3.0,
5c70f9bc86fe,26880.0,Litho_BE_99,utilization_avg,0.0,60,0.0,3.0,
5c70f9bc86fe,26880.0,Litho_BE_99,setup_ratio_avg,0.0,60,0.0,3.0,
5c70f9bc86fe,26880.0,Litho_FE_111,utilization_avg,0.17391304347826086,60,4.0,23.0,
5c70f9bc86fe,26880.0,Litho_FE_111,setup_ratio_avg,0.0,60,0.0,23.0,
5c70f9bc86fe,26880.0,Litho_FE_35,utilization_avg,0.5,60,1.0,2.0,
5c70f9bc86fe,26880.0,Litho_FE_35,setup_ratio_avg,0.0,60,0.0,2.0,
5c70f9bc86fe,26880.0,Litho_FE_92,utilization_avg,0.2647058823529412,60,9.0,34.0,
5c70f9bc86fe,26880.0,Litho_FE_92,setup_ratio_avg,0.0,60,0.0,34.0,
5c70f9bc86fe,26880.0,Litho_FE_98,utilization_avg,0.6666666666666666,60,4.0,6.0,
5c70f9bc86fe,26880.0,Litho_FE_98,setup_ratio_avg,0.0,60,0.0,6.0,
5c70f9bc86fe,26880.0,Litho_REG_BE_63,utilization_avg,0.2222222222222222,60,2.0,9.0,
5c70f9bc86fe,26880.0,Litho_REG_BE_63,setup_ratio_avg,0.0,60,0.0,9.0,
5c70f9bc86fe,26880.0,Litho_REG_FE_64,utilization_avg,0.6666666666666666,60,10.0,15.0,
5c70f9bc86fe,26880.0,Litho_REG_FE_64,setup_ratio_avg,0.0,60,0.0,15.0,
5c70f9bc86fe,26880.0,LithoMet_BE_18,utilization_avg,0.3333333333333333,60,5.0,15.0,
5c70f9bc86fe,26880.0,LithoMet_BE_18,setup_ratio_avg,0.0,60,0.0,15.0,
5c70f9bc86fe,26880.0,LithoMet_FE_19,utilization_avg,0.65,60,13.0,20.0,
5c70f9bc86fe,26880.0,LithoMet_FE_19,setup_ratio_avg,0.0,60,0.0,20.0,
5c70f9bc86fe,26880.0,LithoTrack_BE_117,utilization_avg,0.6,60,3.0,5.0,
5c70f9bc86fe,26880.0,LithoTrack_BE_117,setup_ratio_avg,0.0,60,0.0,5.0,
5c70f9bc86fe,26880.0,LithoTrack_FE_115,utilization_avg,0.2037037037037037,60,11.0,54.0,
5c70f9bc86fe,26880.0,LithoTrack_FE_115,setup_ratio_avg,0.0,60,0.0,54.0,
5c70f9bc86fe,26880.0,LithoTrack_FE_95,utilization_avg,0.09433962264150944,60,5.0,53.0,
5c70f9bc86fe,26880.0,LithoTrack_FE_95,setup_ratio_avg,0.0,60,0.0,53.0,
5c70f9bc86fe,26880.0,LithoTrack_FE_96,utilization_avg,0.0,60,0.0,2.0,
5c70f9bc86fe,26880.0,LithoTrack_FE_96,setup_ratio_avg,0.0,60,0.0,2.0,
5c70f9bc86fe,26880.0,Planar_BE_75,utilization_avg,0.13636363636363635,60,3.0,22.0,
5c70f9bc86fe,26880.0,Planar_BE_75,setup_ratio_avg,0.0,60,0.0,22.0,
5c70f9bc86fe,26880.0,Planar_FE_76,utilization_avg,0.0,60,0.0,3.0,
5c70f9bc86fe,26880.0,Planar_FE_76,setup_ratio_avg,0.0,60,0.0,3.0,
5c70f9bc86fe,26880.0,Planar_FE_77,utilization_avg,1.0,60,3.0,3.0,
5c70f9bc86fe,26880.0,Planar_FE_77,setup_ratio_avg,0.0,60,0.0,3.0,
5c70f9bc86fe,26880.0,Planar_FE_78,utilization_avg,0.0,60,0.0,2.0,
5c70f9bc86fe,26880.0,Planar_FE_78,setup_ratio_avg,0.0,60,0.0,2.0,
5c70f9bc86fe,26880.0,Planar_FE_79,utilization_avg,0.0,60,0.0,6.0,
5c70f9bc86fe,26880.0,Planar_FE_79,setup_ratio_avg,0.0,60,0.0,6.0,
5c70f9bc86fe,26880.0,Planar_FE_80,utilization_avg,0.0,60,0.0,2.0,
5c70f9bc86fe,26880.0,Planar_FE_80,setup_ratio_avg,0.0,60,0.0,2.0,
5c70f9bc86fe,26880.0,TF_BE_2,utilization_avg,0.0,60,0.0,4.0,
5c70f9bc86fe,26880.0,TF_BE_2,setup_ratio_avg,0.0,60,0.0,4.0,
5c70f9bc86fe,26880.0,TF_BE_23,utilization_avg,0.19047619047619047,60,4.0,21.0,
5c70f9bc86fe,26880.0,TF_BE_23,setup_ratio_avg,0.0,60,0.0,21.0,
5c70f9bc86fe,26880.0,TF_BE_24,utilization_avg,0.0,60,0.0,5.0,
5c70f9bc86fe,26880.0,TF_BE_24,setup_ratio_avg,0.0,60,0.0,5.0,
5c70f9bc86fe,26880.0,TF_BE_26,utilization_avg,0.0,60,0.0,16.0,
5c70f9bc86fe,26880.0,TF_BE_26,setup_ratio_avg,0.0,60,0.0,16.0,
5c70f9bc86fe,26880.0,TF_BE_40,utilization_avg,0.11538461538461539,60,3.0,26.0,
5c70f9bc86fe,26880.0,TF_BE_40,setup_ratio_avg,0.0,60,0.0,26.0,
5c70f9bc86fe,26880.0,TF_FE_103,utilization_avg,0.0,60,0.0,5.0,
5c70f9bc86fe,26880.0,TF_FE_103,setup_ratio_avg,0.0,60,0.0,5.0,
5c70f9bc86fe,26880.0,TF_FE_104,utilization_avg,0.0,60,0.0,6.0,
5c70f9bc86fe,26880.0,TF_FE_104,setup_ratio_avg,0.0,60,0.0,6.0,
5c70f9bc86fe,26880.0,TF_FE_113,utilization_avg,0.0,60,0.0,3.0,
5c70f9bc86fe,26880.0,TF_FE_113,setup_ratio_avg,0.0,60,0.0,3.0,
5c70f9bc86fe,26880.0,TF_FE_131,utilization_avg,0.0,60,0.0,7.0,
5c70f9bc86fe,26880.0,TF_FE_131,setup_ratio_avg,0.0,60,0.0,7.0,
5c70f9bc86fe,26880.0,TF_FE_3,utilization_avg,0.0,60,0.0,3.0,
5c70f9bc86fe,26880.0,TF_FE_3,setup_ratio_avg,0.0,60,0.0,3.0,
5c70f9bc86fe,26880.0,TF_FE_5,utilization_avg,0.0,60,0.0,4.0,
5c70f9bc86fe,26880.0,TF_FE_5,setup_ratio_avg,0.0,60,0.0,4.0,
5c70f9bc86fe,26880.0,TF_Met_FE_45,utilization_avg,0.5,60,1.0,2.0,
5c70f9bc86fe,26880.0,TF_Met_FE_45,setup_ratio_avg,0.0,60,0.0,2.0,
5c70f9bc86fe,26880.0,TF_Met_FE_61,utilization_avg,1.0,60,2.0,2.0,
5c70f9bc86fe,26880.0,TF_Met_FE_61,setup_ratio_avg,0.0,60,0.0,2.0,
5c70f9bc86fe,26880.0,WE_BE_14,utilization_avg,0.2,60,1.0,5.0,
5c70f9bc86fe,26880.0,WE_BE_14,setup_ratio_avg,0.0,60,0.0,5.0,
5c70f9bc86fe,26880.0,WE_BE_16,utilization_avg,0.0,60,0.0,9.0,
5c70f9bc86fe,26880.0,WE_BE_16,setup_ratio_avg,0.0,60,0.0,9.0,
5c70f9bc86fe,26880.0,WE_BE_17,utilization_avg,0.0,60,0.0,2.0,
5c70f9bc86fe,26880.0,WE_BE_17,setup_ratio_avg,0.0,60,0.0,2.0,
5c70f9bc86fe,26880.0,WE_BE_7,utilization_avg,0.0,60,0.0,1.0,
5c70f9bc86fe,26880.0,WE_BE_7,setup_ratio_avg,0.0,60,0.0,1.0,
5c70f9bc86fe,26880.0,WE_BE_81,utilization_avg,0.3333333333333333,60,1.0,3.0,
5c70f9bc86fe,26880.0,WE_BE_81,setup_ratio_avg,0.0,60,0.0,3.0,
5c70f9bc86fe,26880.0,WE_BE_82,utilization_avg,0.1,60,1.0,10.0,
5c70f9bc86fe,26880.0,WE_BE_82,setup_ratio_avg,0.0,60,0.0,10.0,
5c70f9bc86fe,26880.0,WE_BE_9,utilization_avg,0.14285714285714285,60,1.0,7.0,
5c70f9bc86fe,26880.0,WE_BE_9,setup_ratio_avg,0.0,60,0.0,7.0,
5c70f9bc86fe,26880.0,WE_FE_108,utilization_avg,0.3594007010540049,60,12.938425237944177,36.0,
5c70f9bc86fe,26880.0,WE_FE_108,setup_ratio_avg,0.0,60,0.0,36.0,
5c70f9bc86fe,26880.0,WE_FE_41,utilization_avg,0.0,60,0.0,5.0,
5c70f9bc86fe,26880.0,WE_FE_41,setup_ratio_avg,0.0,60,0.0,5.0,
5c70f9bc86fe,26880.0,WE_FE_47,utilization_avg,0.16666666666666666,60,1.0,6.0,
5c70f9bc86fe,26880.0,WE_FE_47,setup_ratio_avg,0.0,60,0.0,6.0,
5c70f9bc86fe,26880.0,WE_FE_8,utilization_avg,0.5,60,1.0,2.0,
5c70f9bc86fe,26880.0,WE_FE_8,setup_ratio_avg,0.0,60,0.0,2.0,
5c70f9bc86fe,26880.0,WE_FE_83,utilization_avg,0.3438640287246783,60,2.4070482010727483,7.0,
5c70f9bc86fe,26880.0,WE_FE_83,setup_ratio_avg,0.0,60,0.0,7.0,
5c70f9bc86fe,26880.0,WE_FE_84,utilization_avg,0.650381556119693,60,12.357249566274167,19.0,
5c70f9bc86fe,26880.0,WE_FE_84,setup_ratio_avg,0.0,60,0.0,19.0,
5c70f9bc86fe,26880.0,WE_FE_85,utilization_avg,0.0,60,0.0,2.0,
5c70f9bc86fe,26880.0,WE_FE_85,setup_ratio_avg,0.0,60,0.0,2.0,
5c70f9bc86fe,26940.0,DE_BE_11,available_tool_ratio,1.0,,11.0,11.0,
5c70f9bc86fe,26940.0,DE_BE_11,wip,2.0,,0.0,2.0,
5c70f9bc86fe,26940.0,DE_BE_11,q_time_min,0.0,,0.0,0.0,
5c70f9bc86fe,26940.0,DE_BE_11,wait_ratio,0.0,,0.0,11.0,
5c70f9bc86fe,26940.0,DE_BE_12,available_tool_ratio,1.0,,10.0,10.0,
5c70f9bc86fe,26940.0,DE_BE_12,wip,0.0,,0.0,0.0,
5c70f9bc86fe,26940.0,DE_BE_12,q_time_min,0.0,,0.0,0.0,
5c70f9bc86fe,26940.0,DE_BE_12,wait_ratio,0.0,,0.0,10.0,
5c70f9bc86fe,26940.0,DE_BE_13,available_tool_ratio,1.0,,23.0,23.0,
5c70f9bc86fe,26940.0,DE_BE_13,wip,5.0,,0.0,5.0,
5c70f9bc86fe,26940.0,DE_BE_13,q_time_min,0.0,,0.0,0.0,
5c70f9bc86fe,26940.0,DE_BE_13,wait_ratio,0.0,,0.0,23.0,
5c70f9bc86fe,26940.0,DE_BE_48,available_tool_ratio,1.0,,12.0,12.0,
5c70f9bc86fe,26940.0,DE_BE_48,wip,0.0,,0.0,0.0,
5c70f9bc86fe,26940.0,DE_BE_48,q_time_min,0.0,,0.0,0.0,
5c70f9bc86fe,26940.0,DE_BE_48,wait_ratio,0.0,,0.0,12.0,
5c70f9bc86fe,26940.0,DE_BE_50,available_tool_ratio,1.0,,9.0,9.0,
5c70f9bc86fe,26940.0,DE_BE_50,wip,0.0,,0.0,0.0,
5c70f9bc86fe,26940.0,DE_BE_50,q_time_min,0.0,,0.0,0.0,
5c70f9bc86fe,26940.0,DE_BE_50,wait_ratio,0.0,,0.0,9.0,
5c70f9bc86fe,26940.0,DE_BE_65,available_tool_ratio,1.0,,18.0,18.0,
5c70f9bc86fe,26940.0,DE_BE_65,wip,2.0,,0.0,2.0,
5c70f9bc86fe,26940.0,DE_BE_65,q_time_min,0.0,,0.0,0.0,
5c70f9bc86fe,26940.0,DE_BE_65,wait_ratio,0.0,,0.0,18.0,
5c70f9bc86fe,26940.0,DE_BE_66,available_tool_ratio,1.0,,22.0,22.0,
5c70f9bc86fe,26940.0,DE_BE_66,wip,2.0,,0.0,2.0,
5c70f9bc86fe,26940.0,DE_BE_66,q_time_min,0.0,,0.0,0.0,
5c70f9bc86fe,26940.0,DE_BE_66,wait_ratio,0.0,,0.0,22.0,
5c70f9bc86fe,26940.0,DE_BE_67,available_tool_ratio,1.0,,12.0,12.0,
5c70f9bc86fe,26940.0,DE_BE_67,wip,1.0,,0.0,1.0,
5c70f9bc86fe,26940.0,DE_BE_67,q_time_min,0.0,,0.0,0.0,
5c70f9bc86fe,26940.0,DE_BE_67,wait_ratio,0.0,,0.0,12.0,
5c70f9bc86fe,26940.0,DE_BE_69,available_tool_ratio,1.0,,2.0,2.0,
5c70f9bc86fe,26940.0,DE_BE_69,wip,0.0,,0.0,0.0,
5c70f9bc86fe,26940.0,DE_BE_69,q_time_min,0.0,,0.0,0.0,
5c70f9bc86fe,26940.0,DE_BE_69,wait_ratio,0.0,,0.0,2.0,
5c70f9bc86fe,26940.0,DE_FE_1,available_tool_ratio,1.0,,8.0,8.0,
5c70f9bc86fe,26940.0,DE_FE_1,wip,1.0,,0.0,1.0,
5c70f9bc86fe,26940.0,DE_FE_1,q_time_min,0.0,,0.0,0.0,
5c70f9bc86fe,26940.0,DE_FE_1,wait_ratio,0.0,,0.0,8.0,
5c70f9bc86fe,26940.0,DE_FE_51,available_tool_ratio,1.0,,22.0,22.0,
5c70f9bc86fe,26940.0,DE_FE_51,wip,6.0,,0.0,6.0,
5c70f9bc86fe,26940.0,DE_FE_51,q_time_min,0.0,,0.0,0.0,
5c70f9bc86fe,26940.0,DE_FE_51,wait_ratio,0.0,,0.0,22.0,
5c70f9bc86fe,26940.0,DE_FE_53,available_tool_ratio,1.0,,5.0,5.0,
5c70f9bc86fe,26940.0,DE_FE_53,wip,4.0,,0.0,4.0,
5c70f9bc86fe,26940.0,DE_FE_53,q_time_min,0.0,,0.0,0.0,
5c70f9bc86fe,26940.0,DE_FE_53,wait_ratio,0.0,,0.0,5.0,
5c70f9bc86fe,26940.0,DE_FE_54,available_tool_ratio,1.0,,6.0,6.0,
5c70f9bc86fe,26940.0,DE_FE_54,wip,6.0,,0.0,6.0,
5c70f9bc86fe,26940.0,DE_FE_54,q_time_min,0.0,,0.0,0.0,
5c70f9bc86fe,26940.0,DE_FE_54,wait_ratio,0.0,,0.0,6.0,
5c70f9bc86fe,26940.0,DE_FE_56,available_tool_ratio,1.0,,3.0,3.0,
5c70f9bc86fe,26940.0,DE_FE_56,wip,0.0,,0.0,0.0,
5c70f9bc86fe,26940.0,DE_FE_56,q_time_min,0.0,,0.0,0.0,
5c70f9bc86fe,26940.0,DE_FE_56,wait_ratio,0.0,,0.0,3.0,
5c70f9bc86fe,26940.0,DE_FE_58,available_tool_ratio,1.0,,3.0,3.0,
5c70f9bc86fe,26940.0,DE_FE_58,wip,0.0,,0.0,0.0,
5c70f9bc86fe,26940.0,DE_FE_58,q_time_min,0.0,,0.0,0.0,
5c70f9bc86fe,26940.0,DE_FE_58,wait_ratio,0.0,,0.0,3.0,
5c70f9bc86fe,26940.0,DE_FE_59,available_tool_ratio,1.0,,17.0,17.0,
5c70f9bc86fe,26940.0,DE_FE_59,wip,14.0,,0.0,14.0,
5c70f9bc86fe,26940.0,DE_FE_59,q_time_min,0.0,,0.0,0.0,
5c70f9bc86fe,26940.0,DE_FE_59,wait_ratio,0.0,,0.0,17.0,
5c70f9bc86fe,26940.0,DE_FE_62,available_tool_ratio,1.0,,17.0,17.0,
5c70f9bc86fe,26940.0,DE_FE_62,wip,0.0,,0.0,0.0,
5c70f9bc86fe,26940.0,DE_FE_62,q_time_min,0.0,,0.0,0.0,
5c70f9bc86fe,26940.0,DE_FE_62,wait_ratio,0.0,,0.0,17.0,
5c70f9bc86fe,26940.0,DE_FE_70,available_tool_ratio,1.0,,15.0,15.0,
5c70f9bc86fe,26940.0,DE_FE_70,wip,0.0,,0.0,0.0,
5c70f9bc86fe,26940.0,DE_FE_70,q_time_min,0.0,,0.0,0.0,
5c70f9bc86fe,26940.0,DE_FE_70,wait_ratio,0.0,,0.0,15.0,
5c70f9bc86fe,26940.0,DE_FE_71,available_tool_ratio,0.9354838709677419,,29.0,31.0,
5c70f9bc86fe,26940.0,DE_FE_71,wip,15.0,,0.0,15.0,
5c70f9bc86fe,26940.0,DE_FE_71,q_time_min,0.0,,0.0,0.0,
5c70f9bc86fe,26940.0,DE_FE_71,wait_ratio,0.0,,0.0,29.0,
5c70f9bc86fe,26940.0,DE_FE_72,available_tool_ratio,1.0,,11.0,11.0,
5c70f9bc86fe,26940.0,DE_FE_72,wip,0.0,,0.0,0.0,
5c70f9bc86fe,26940.0,DE_FE_72,q_time_min,0.0,,0.0,0.0,
5c70f9bc86fe,26940.0,DE_FE_72,wait_ratio,0.0,,0.0,11.0,
5c70f9bc86fe,26940.0,DE_FE_86,available_tool_ratio,0.98,,147.0,150.0,
5c70f9bc86fe,26940.0,DE_FE_86,wip,37.0,,0.0,37.0,
5c70f9bc86fe,26940.0,DE_FE_86,q_time_min,0.0,,0.0,0.0,
5c70f9bc86fe,26940.0,DE_FE_86,wait_ratio,0.0,,0.0,147.0,
5c70f9bc86fe,26940.0,DefMet_BE_33,available_tool_ratio,1.0,,2.0,2.0,
5c70f9bc86fe,26940.0,DefMet_BE_33,wip,0.0,,0.0,0.0,
5c70f9bc86fe,26940.0,DefMet_BE_33,q_time_min,0.0,,0.0,0.0,
5c70f9bc86fe,26940.0,DefMet_BE_33,wait_ratio,0.0,,0.0,2.0,
5c70f9bc86fe,26940.0,DefMet_BE_42,available_tool_ratio,1.0,,1.0,1.0,
5c70f9bc86fe,26940.0,DefMet_BE_42,wip,0.0,,0.0,0.0,
5c70f9bc86fe,26940.0,DefMet_BE_42,q_time_min,0.0,,0.0,0.0,
5c70f9bc86fe,26940.0,DefMet_BE_42,wait_ratio,0.0,,0.0,1.0,
5c70f9bc86fe,26940.0,DefMet_FE_10,available_tool_ratio,1.0,,3.0,3.0,
5c70f9bc86fe,26940.0,DefMet_FE_10,wip,0.0,,0.0,0.0,
5c70f9bc86fe,26940.0,DefMet_FE_10,q_time_min,0.0,,0.0,0.0,
5c70f9bc86fe,26940.0,DefMet_FE_10,wait_ratio,0.0,,0.0,3.0,
5c70f9bc86fe,26940.0,DefMet_FE_106,available_tool_ratio,1.0,,1.0,1.0,
5c70f9bc86fe,26940.0,DefMet_FE_106,wip,0.0,,0.0,0.0,
5c70f9bc86fe,26940.0,DefMet_FE_106,q_time_min,0.0,,0.0,0.0,
5c70f9bc86fe,26940.0,DefMet_FE_106,wait_ratio,0.0,,0.0,1.0,
5c70f9bc86fe,26940.0,DefMEt_FE_118,available_tool_ratio,1.0,,2.0,2.0,
5c70f9bc86fe,26940.0,DefMEt_FE_118,wip,126.0,,124.0,2.0,
5c70f9bc86fe,26940.0,DefMEt_FE_118,q_time_min,120.0,,14880.0,124.0,
5c70f9bc86fe,26940.0,DefMEt_FE_118,wait_ratio,62.0,,124.0,2.0,
5c70f9bc86fe,26940.0,DefMet_FE_34,available_tool_ratio,1.0,,2.0,2.0,
5c70f9bc86fe,26940.0,DefMet_FE_34,wip,1.0,,0.0,1.0,
5c70f9bc86fe,26940.0,DefMet_FE_34,q_time_min,0.0,,0.0,0.0,
5c70f9bc86fe,26940.0,DefMet_FE_34,wait_ratio,0.0,,0.0,2.0,
5c70f9bc86fe,26940.0,DefMet_FE_43,available_tool_ratio,1.0,,6.0,6.0,
5c70f9bc86fe,26940.0,DefMet_FE_43,wip,8.0,,6.0,2.0,
5c70f9bc86fe,26940.0,DefMet_FE_43,q_time_min,120.0,,720.0,6.0,
5c70f9bc86fe,26940.0,DefMet_FE_43,wait_ratio,1.0,,6.0,6.0,
5c70f9bc86fe,26940.0,Delay_32,available_tool_ratio,1.0,,400.0,400.0,
5c70f9bc86fe,26940.0,Delay_32,wip,40.0,,0.0,40.0,
5c70f9bc86fe,26940.0,Delay_32,q_time_min,0.0,,0.0,0.0,
5c70f9bc86fe,26940.0,Delay_32,wait_ratio,0.0,,0.0,400.0,
5c70f9bc86fe,26940.0,Dielectric_BE_20,available_tool_ratio,1.0,,6.0,6.0,
5c70f9bc86fe,26940.0,Dielectric_BE_20,wip,0.0,,0.0,0.0,
5c70f9bc86fe,26940.0,Dielectric_BE_20,q_time_min,0.0,,0.0,0.0,
5c70f9bc86fe,26940.0,Dielectric_BE_20,wait_ratio,0.0,,0.0,6.0,
5c70f9bc86fe,26940.0,Dielectric_BE_21,available_tool_ratio,1.0,,9.0,9.0,
5c70f9bc86fe,26940.0,Dielectric_BE_21,wip,2.0,,0.0,2.0,
5c70f9bc86fe,26940.0,Dielectric_BE_21,q_time_min,0.0,,0.0,0.0,
5c70f9bc86fe,26940.0,Dielectric_BE_21,wait_ratio,0.0,,0.0,9.0,
5c70f9bc86fe,26940.0,Dielectric_BE_27,available_tool_ratio,1.0,,17.0,17.0,
5c70f9bc86fe,26940.0,Dielectric_BE_27,wip,3.0,,0.0,3.0,
5c70f9bc86fe,26940.0,Dielectric_BE_27,q_time_min,0.0,,0.0,0.0,
5c70f9bc86fe,26940.0,Dielectric_BE_27,wait_ratio,0.0,,0.0,17.0,
5c70f9bc86fe,26940.0,Dielectric_BE_28,available_tool_ratio,1.0,,5.0,5.0,
5c70f9bc86fe,26940.0,Dielectric_BE_28,wip,1.0,,0.0,1.0,
5c70f9bc86fe,26940.0,Dielectric_BE_28,q_time_min,0.0,,0.0,0.0,
5c70f9bc86fe,26940.0,Dielectric_BE_28,wait_ratio,0.0,,0.0,5.0,
5c70f9bc86fe,26940.0,Dielectric_BE_60,available_tool_ratio,1.0,,5.0,5.0,
5c70f9bc86fe,26940.0,Dielectric_BE_60,wip,0.0,,0.0,0.0,
5c70f9bc86fe,26940.0,Dielectric_BE_60,q_time_min,0.0,,0.0,0.0,
5c70f9bc86fe,26940.0,Dielectric_BE_60,wait_ratio,0.0,,0.0,5.0,
5c70f9bc86fe,26940.0,Dielectric_FE_112,available_tool_ratio,0.9166666666666666,,11.0,12.0,
5c70f9bc86fe,26940.0,Dielectric_FE_112,wip,1.0,,0.0,1.0,
5c70f9bc86fe,26940.0,Dielectric_FE_112,q_time_min,0.0,,0.0,0.0,
5c70f9bc86fe,26940.0,Dielectric_FE_112,wait_ratio,0.0,,0.0,11.0,
5c70f9bc86fe,26940.0,Dielectric_FE_130,available_tool_ratio,0.8,,4.0,5.0,
5c70f9bc86fe,26940.0,Dielectric_FE_130,wip,1.0,,0.0,1.0,
5c70f9bc86fe,26940.0,Dielectric_FE_130,q_time_min,0.0,,0.0,0.0,
5c70f9bc86fe,26940.0,Dielectric_FE_130,wait_ratio,0.0,,0.0,4.0,
5c70f9bc86fe,26940.0,Dielectric_FE_29,available_tool_ratio,1.0,,4.0,4.0,
5c70f9bc86fe,26940.0,Dielectric_FE_29,wip,0.0,,0.0,0.0,
5c70f9bc86fe,26940.0,Dielectric_FE_29,q_time_min,0.0,,0.0,0.0,
5c70f9bc86fe,26940.0,Dielectric_FE_29,wait_ratio,0.0,,0.0,4.0,
5c70f9bc86fe,26940.0,Dielectric_FE_30,available_tool_ratio,1.0,,2.0,2.0,
5c70f9bc86fe,26940.0,Dielectric_FE_30,wip,2.0,,0.0,2.0,
5c70f9bc86fe,26940.0,Dielectric_FE_30,q_time_min,0.0,,0.0,0.0,
5c70f9bc86fe,26940.0,Dielectric_FE_30,wait_ratio,0.0,,0.0,2.0,
5c70f9bc86fe,26940.0,Dielectric_FE_31,available_tool_ratio,1.0,,5.0,5.0,
5c70f9bc86fe,26940.0,Dielectric_FE_31,wip,0.0,,0.0,0.0,
5c70f9bc86fe,26940.0,Dielectric_FE_31,q_time_min,0.0,,0.0,0.0,
5c70f9bc86fe,26940.0,Dielectric_FE_31,wait_ratio,0.0,,0.0,5.0,
5c70f9bc86fe,26940.0,Diffusion_BE_123,available_tool_ratio,1.0,,12.0,12.0,
5c70f9bc86fe,26940.0,Diffusion_BE_123,wip,0.0,,0.0,0.0,
5c70f9bc86fe,26940.0,Diffusion_BE_123,q_time_min,0.0,,0.0,0.0,
5c70f9bc86fe,26940.0,Diffusion_BE_123,wait_ratio,0.0,,0.0,12.0,
5c70f9bc86fe,26940.0,Diffusion_FE_100,available_tool_ratio,1.0,,2.0,2.0,
5c70f9bc86fe,26940.0,Diffusion_FE_100,wip,14.0,,14.0,0.0,
5c70f9bc86fe,26940.0,Diffusion_FE_100,q_time_min,120.0,,1680.0,14.0,
5c70f9bc86fe,26940.0,Diffusion_FE_100,wait_ratio,7.0,,14.0,2.0,
5c70f9bc86fe,26940.0,Diffusion_FE_101,available_tool_ratio,1.0,,8.0,8.0,
5c70f9bc86fe,26940.0,Diffusion_FE_101,wip,17.0,,14.0,3.0,
5c70f9bc86fe,26940.0,Diffusion_FE_101,q_time_min,120.0,,1680.0,14.0,
5c70f9bc86fe,26940.0,Diffusion_FE_101,wait_ratio,1.75,,14.0,8.0,
5c70f9bc86fe,26940.0,Diffusion_FE_120,available_tool_ratio,1.0,,11.0,11.0,
5c70f9bc86fe,26940.0,Diffusion_FE_120,wip,537.0,,532.0,5.0,
5c70f9bc86fe,26940.0,Diffusion_FE_120,q_time_min,120.0,,63840.0,532.0,
5c70f9bc86fe,26940.0,Diffusion_FE_120,wait_ratio,48.36363636363637,,532.0,11.0,
5c70f9bc86fe,26940.0,Diffusion_FE_122,available_tool_ratio,1.0,,5.0,5.0,
5c70f9bc86fe,26940.0,Diffusion_FE_122,wip,18.0,,16.0,2.0,
5c70f9bc86fe,26940.0,Diffusion_FE_122,q_time_min,120.0,,1920.0,16.0,
5c70f9bc86fe,26940.0,Diffusion_FE_122,wait_ratio,3.2,,16.0,5.0,
5c70f9bc86fe,26940.0,Diffusion_FE_125,available_tool_ratio,1.0,,4.0,4.0,
5c70f9bc86fe,26940.0,Diffusion_FE_125,wip,34.0,,31.0,3.0,
5c70f9bc86fe,26940.0,Diffusion_FE_125,q_time_min,120.0,,3720.0,31.0,
5c70f9bc86fe,26940.0,Diffusion_FE_125,wait_ratio,7.75,,31.0,4.0,
5c70f9bc86fe,26940.0,Diffusion_FE_126,available_tool_ratio,1.0,,3.0,3.0,
5c70f9bc86fe,26940.0,Diffusion_FE_126,wip,0.0,,0.0,0.0,
5c70f9bc86fe,26940.0,Diffusion_FE_126,q_time_min,0.0,,0.0,0.0,
5c70f9bc86fe,26940.0,Diffusion_FE_126,wait_ratio,0.0,,0.0,3.0,
5c70f9bc86fe,26940.0,Diffusion_FE_127,available_tool_ratio,1.0,,9.0,9.0,
5c70f9bc86fe,26940.0,Diffusion_FE_127,wip,98.0,,95.0,3.0,
5c70f9bc86fe,26940.0,Diffusion_FE_127,q_time_min,120.0,,11400.0,95.0,
5c70f9bc86fe,26940.0,Diffusion_FE_127,wait_ratio,10.555555555555555,,95.0,9.0,
5c70f9bc86fe,26940.0,Diffusion_FE_44,available_tool_ratio,1.0,,11.0,11.0,
5c70f9bc86fe,26940.0,Diffusion_FE_44,wip,14.0,,4.0,10.0,
5c70f9bc86fe,26940.0,Diffusion_FE_44,q_time_min,120.0,,480.0,4.0,
5c70f9bc86fe,26940.0,Diffusion_FE_44,wait_ratio,0.36363636363636365,,4.0,11.0,
5c70f9bc86fe,26940.0,Diffusion_FE_94,available_tool_ratio,1.0,,11.0,11.0,
5c70f9bc86fe,26940.0,Diffusion_FE_94,wip,0.0,,0.0,0.0,
5c70f9bc86fe,26940.0,Diffusion_FE_94,q_time_min,0.0,,0.0,0.0,
5c70f9bc86fe,26940.0,Diffusion_FE_94,wait_ratio,0.0,,0.0,11.0,
5c70f9bc86fe,26940.0,EPI_36,available_tool_ratio,1.0,,2.0,2.0,
5c70f9bc86fe,26940.0,EPI_36,wip,0.0,,0.0,0.0,
5c70f9bc86fe,26940.0,EPI_36,q_time_min,0.0,,0.0,0.0,
5c70f9bc86fe,26940.0,EPI_36,wait_ratio,0.0,,0.0,2.0,
5c70f9bc86fe,26940.0,EPI_38,available_tool_ratio,1.0,,1.0,1.0,
5c70f9bc86fe,26940.0,EPI_38,wip,1.0,,0.0,1.0,
5c70f9bc86fe,26940.0,EPI_38,q_time_min,0.0,,0.0,0.0,
5c70f9bc86fe,26940.0,EPI_38,wait_ratio,0.0,,0.0,1.0,
5c70f9bc86fe,26940.0,Implant_119,available_tool_ratio,1.0,,2.0,2.0,
5c70f9bc86fe,26940.0,Implant_119,wip,0.0,,0.0,0.0,
5c70f9bc86fe,26940.0,Implant_119,q_time_min,0.0,,0.0,0.0,
5c70f9bc86fe,26940.0,Implant_119,wait_ratio,0.0,,0.0,2.0,
5c70f9bc86fe,26940.0,Implant_128,available_tool_ratio,0.8181818181818182,,9.0,11.0,
5c70f9bc86fe,26940.0,Implant_128,wip,6.0,,1.0,5.0,
5c70f9bc86fe,26940.0,Implant_128,q_time_min,120.0,,120.0,1.0,
5c70f9bc86fe,26940.0,Implant_128,wait_ratio,0.1111111111111111,,1.0,9.0,
5c70f9bc86fe,26940.0,Implant_132,available_tool_ratio,0.875,,7.0,8.0,
5c70f9bc86fe,26940.0,Implant_132,wip,6.0,,0.0,6.0,
5c70f9bc86fe,26940.0,Implant_132,q_time_min,0.0,,0.0,0.0,
5c70f9bc86fe,26940.0,Implant_132,wait_ratio,0.0,,0.0,7.0,
5c70f9bc86fe,26940.0,Implant_74,available_tool_ratio,1.0,,2.0,2.0,
5c70f9bc86fe,26940.0,Implant_74,wip,0.0,,0.0,0.0,
5c70f9bc86fe,26940.0,Implant_74,q_time_min,0.0,,0.0,0.0,
5c70f9bc86fe,26940.0,Implant_74,wait_ratio,0.0,,0.0,2.0,
5c70f9bc86fe,26940.0,Implant_88,available_tool_ratio,1.0,,2.0,2.0,
5c70f9bc86fe,26940.0,Implant_88,wip,1.0,,0.0,1.0,
5c70f9bc86fe,26940.0,Implant_88,q_time_min,0.0,,0.0,0.0,
5c70f9bc86fe,26940.0,Implant_88,wait_ratio,0.0,,0.0,2.0,
5c70f9bc86fe,26940.0,Implant_90,available_tool_ratio,1.0,,2.0,2.0,
5c70f9bc86fe,26940.0,Implant_90,wip,0.0,,0.0,0.0,
5c70f9bc86fe,26940.0,Implant_90,q_time_min,0.0,,0.0,0.0,
5c70f9bc86fe,26940.0,Implant_90,wait_ratio,0.0,,0.0,2.0,
5c70f9bc86fe,26940.0,Implant_91,available_tool_ratio,0.8333333333333334,,5.0,6.0,
5c70f9bc86fe,26940.0,Implant_91,wip,3.0,,0.0,3.0,
5c70f9bc86fe,26940.0,Implant_91,q_time_min,0.0,,0.0,0.0,
5c70f9bc86fe,26940.0,Implant_91,wait_ratio,0.0,,0.0,5.0,
5c70f9bc86fe,26940.0,Litho_BE_110,available_tool_ratio,0.896551724137931,,26.0,29.0,
5c70f9bc86fe,26940.0,Litho_BE_110,wip,6.0,,0.0,6.0,
5c70f9bc86fe,26940.0,Litho_BE_110,q_time_min,0.0,,0.0,0.0,
5c70f9bc86fe,26940.0,Litho_BE_110,wait_ratio,0.0,,0.0,26.0,
5c70f9bc86fe,26940.0,Litho_BE_93,available_tool_ratio,1.0,,3.0,3.0,
5c70f9bc86fe,26940.0,Litho_BE_93,wip,0.0,,0.0,0.0,
5c70f9bc86fe,26940.0,Litho_BE_93,q_time_min,0.0,,0.0,0.0,
5c70f9bc86fe,26940.0,Litho_BE_93,wait_ratio,0.0,,0.0,3.0,
5c70f9bc86fe,26940.0,Litho_BE_99,available_tool_ratio,0.6666666666666666,,2.0,3.0,
5c70f9bc86fe,26940.0,Litho_BE_99,wip,1.0,,0.0,1.0,
5c70f9bc86fe,26940.0,Litho_BE_99,q_time_min,0.0,,0.0,0.0,
5c70f9bc86fe,26940.0,Litho_BE_99,wait_ratio,0.0,,0.0,2.0,
5c70f9bc86fe,26940.0,Litho_FE_111,available_tool_ratio,0.8260869565217391,,19.0,23.0,
5c70f9bc86fe,26940.0,Litho_FE_111,wip,9.0,,0.0,9.0,
5c70f9bc86fe,26940.0,Litho_FE_111,q_time_min,0.0,,0.0,0.0,
5c70f9bc86fe,26940.0,Litho_FE_111,wait_ratio,0.0,,0.0,19.0,
5c70f9bc86fe,26940.0,Litho_FE_35,available_tool_ratio,1.0,,2.0,2.0,
5c70f9bc86fe,26940.0,Litho_FE_35,wip,1.0,,0.0,1.0,
5c70f9bc86fe,26940.0,Litho_FE_35,q_time_min,0.0,,0.0,0.0,
5c70f9bc86fe,26940.0,Litho_FE_35,wait_ratio,0.0,,0.0,2.0,
5c70f9bc86fe,26940.0,Litho_FE_92,available_tool_ratio,0.8823529411764706,,30.0,34.0,
5c70f9bc86fe,26940.0,Litho_FE_92,wip,15.0,,2.0,13.0,
5c70f9bc86fe,26940.0,Litho_FE_92,q_time_min,120.0,,240.0,2.0,
5c70f9bc86fe,26940.0,Litho_FE_92,wait_ratio,0.06666666666666667,,2.0,30.0,
5c70f9bc86fe,26940.0,Litho_FE_98,available_tool_ratio,0.8333333333333334,,5.0,6.0,
5c70f9bc86fe,26940.0,Litho_FE_98,wip,5.0,,0.0,5.0,
5c70f9bc86fe,26940.0,Litho_FE_98,q_time_min,0.0,,0.0,0.0,
5c70f9bc86fe,26940.0,Litho_FE_98,wait_ratio,0.0,,0.0,5.0,
5c70f9bc86fe,26940.0,Litho_REG_BE_63,available_tool_ratio,1.0,,9.0,9.0,
5c70f9bc86fe,26940.0,Litho_REG_BE_63,wip,2.0,,0.0,2.0,
5c70f9bc86fe,26940.0,Litho_REG_BE_63,q_time_min,0.0,,0.0,0.0,
5c70f9bc86fe,26940.0,Litho_REG_BE_63,wait_ratio,0.0,,0.0,9.0,
5c70f9bc86fe,26940.0,Litho_REG_FE_64,available_tool_ratio,1.0,,15.0,15.0,
5c70f9bc86fe,26940.0,Litho_REG_FE_64,wip,11.0,,1.0,10.0,
5c70f9bc86fe,26940.0,Litho_REG_FE_64,q_time_min,120.0,,120.0,1.0,
5c70f9bc86fe,26940.0,Litho_REG_FE_64,wait_ratio,0.06666666666666667,,1.0,15.0,
5c70f9bc86fe,26940.0,LithoMet_BE_18,available_tool_ratio,0.8666666666666667,,13.0,15.0,
5c70f9bc86fe,26940.0,LithoMet_BE_18,wip,7.0,,0.0,7.0,
5c70f9bc86fe,26940.0,LithoMet_BE_18,q_time_min,0.0,,0.0,0.0,
5c70f9bc86fe,26940.0,LithoMet_BE_18,wait_ratio,0.0,,0.0,13.0,
5c70f9bc86fe,26940.0,LithoMet_FE_19,available_tool_ratio,0.9,,18.0,20.0,
5c70f9bc86fe,26940.0,LithoMet_FE_19,wip,18.0,,2.0,16.0,
5c70f9bc86fe,26940.0,LithoMet_FE_19,q_time_min,120.0,,240.0,2.0,
5c70f9bc86fe,26940.0,LithoMet_FE_19,wait_ratio,0.1111111111111111,,2.0,18.0,
5c70f9bc86fe,26940.0,LithoTrack_BE_117,available_tool_ratio,1.0,,5.0,5.0,
5c70f9bc86fe,26940.0,LithoTrack_BE_117,wip,3.0,,0.0,3.0,
5c70f9bc86fe,26940.0,LithoTrack_BE_117,q_time_min,0.0,,0.0,0.0,
5c70f9bc86fe,26940.0,LithoTrack_BE_117,wait_ratio,0.0,,0.0,5.0,
5c70f9bc86fe,26940.0,LithoTrack_FE_115,available_tool_ratio,0.8888888888888888,,48.0,54.0,
5c70f9bc86fe,26940.0,LithoTrack_FE_115,wip,17.0,,0.0,17.0,
5c70f9bc86fe,26940.0,LithoTrack_FE_115,q_time_min,0.0,,0.0,0.0,
5c70f9bc86fe,26940.0,LithoTrack_FE_115,wait_ratio,0.0,,0.0,48.0,
5c70f9bc86fe,26940.0,LithoTrack_FE_95,available_tool_ratio,0.9056603773584906,,48.0,53.0,
5c70f9bc86fe,26940.0,LithoTrack_FE_95,wip,10.0,,0.0,10.0,
5c70f9bc86fe,26940.0,LithoTrack_FE_95,q_time_min,0.0,,0.0,0.0,
5c70f9bc86fe,26940.0,LithoTrack_FE_95,wait_ratio,0.0,,0.0,48.0,
5c70f9bc86fe,26940.0,LithoTrack_FE_96,available_tool_ratio,1.0,,2.0,2.0,
5c70f9bc86fe,26940.0,LithoTrack_FE_96,wip,0.0,,0.0,0.0,
5c70f9bc86fe,26940.0,LithoTrack_FE_96,q_time_min,0.0,,0.0,0.0,
5c70f9bc86fe,26940.0,LithoTrack_FE_96,wait_ratio,0.0,,0.0,2.0,
5c70f9bc86fe,26940.0,Planar_BE_75,available_tool_ratio,0.9545454545454546,,21.0,22.0,
5c70f9bc86fe,26940.0,Planar_BE_75,wip,4.0,,0.0,4.0,
5c70f9bc86fe,26940.0,Planar_BE_75,q_time_min,0.0,,0.0,0.0,
5c70f9bc86fe,26940.0,Planar_BE_75,wait_ratio,0.0,,0.0,21.0,
5c70f9bc86fe,26940.0,Planar_FE_76,available_tool_ratio,0.6666666666666666,,2.0,3.0,
5c70f9bc86fe,26940.0,Planar_FE_76,wip,1.0,,0.0,1.0,
5c70f9bc86fe,26940.0,Planar_FE_76,q_time_min,0.0,,0.0,0.0,
5c70f9bc86fe,26940.0,Planar_FE_76,wait_ratio,0.0,,0.0,2.0,
5c70f9bc86fe,26940.0,Planar_FE_77,available_tool_ratio,1.0,,3.0,3.0,
5c70f9bc86fe,26940.0,Planar_FE_77,wip,3.0,,0.0,3.0,
5c70f9bc86fe,26940.0,Planar_FE_77,q_time_min,0.0,,0.0,0.0,
5c70f9bc86fe,26940.0,Planar_FE_77,wait_ratio,0.0,,0.0,3.0,
5c70f9bc86fe,26940.0,Planar_FE_78,available_tool_ratio,1.0,,2.0,2.0,
5c70f9bc86fe,26940.0,Planar_FE_78,wip,0.0,,0.0,0.0,
5c70f9bc86fe,26940.0,Planar_FE_78,q_time_min,0.0,,0.0,0.0,
5c70f9bc86fe,26940.0,Planar_FE_78,wait_ratio,0.0,,0.0,2.0,
5c70f9bc86fe,26940.0,Planar_FE_79,available_tool_ratio,1.0,,6.0,6.0,
5c70f9bc86fe,26940.0,Planar_FE_79,wip,0.0,,0.0,0.0,
5c70f9bc86fe,26940.0,Planar_FE_79,q_time_min,0.0,,0.0,0.0,
5c70f9bc86fe,26940.0,Planar_FE_79,wait_ratio,0.0,,0.0,6.0,
5c70f9bc86fe,26940.0,Planar_FE_80,available_tool_ratio,0.5,,1.0,2.0,
5c70f9bc86fe,26940.0,Planar_FE_80,wip,1.0,,0.0,1.0,
5c70f9bc86fe,26940.0,Planar_FE_80,q_time_min,0.0,,0.0,0.0,
5c70f9bc86fe,26940.0,Planar_FE_80,wait_ratio,0.0,,0.0,1.0,
5c70f9bc86fe,26940.0,TF_BE_2,available_tool_ratio,1.0,,4.0,4.0,
5c70f9bc86fe,26940.0,TF_BE_2,wip,0.0,,0.0,0.0,
5c70f9bc86fe,26940.0,TF_BE_2,q_time_min,0.0,,0.0,0.0,
5c70f9bc86fe,26940.0,TF_BE_2,wait_ratio,0.0,,0.0,4.0,
5c70f9bc86fe,26940.0,TF_BE_23,available_tool_ratio,0.9523809523809523,,20.0,21.0,
5c70f9bc86fe,26940.0,TF_BE_23,wip,5.0,,0.0,5.0,
5c70f9bc86fe,26940.0,TF_BE_23,q_time_min,0.0,,0.0,0.0,
5c70f9bc86fe,26940.0,TF_BE_23,wait_ratio,0.0,,0.0,20.0,
5c70f9bc86fe,26940.0,TF_BE_24,available_tool_ratio,1.0,,5.0,5.0,
5c70f9bc86fe,26940.0,TF_BE_24,wip,0.0,,0.0,0.0,
5c70f9bc86fe,26940.0,TF_BE_24,q_time_min,0.0,,0.0,0.0,
5c70f9bc86fe,26940.0,TF_BE_24,wait_ratio,0.0,,0.0,5.0,
5c70f9bc86fe,26940.0,TF_BE_26,available_tool_ratio,1.0,,16.0,16.0,
5c70f9bc86fe,26940.0,TF_BE_26,wip,0.0,,0.0,0.0,
5c70f9bc86fe,26940.0,TF_BE_26,q_time_min,0.0,,0.0,0.0,
5c70f9bc86fe,26940.0,TF_BE_26,wait_ratio,0.0,,0.0,16.0,
5c70f9bc86fe,26940.0,TF_BE_40,available_tool_ratio,1.0,,26.0,26.0,
5c70f9bc86fe,26940.0,TF_BE_40,wip,3.0,,0.0,3.0,
5c70f9bc86fe,26940.0,TF_BE_40,q_time_min,0.0,,0.0,0.0,
5c70f9bc86fe,26940.0,TF_BE_40,wait_ratio,0.0,,0.0,26.0,
5c70f9bc86fe,26940.0,TF_FE_103,available_tool_ratio,1.0,,5.0,5.0,
5c70f9bc86fe,26940.0,TF_FE_103,wip,0.0,,0.0,0.0,
5c70f9bc86fe,26940.0,TF_FE_103,q_time_min,0.0,,0.0,0.0,
5c70f9bc86fe,26940.0,TF_FE_103,wait_ratio,0.0,,0.0,5.0,
5c70f9bc86fe,26940.0,TF_FE_104,available_tool_ratio,1.0,,6.0,6.0,
5c70f9bc86fe,26940.0,TF_FE_104,wip,0.0,,0.0,0.0,
5c70f9bc86fe,26940.0,TF_FE_104,q_time_min,0.0,,0.0,0.0,
5c70f9bc86fe,26940.0,TF_FE_104,wait_ratio,0.0,,0.0,6.0,
5c70f9bc86fe,26940.0,TF_FE_113,available_tool_ratio,1.0,,3.0,3.0,
5c70f9bc86fe,26940.0,TF_FE_113,wip,0.0,,0.0,0.0,
5c70f9bc86fe,26940.0,TF_FE_113,q_time_min,0.0,,0.0,0.0,
5c70f9bc86fe,26940.0,TF_FE_113,wait_ratio,0.0,,0.0,3.0,
5c70f9bc86fe,26940.0,TF_FE_131,available_tool_ratio,1.0,,7.0,7.0,
5c70f9bc86fe,26940.0,TF_FE_131,wip,0.0,,0.0,0.0,
5c70f9bc86fe,26940.0,TF_FE_131,q_time_min,0.0,,0.0,0.0,
5c70f9bc86fe,26940.0,TF_FE_131,wait_ratio,0.0,,0.0,7.0,
5c70f9bc86fe,26940.0,TF_FE_3,available_tool_ratio,1.0,,3.0,3.0,
5c70f9bc86fe,26940.0,TF_FE_3,wip,0.0,,0.0,0.0,
5c70f9bc86fe,26940.0,TF_FE_3,q_time_min,0.0,,0.0,0.0,
5c70f9bc86fe,26940.0,TF_FE_3,wait_ratio,0.0,,0.0,3.0,
5c70f9bc86fe,26940.0,TF_FE_5,available_tool_ratio,1.0,,4.0,4.0,
5c70f9bc86fe,26940.0,TF_FE_5,wip,0.0,,0.0,0.0,
5c70f9bc86fe,26940.0,TF_FE_5,q_time_min,0.0,,0.0,0.0,
5c70f9bc86fe,26940.0,TF_FE_5,wait_ratio,0.0,,0.0,4.0,
5c70f9bc86fe,26940.0,TF_Met_FE_45,available_tool_ratio,1.0,,2.0,2.0,
5c70f9bc86fe,26940.0,TF_Met_FE_45,wip,1.0,,0.0,1.0,
5c70f9bc86fe,26940.0,TF_Met_FE_45,q_time_min,0.0,,0.0,0.0,
5c70f9bc86fe,26940.0,TF_Met_FE_45,wait_ratio,0.0,,0.0,2.0,
5c70f9bc86fe,26940.0,TF_Met_FE_61,available_tool_ratio,1.0,,2.0,2.0,
5c70f9bc86fe,26940.0,TF_Met_FE_61,wip,6.0,,4.0,2.0,
5c70f9bc86fe,26940.0,TF_Met_FE_61,q_time_min,120.0,,480.0,4.0,
5c70f9bc86fe,26940.0,TF_Met_FE_61,wait_ratio,2.0,,4.0,2.0,
5c70f9bc86fe,26940.0,WE_BE_14,available_tool_ratio,1.0,,5.0,5.0,
5c70f9bc86fe,26940.0,WE_BE_14,wip,1.0,,0.0,1.0,
5c70f9bc86fe,26940.0,WE_BE_14,q_time_min,0.0,,0.0,0.0,
5c70f9bc86fe,26940.0,WE_BE_14,wait_ratio,0.0,,0.0,5.0,
5c70f9bc86fe,26940.0,WE_BE_16,available_tool_ratio,1.0,,9.0,9.0,
5c70f9bc86fe,26940.0,WE_BE_16,wip,0.0,,0.0,0.0,
5c70f9bc86fe,26940.0,WE_BE_16,q_time_min,0.0,,0.0,0.0,
5c70f9bc86fe,26940.0,WE_BE_16,wait_ratio,0.0,,0.0,9.0,
5c70f9bc86fe,26940.0,WE_BE_17,available_tool_ratio,1.0,,2.0,2.0,
5c70f9bc86fe,26940.0,WE_BE_17,wip,0.0,,0.0,0.0,
5c70f9bc86fe,26940.0,WE_BE_17,q_time_min,0.0,,0.0,0.0,
5c70f9bc86fe,26940.0,WE_BE_17,wait_ratio,0.0,,0.0,2.0,
5c70f9bc86fe,26940.0,WE_BE_7,available_tool_ratio,1.0,,1.0,1.0,
5c70f9bc86fe,26940.0,WE_BE_7,wip,0.0,,0.0,0.0,
5c70f9bc86fe,26940.0,WE_BE_7,q_time_min,0.0,,0.0,0.0,
5c70f9bc86fe,26940.0,WE_BE_7,wait_ratio,0.0,,0.0,1.0,
5c70f9bc86fe,26940.0,WE_BE_81,available_tool_ratio,1.0,,3.0,3.0,
5c70f9bc86fe,26940.0,WE_BE_81,wip,1.0,,0.0,1.0,
5c70f9bc86fe,26940.0,WE_BE_81,q_time_min,0.0,,0.0,0.0,
5c70f9bc86fe,26940.0,WE_BE_81,wait_ratio,0.0,,0.0,3.0,
5c70f9bc86fe,26940.0,WE_BE_82,available_tool_ratio,1.0,,10.0,10.0,
5c70f9bc86fe,26940.0,WE_BE_82,wip,1.0,,0.0,1.0,
5c70f9bc86fe,26940.0,WE_BE_82,q_time_min,0.0,,0.0,0.0,
5c70f9bc86fe,26940.0,WE_BE_82,wait_ratio,0.0,,0.0,10.0,
5c70f9bc86fe,26940.0,WE_BE_9,available_tool_ratio,1.0,,7.0,7.0,
5c70f9bc86fe,26940.0,WE_BE_9,wip,1.0,,0.0,1.0,
5c70f9bc86fe,26940.0,WE_BE_9,q_time_min,0.0,,0.0,0.0,
5c70f9bc86fe,26940.0,WE_BE_9,wait_ratio,0.0,,0.0,7.0,
5c70f9bc86fe,26940.0,WE_FE_108,available_tool_ratio,0.9722222222222222,,35.0,36.0,
5c70f9bc86fe,26940.0,WE_FE_108,wip,16.0,,3.0,13.0,
5c70f9bc86fe,26940.0,WE_FE_108,q_time_min,120.0,,360.0,3.0,
5c70f9bc86fe,26940.0,WE_FE_108,wait_ratio,0.08571428571428572,,3.0,35.0,
5c70f9bc86fe,26940.0,WE_FE_41,available_tool_ratio,1.0,,5.0,5.0,
5c70f9bc86fe,26940.0,WE_FE_41,wip,0.0,,0.0,0.0,
5c70f9bc86fe,26940.0,WE_FE_41,q_time_min,0.0,,0.0,0.0,
5c70f9bc86fe,26940.0,WE_FE_41,wait_ratio,0.0,,0.0,5.0,
5c70f9bc86fe,26940.0,WE_FE_47,available_tool_ratio,1.0,,6.0,6.0,
5c70f9bc86fe,26940.0,WE_FE_47,wip,1.0,,0.0,1.0,
5c70f9bc86fe,26940.0,WE_FE_47,q_time_min,0.0,,0.0,0.0,
5c70f9bc86fe,26940.0,WE_FE_47,wait_ratio,0.0,,0.0,6.0,
5c70f9bc86fe,26940.0,WE_FE_8,available_tool_ratio,1.0,,2.0,2.0,
5c70f9bc86fe,26940.0,WE_FE_8,wip,1.0,,0.0,1.0,
5c70f9bc86fe,26940.0,WE_FE_8,q_time_min,0.0,,0.0,0.0,
5c70f9bc86fe,26940.0,WE_FE_8,wait_ratio,0.0,,0.0,2.0,
5c70f9bc86fe,26940.0,WE_FE_83,available_tool_ratio,1.0,,7.0,7.0,
5c70f9bc86fe,26940.0,WE_FE_83,wip,2.0,,0.0,2.0,
5c70f9bc86fe,26940.0,WE_FE_83,q_time_min,0.0,,0.0,0.0,
5c70f9bc86fe,26940.0,WE_FE_83,wait_ratio,0.0,,0.0,7.0,
5c70f9bc86fe,26940.0,WE_FE_84,available_tool_ratio,1.0,,19.0,19.0,
5c70f9bc86fe,26940.0,WE_FE_84,wip,12.0,,0.0,12.0,
5c70f9bc86fe,26940.0,WE_FE_84,q_time_min,0.0,,0.0,0.0,
5c70f9bc86fe,26940.0,WE_FE_84,wait_ratio,0.0,,0.0,19.0,
5c70f9bc86fe,26940.0,WE_FE_85,available_tool_ratio,1.0,,2.0,2.0,
5c70f9bc86fe,26940.0,WE_FE_85,wip,0.0,,0.0,0.0,
5c70f9bc86fe,26940.0,WE_FE_85,q_time_min,0.0,,0.0,0.0,
5c70f9bc86fe,26940.0,WE_FE_85,wait_ratio,0.0,,0.0,2.0,
5c70f9bc86fe,26940.0,DE_BE_11,utilization_avg,0.18181818181818182,60,2.0,11.0,
5c70f9bc86fe,26940.0,DE_BE_11,setup_ratio_avg,0.0,60,0.0,11.0,
5c70f9bc86fe,26940.0,DE_BE_12,utilization_avg,0.0,60,0.0,10.0,
5c70f9bc86fe,26940.0,DE_BE_12,setup_ratio_avg,0.0,60,0.0,10.0,
5c70f9bc86fe,26940.0,DE_BE_13,utilization_avg,0.21739130434782608,60,5.0,23.0,
5c70f9bc86fe,26940.0,DE_BE_13,setup_ratio_avg,0.0,60,0.0,23.0,
5c70f9bc86fe,26940.0,DE_BE_48,utilization_avg,0.0,60,0.0,12.0,
5c70f9bc86fe,26940.0,DE_BE_48,setup_ratio_avg,0.0,60,0.0,12.0,
5c70f9bc86fe,26940.0,DE_BE_50,utilization_avg,0.0,60,0.0,9.0,
5c70f9bc86fe,26940.0,DE_BE_50,setup_ratio_avg,0.0,60,0.0,9.0,
5c70f9bc86fe,26940.0,DE_BE_65,utilization_avg,0.1111111111111111,60,2.0,18.0,
5c70f9bc86fe,26940.0,DE_BE_65,setup_ratio_avg,0.0,60,0.0,18.0,
5c70f9bc86fe,26940.0,DE_BE_66,utilization_avg,0.09090909090909091,60,2.0,22.0,
5c70f9bc86fe,26940.0,DE_BE_66,setup_ratio_avg,0.0,60,0.0,22.0,
5c70f9bc86fe,26940.0,DE_BE_67,utilization_avg,0.08333333333333333,60,1.0,12.0,
5c70f9bc86fe,26940.0,DE_BE_67,setup_ratio_avg,0.0,60,0.0,12.0,
5c70f9bc86fe,26940.0,DE_BE_69,utilization_avg,0.0,60,0.0,2.0,
5c70f9bc86fe,26940.0,DE_BE_69,setup_ratio_avg,0.0,60,0.0,2.0,
5c70f9bc86fe,26940.0,DE_FE_1,utilization_avg,0.125,60,1.0,8.0,
5c70f9bc86fe,26940.0,DE_FE_1,setup_ratio_avg,0.0,60,0.0,8.0,
5c70f9bc86fe,26940.0,DE_FE_51,utilization_avg,0.2727272727272727,60,6.0,22.0,
5c70f9bc86fe,26940.0,DE_FE_51,setup_ratio_avg,0.0,60,0.0,22.0,
5c70f9bc86fe,26940.0,DE_FE_53,utilization_avg,0.8,60,4.0,5.0,
5c70f9bc86fe,26940.0,DE_FE_53,setup_ratio_avg,0.0,60,0.0,5.0,
5c70f9bc86fe,26940.0,DE_FE_54,utilization_avg,1.0,60,6.0,6.0,
5c70f9bc86fe,26940.0,DE_FE_54,setup_ratio_avg,0.0,60,0.0,6.0,
5c70f9bc86fe,26940.0,DE_FE_56,utilization_avg,0.0,60,0.0,3.0,
5c70f9bc86fe,26940.0,DE_FE_56,setup_ratio_avg,0.0,60,0.0,3.0,
5c70f9bc86fe,26940.0,DE_FE_58,utilization_avg,0.0,60,0.0,3.0,
5c70f9bc86fe,26940.0,DE_FE_58,setup_ratio_avg,0.0,60,0.0,3.0,
5c70f9bc86fe,26940.0,DE_FE_59,utilization_avg,0.8235294117647058,60,14.0,17.0,
5c70f9bc86fe,26940.0,DE_FE_59,setup_ratio_avg,0.0,60,0.0,17.0,
5c70f9bc86fe,26940.0,DE_FE_62,utilization_avg,0.0,60,0.0,17.0,
5c70f9bc86fe,26940.0,DE_FE_62,setup_ratio_avg,0.0,60,0.0,17.0,
5c70f9bc86fe,26940.0,DE_FE_70,utilization_avg,0.0,60,0.0,15.0,
5c70f9bc86fe,26940.0,DE_FE_70,setup_ratio_avg,0.0,60,0.0,15.0,
5c70f9bc86fe,26940.0,DE_FE_71,utilization_avg,0.3882198984978853,60,12.034816853434444,31.0,
5c70f9bc86fe,26940.0,DE_FE_71,setup_ratio_avg,0.0,60,0.0,31.0,
5c70f9bc86fe,26940.0,DE_FE_72,utilization_avg,0.0,60,0.0,11.0,
5c70f9bc86fe,26940.0,DE_FE_72,setup_ratio_avg,0.0,60,0.0,11.0,
5c70f9bc86fe,26940.0,DE_FE_86,utilization_avg,0.2332210768067159,60,34.98316152100738,150.0,
5c70f9bc86fe,26940.0,DE_FE_86,setup_ratio_avg,0.0,60,0.0,150.0,
5c70f9bc86fe,26940.0,DefMet_BE_33,utilization_avg,0.0,60,0.0,2.0,
5c70f9bc86fe,26940.0,DefMet_BE_33,setup_ratio_avg,0.0,60,0.0,2.0,
5c70f9bc86fe,26940.0,DefMet_BE_42,utilization_avg,0.0,60,0.0,1.0,
5c70f9bc86fe,26940.0,DefMet_BE_42,setup_ratio_avg,0.0,60,0.0,1.0,
5c70f9bc86fe,26940.0,DefMet_FE_10,utilization_avg,0.0,60,0.0,3.0,
5c70f9bc86fe,26940.0,DefMet_FE_10,setup_ratio_avg,0.0,60,0.0,3.0,
5c70f9bc86fe,26940.0,DefMet_FE_106,utilization_avg,0.0,60,0.0,1.0,
5c70f9bc86fe,26940.0,DefMet_FE_106,setup_ratio_avg,0.0,60,0.0,1.0,
5c70f9bc86fe,26940.0,DefMEt_FE_118,utilization_avg,1.0,60,2.0,2.0,
5c70f9bc86fe,26940.0,DefMEt_FE_118,setup_ratio_avg,0.0,60,0.0,2.0,
5c70f9bc86fe,26940.0,DefMet_FE_34,utilization_avg,0.5,60,1.0,2.0,
5c70f9bc86fe,26940.0,DefMet_FE_34,setup_ratio_avg,0.0,60,0.0,2.0,
5c70f9bc86fe,26940.0,DefMet_FE_43,utilization_avg,0.3333333333333333,60,2.0,6.0,
5c70f9bc86fe,26940.0,DefMet_FE_43,setup_ratio_avg,0.0,60,0.0,6.0,
5c70f9bc86fe,26940.0,Delay_32,utilization_avg,0.1,60,40.0,400.0,
5c70f9bc86fe,26940.0,Delay_32,setup_ratio_avg,0.0,60,0.0,400.0,
5c70f9bc86fe,26940.0,Dielectric_BE_20,utilization_avg,0.0,60,0.0,6.0,
5c70f9bc86fe,26940.0,Dielectric_BE_20,setup_ratio_avg,0.0,60,0.0,6.0,
5c70f9bc86fe,26940.0,Dielectric_BE_21,utilization_avg,0.2222222222222222,60,2.0,9.0,
5c70f9bc86fe,26940.0,Dielectric_BE_21,setup_ratio_avg,0.0,60,0.0,9.0,
5c70f9bc86fe,26940.0,Dielectric_BE_27,utilization_avg,0.17647058823529413,60,3.0,17.0,
5c70f9bc86fe,26940.0,Dielectric_BE_27,setup_ratio_avg,0.0,60,0.0,17.0,
5c70f9bc86fe,26940.0,Dielectric_BE_28,utilization_avg,0.2,60,1.0,5.0,
5c70f9bc86fe,26940.0,Dielectric_BE_28,setup_ratio_avg,0.0,60,0.0,5.0,
5c70f9bc86fe,26940.0,Dielectric_BE_60,utilization_avg,0.0,60,0.0,5.0,
5c70f9bc86fe,26940.0,Dielectric_BE_60,setup_ratio_avg,0.0,60,0.0,5.0,
5c70f9bc86fe,26940.0,Dielectric_FE_112,utilization_avg,0.0,60,0.0,12.0,
5c70f9bc86fe,26940.0,Dielectric_FE_112,setup_ratio_avg,0.0,60,0.0,12.0,
5c70f9bc86fe,26940.0,Dielectric_FE_130,utilization_avg,0.0,60,0.0,5.0,
5c70f9bc86fe,26940.0,Dielectric_FE_130,setup_ratio_avg,0.0,60,0.0,5.0,
5c70f9bc86fe,26940.0,Dielectric_FE_29,utilization_avg,0.0,60,0.0,4.0,
5c70f9bc86fe,26940.0,Dielectric_FE_29,setup_ratio_avg,0.0,60,0.0,4.0,
5c70f9bc86fe,26940.0,Dielectric_FE_30,utilization_avg,1.0,60,2.0,2.0,
5c70f9bc86fe,26940.0,Dielectric_FE_30,setup_ratio_avg,0.0,60,0.0,2.0,
5c70f9bc86fe,26940.0,Dielectric_FE_31,utilization_avg,0.0,60,0.0,5.0,
5c70f9bc86fe,26940.0,Dielectric_FE_31,setup_ratio_avg,0.0,60,0.0,5.0,
5c70f9bc86fe,26940.0,Diffusion_BE_123,utilization_avg,0.0,60,0.0,12.0,
5c70f9bc86fe,26940.0,Diffusion_BE_123,setup_ratio_avg,0.0,60,0.0,12.0,
5c70f9bc86fe,26940.0,Diffusion_FE_100,utilization_avg,0.0,60,0.0,2.0,
5c70f9bc86fe,26940.0,Diffusion_FE_100,setup_ratio_avg,0.0,60,0.0,2.0,
5c70f9bc86fe,26940.0,Diffusion_FE_101,utilization_avg,0.375,60,3.0,8.0,
5c70f9bc86fe,26940.0,Diffusion_FE_101,setup_ratio_avg,0.0,60,0.0,8.0,
5c70f9bc86fe,26940.0,Diffusion_FE_120,utilization_avg,0.45454545454545453,60,5.0,11.0,
5c70f9bc86fe,26940.0,Diffusion_FE_120,setup_ratio_avg,0.0,60,0.0,11.0,
5c70f9bc86fe,26940.0,Diffusion_FE_122,utilization_avg,0.4,60,2.0,5.0,
5c70f9bc86fe,26940.0,Diffusion_FE_122,setup_ratio_avg,0.0,60,0.0,5.0,
5c70f9bc86fe,26940.0,Diffusion_FE_125,utilization_avg,0.75,60,3.0,4.0,
5c70f9bc86fe,26940.0,Diffusion_FE_125,setup_ratio_avg,0.0,60,0.0,4.0,
5c70f9bc86fe,26940.0,Diffusion_FE_126,utilization_avg,0.0,60,0.0,3.0,
5c70f9bc86fe,26940.0,Diffusion_FE_126,setup_ratio_avg,0.0,60,0.0,3.0,
5c70f9bc86fe,26940.0,Diffusion_FE_127,utilization_avg,0.3333333333333333,60,3.0,9.0,
5c70f9bc86fe,26940.0,Diffusion_FE_127,setup_ratio_avg,0.0,60,0.0,9.0,
5c70f9bc86fe,26940.0,Diffusion_FE_44,utilization_avg,0.9090909090909091,60,10.0,11.0,
5c70f9bc86fe,26940.0,Diffusion_FE_44,setup_ratio_avg,0.0,60,0.0,11.0,
5c70f9bc86fe,26940.0,Diffusion_FE_94,utilization_avg,0.0,60,0.0,11.0,
5c70f9bc86fe,26940.0,Diffusion_FE_94,setup_ratio_avg,0.0,60,0.0,11.0,
5c70f9bc86fe,26940.0,EPI_36,utilization_avg,0.0,60,0.0,2.0,
5c70f9bc86fe,26940.0,EPI_36,setup_ratio_avg,0.0,60,0.0,2.0,
5c70f9bc86fe,26940.0,EPI_38,utilization_avg,1.0,60,1.0,1.0,
5c70f9bc86fe,26940.0,EPI_38,setup_ratio_avg,0.0,60,0.0,1.0,
5c70f9bc86fe,26940.0,Implant_119,utilization_avg,0.0,60,0.0,2.0,
5c70f9bc86fe,26940.0,Implant_119,setup_ratio_avg,0.0,60,0.0,2.0,
5c70f9bc86fe,26940.0,Implant_128,utilization_avg,0.2727272727272727,60,3.0,11.0,
5c70f9bc86fe,26940.0,Implant_128,setup_ratio_avg,0.0,60,0.0,11.0,
5c70f9bc86fe,26940.0,Implant_132,utilization_avg,0.625,60,5.0,8.0,
5c70f9bc86fe,26940.0,Implant_132,setup_ratio_avg,0.0,60,0.0,8.0,
5c70f9bc86fe,26940.0,Implant_74,utilization_avg,0.0,60,0.0,2.0,
5c70f9bc86fe,26940.0,Implant_74,setup_ratio_avg,0.0,60,0.0,2.0,
5c70f9bc86fe,26940.0,Implant_88,utilization_avg,0.5,60,1.0,2.0,
5c70f9bc86fe,26940.0,Implant_88,setup_ratio_avg,0.0,60,0.0,2.0,
5c70f9bc86fe,26940.0,Implant_90,utilization_avg,0.0,60,0.0,2.0,
5c70f9bc86fe,26940.0,Implant_90,setup_ratio_avg,0.0,60,0.0,2.0,
5c70f9bc86fe,26940.0,Implant_91,utilization_avg,0.3333333333333333,60,2.0,6.0,
5c70f9bc86fe,26940.0,Implant_91,setup_ratio_avg,0.0,60,0.0,6.0,
5c70f9bc86fe,26940.0,Litho_BE_110,utilization_avg,0.10344827586206896,60,3.0,29.0,
5c70f9bc86fe,26940.0,Litho_BE_110,setup_ratio_avg,0.0,60,0.0,29.0,
5c70f9bc86fe,26940.0,Litho_BE_93,utilization_avg,0.0,60,0.0,3.0,
5c70f9bc86fe,26940.0,Litho_BE_93,setup_ratio_avg,0.0,60,0.0,3.0,
5c70f9bc86fe,26940.0,Litho_BE_99,utilization_avg,0.0,60,0.0,3.0,
5c70f9bc86fe,26940.0,Litho_BE_99,setup_ratio_avg,0.0,60,0.0,3.0,
5c70f9bc86fe,26940.0,Litho_FE_111,utilization_avg,0.17568894558554526,60,4.040845748467541,23.0,
5c70f9bc86fe,26940.0,Litho_FE_111,setup_ratio_avg,0.0,60,0.0,23.0,
5c70f9bc86fe,26940.0,Litho_FE_35,utilization_avg,0.5,60,1.0,2.0,
5c70f9bc86fe,26940.0,Litho_FE_35,setup_ratio_avg,0.0,60,0.0,2.0,
5c70f9bc86fe,26940.0,Litho_FE_92,utilization_avg,0.2647058823529412,60,9.0,34.0,
5c70f9bc86fe,26940.0,Litho_FE_92,setup_ratio_avg,0.0,60,0.0,34.0,
5c70f9bc86fe,26940.0,Litho_FE_98,utilization_avg,0.6666666666666666,60,4.0,6.0,
5c70f9bc86fe,26940.0,Litho_FE_98,setup_ratio_avg,0.0,60,0.0,6.0,
5c70f9bc86fe,26940.0,Litho_REG_BE_63,utilization_avg,0.2222222222222222,60,2.0,9.0,
5c70f9bc86fe,26940.0,Litho_REG_BE_63,setup_ratio_avg,0.0,60,0.0,9.0,
5c70f9bc86fe,26940.0,Litho_REG_FE_64,utilization_avg,0.6666666666666666,60,10.0,15.0,
5c70f9bc86fe,26940.0,Litho_REG_FE_64,setup_ratio_avg,0.0,60,0.0,15.0,
5c70f9bc86fe,26940.0,LithoMet_BE_18,utilization_avg,0.3333333333333333,60,5.0,15.0,
5c70f9bc86fe,26940.0,LithoMet_BE_18,setup_ratio_avg,0.0,60,0.0,15.0,
5c70f9bc86fe,26940.0,LithoMet_FE_19,utilization_avg,0.6508419239496309,60,13.016838478992618,20.0,
5c70f9bc86fe,26940.0,LithoMet_FE_19,setup_ratio_avg,0.0,60,0.0,20.0,
5c70f9bc86fe,26940.0,LithoTrack_BE_117,utilization_avg,0.6,60,3.0,5.0,
5c70f9bc86fe,26940.0,LithoTrack_BE_117,setup_ratio_avg,0.0,60,0.0,5.0,
5c70f9bc86fe,26940.0,LithoTrack_FE_115,utilization_avg,0.22768875917957562,60,12.295192995697084,54.0,
5c70f9bc86fe,26940.0,LithoTrack_FE_115,setup_ratio_avg,0.0,60,0.0,54.0,
5c70f9bc86fe,26940.0,LithoTrack_FE_95,utilization_avg,0.09433962264150944,60,5.0,53.0,
5c70f9bc86fe,26940.0,LithoTrack_FE_95,setup_ratio_avg,0.0,60,0.0,53.0,
5c70f9bc86fe,26940.0,LithoTrack_FE_96,utilization_avg,0.0,60,0.0,2.0,
5c70f9bc86fe,26940.0,LithoTrack_FE_96,setup_ratio_avg,0.0,60,0.0,2.0,
5c70f9bc86fe,26940.0,Planar_BE_75,utilization_avg,0.13636363636363635,60,3.0,22.0,
5c70f9bc86fe,26940.0,Planar_BE_75,setup_ratio_avg,0.0,60,0.0,22.0,
5c70f9bc86fe,26940.0,Planar_FE_76,utilization_avg,0.0,60,0.0,3.0,
5c70f9bc86fe,26940.0,Planar_FE_76,setup_ratio_avg,0.0,60,0.0,3.0,
5c70f9bc86fe,26940.0,Planar_FE_77,utilization_avg,1.0,60,3.0,3.0,
5c70f9bc86fe,26940.0,Planar_FE_77,setup_ratio_avg,0.0,60,0.0,3.0,
5c70f9bc86fe,26940.0,Planar_FE_78,utilization_avg,0.0,60,0.0,2.0,
5c70f9bc86fe,26940.0,Planar_FE_78,setup_ratio_avg,0.0,60,0.0,2.0,
5c70f9bc86fe,26940.0,Planar_FE_79,utilization_avg,0.0,60,0.0,6.0,
5c70f9bc86fe,26940.0,Planar_FE_79,setup_ratio_avg,0.0,60,0.0,6.0,
5c70f9bc86fe,26940.0,Planar_FE_80,utilization_avg,0.0,60,0.0,2.0,
5c70f9bc86fe,26940.0,Planar_FE_80,setup_ratio_avg,0.0,60,0.0,2.0,
5c70f9bc86fe,26940.0,TF_BE_2,utilization_avg,0.0,60,0.0,4.0,
5c70f9bc86fe,26940.0,TF_BE_2,setup_ratio_avg,0.0,60,0.0,4.0,
5c70f9bc86fe,26940.0,TF_BE_23,utilization_avg,0.19047619047619047,60,4.0,21.0,
5c70f9bc86fe,26940.0,TF_BE_23,setup_ratio_avg,0.0,60,0.0,21.0,
5c70f9bc86fe,26940.0,TF_BE_24,utilization_avg,0.0,60,0.0,5.0,
5c70f9bc86fe,26940.0,TF_BE_24,setup_ratio_avg,0.0,60,0.0,5.0,
5c70f9bc86fe,26940.0,TF_BE_26,utilization_avg,0.0,60,0.0,16.0,
5c70f9bc86fe,26940.0,TF_BE_26,setup_ratio_avg,0.0,60,0.0,16.0,
5c70f9bc86fe,26940.0,TF_BE_40,utilization_avg,0.11538461538461539,60,3.0,26.0,
5c70f9bc86fe,26940.0,TF_BE_40,setup_ratio_avg,0.0,60,0.0,26.0,
5c70f9bc86fe,26940.0,TF_FE_103,utilization_avg,0.0,60,0.0,5.0,
5c70f9bc86fe,26940.0,TF_FE_103,setup_ratio_avg,0.0,60,0.0,5.0,
5c70f9bc86fe,26940.0,TF_FE_104,utilization_avg,0.0,60,0.0,6.0,
5c70f9bc86fe,26940.0,TF_FE_104,setup_ratio_avg,0.0,60,0.0,6.0,
5c70f9bc86fe,26940.0,TF_FE_113,utilization_avg,0.0,60,0.0,3.0,
5c70f9bc86fe,26940.0,TF_FE_113,setup_ratio_avg,0.0,60,0.0,3.0,
5c70f9bc86fe,26940.0,TF_FE_131,utilization_avg,0.0,60,0.0,7.0,
5c70f9bc86fe,26940.0,TF_FE_131,setup_ratio_avg,0.0,60,0.0,7.0,
5c70f9bc86fe,26940.0,TF_FE_3,utilization_avg,0.0,60,0.0,3.0,
5c70f9bc86fe,26940.0,TF_FE_3,setup_ratio_avg,0.0,60,0.0,3.0,
5c70f9bc86fe,26940.0,TF_FE_5,utilization_avg,0.0,60,0.0,4.0,
5c70f9bc86fe,26940.0,TF_FE_5,setup_ratio_avg,0.0,60,0.0,4.0,
5c70f9bc86fe,26940.0,TF_Met_FE_45,utilization_avg,0.5,60,1.0,2.0,
5c70f9bc86fe,26940.0,TF_Met_FE_45,setup_ratio_avg,0.0,60,0.0,2.0,
5c70f9bc86fe,26940.0,TF_Met_FE_61,utilization_avg,1.0,60,2.0,2.0,
5c70f9bc86fe,26940.0,TF_Met_FE_61,setup_ratio_avg,0.0,60,0.0,2.0,
5c70f9bc86fe,26940.0,WE_BE_14,utilization_avg,0.2,60,1.0,5.0,
5c70f9bc86fe,26940.0,WE_BE_14,setup_ratio_avg,0.0,60,0.0,5.0,
5c70f9bc86fe,26940.0,WE_BE_16,utilization_avg,0.0,60,0.0,9.0,
5c70f9bc86fe,26940.0,WE_BE_16,setup_ratio_avg,0.0,60,0.0,9.0,
5c70f9bc86fe,26940.0,WE_BE_17,utilization_avg,0.0,60,0.0,2.0,
5c70f9bc86fe,26940.0,WE_BE_17,setup_ratio_avg,0.0,60,0.0,2.0,
5c70f9bc86fe,26940.0,WE_BE_7,utilization_avg,0.0,60,0.0,1.0,
5c70f9bc86fe,26940.0,WE_BE_7,setup_ratio_avg,0.0,60,0.0,1.0,
5c70f9bc86fe,26940.0,WE_BE_81,utilization_avg,0.3333333333333333,60,1.0,3.0,
5c70f9bc86fe,26940.0,WE_BE_81,setup_ratio_avg,0.0,60,0.0,3.0,
5c70f9bc86fe,26940.0,WE_BE_82,utilization_avg,0.1,60,1.0,10.0,
5c70f9bc86fe,26940.0,WE_BE_82,setup_ratio_avg,0.0,60,0.0,10.0,
5c70f9bc86fe,26940.0,WE_BE_9,utilization_avg,0.14285714285714285,60,1.0,7.0,
5c70f9bc86fe,26940.0,WE_BE_9,setup_ratio_avg,0.0,60,0.0,7.0,
5c70f9bc86fe,26940.0,WE_FE_108,utilization_avg,0.3333333333333333,60,12.0,36.0,
5c70f9bc86fe,26940.0,WE_FE_108,setup_ratio_avg,0.0,60,0.0,36.0,
5c70f9bc86fe,26940.0,WE_FE_41,utilization_avg,0.0,60,0.0,5.0,
5c70f9bc86fe,26940.0,WE_FE_41,setup_ratio_avg,0.0,60,0.0,5.0,
5c70f9bc86fe,26940.0,WE_FE_47,utilization_avg,0.16666666666666666,60,1.0,6.0,
5c70f9bc86fe,26940.0,WE_FE_47,setup_ratio_avg,0.0,60,0.0,6.0,
5c70f9bc86fe,26940.0,WE_FE_8,utilization_avg,0.5,60,1.0,2.0,
5c70f9bc86fe,26940.0,WE_FE_8,setup_ratio_avg,0.0,60,0.0,2.0,
5c70f9bc86fe,26940.0,WE_FE_83,utilization_avg,0.3022172486656517,60,2.1155207406595617,7.0,
5c70f9bc86fe,26940.0,WE_FE_83,setup_ratio_avg,0.0,60,0.0,7.0,
5c70f9bc86fe,26940.0,WE_FE_84,utilization_avg,0.6586117716705984,60,12.513623661741368,19.0,
5c70f9bc86fe,26940.0,WE_FE_84,setup_ratio_avg,0.0,60,0.0,19.0,
5c70f9bc86fe,26940.0,WE_FE_85,utilization_avg,0.0,60,0.0,2.0,
5c70f9bc86fe,26940.0,WE_FE_85,setup_ratio_avg,0.0,60,0.0,2.0,
