toolgroup,kpi,in_g_star,direction,alpha,kpi_significant,anchor_tg,n_base,n_fwd,mean_base,mean_fwd,delta_mean,lb_pvalue,lb_independent,t_stat,t_p,t_p_adj,status
DE_BE_66,q_time_min,1,greater,0.05,0,DefMEt_FE_118,30.0,8.0,0.0,0.0,0.0,1.0,1.0,,1.0,1.0,ok
DE_BE_66,wait_ratio,1,greater,0.05,0,DefMEt_FE_118,30.0,8.0,0.0,0.0,0.0,1.0,1.0,,1.0,1.0,ok
DE_BE_66,wip,1,greater,0.05,0,DefMEt_FE_118,30.0,8.0,0.06666666666666667,0.0,-0.06666666666666667,0.050171252994033334,1.0,-0.1948284249878494,0.5765571055238797,1.0,ok
DE_BE_66,available_tool_ratio,1,less,0.05,0,DefMEt_FE_118,30.0,8.0,0.0,0.0,0.0,1.0,1.0,,1.0,1.0,ok
DE_BE_66,utilization_avg,1,greater,0.05,1,DefMEt_FE_118,30.0,8.0,0.0016906612430466334,0.03360036643960372,0.03190970519655709,0.17050241510841335,1.0,2.7332214411235496,0.005286783905518891,0.03304239940949307,ok
DefMEt_FE_118,q_time_min,1,greater,0.05,0,DefMEt_FE_118,30.0,8.0,11.940998058030088,-2763.0926067471014,-2775.0336048051313,0.39694804828422553,1.0,-469.98079499448204,1.0,1.0,ok
DefMEt_FE_118,wait_ratio,1,greater,0.05,0,DefMEt_FE_118,30.0,8.0,1.5666666666666667,-178.0,-179.56666666666666,0.7763907224380308,1.0,-375.1103724324842,1.0,1.0,ok
DefMEt_FE_118,wip,1,greater,0.05,0,DefMEt_FE_118,30.0,8.0,3.1333333333333333,-356.0,-359.1333333333333,0.7592628594899067,1.0,-380.8855894757613,1.0,1.0,ok
DefMEt_FE_118,available_tool_ratio,1,less,0.05,0,DefMEt_FE_118,30.0,8.0,0.0,0.0,0.0,1.0,1.0,,1.0,1.0,ok
DefMEt_FE_118,utilization_avg,1,greater,0.05,0,DefMEt_FE_118,30.0,8.0,0.0004264905291822515,0.01249015847970436,0.012063667950522109,0.1237430566875596,1.0,1.209128090822624,0.11818976378045713,0.5909488189022857,ok
Dielectric_FE_30,q_time_min,1,greater,0.05,0,DefMEt_FE_118,30.0,8.0,0.9735002015127975,-29.205006045383925,-30.178506246896724,0.28581042997087,1.0,-7.853761278569621,0.9999999941920082,1.0,ok
Dielectric_FE_30,wait_ratio,1,greater,0.05,0,DefMEt_FE_118,30.0,8.0,0.016666666666666666,-0.5,-0.5166666666666667,0.022614835113748784,1.0,-7.878390845614245,0.9999999945451846,1.0,ok
Dielectric_FE_30,wip,1,greater,0.05,0,DefMEt_FE_118,30.0,8.0,0.03333333333333333,-1.0,-1.0333333333333334,0.10064541886235068,1.0,-2.7711957780408567,0.9951756443998062,1.0,ok
Dielectric_FE_30,available_tool_ratio,1,less,0.05,0,DefMEt_FE_118,30.0,8.0,0.0,0.0,0.0,1.0,1.0,,1.0,1.0,ok
Dielectric_FE_30,utilization_avg,1,greater,0.05,1,DefMEt_FE_118,30.0,8.0,-0.00462939478812383,0.4500189135535644,0.45464830834168823,0.15887554426919445,1.0,4.621711309090354,3.6251719092771225e-05,0.0003020976591064269,ok
EPI_38,q_time_min,1,greater,0.05,0,DefMEt_FE_118,30.0,8.0,0.08315881570621665,-2.4947644711864996,-2.5779232868927164,0.999999999998601,1.0,-31.000000000000007,1.0,1.0,ok
EPI_38,wait_ratio,1,greater,0.05,0,DefMEt_FE_118,30.0,8.0,0.03333333333333333,-1.0,-1.0333333333333334,0.999999999998601,1.0,-31.00000000000001,1.0,1.0,ok
EPI_38,wip,1,greater,0.05,0,DefMEt_FE_118,30.0,8.0,0.06666666666666667,-1.0,-1.0666666666666667,0.999999999998601,1.0,-16.000000000000004,0.9999999999999997,1.0,ok
EPI_38,available_tool_ratio,1,less,0.05,0,DefMEt_FE_118,30.0,8.0,0.0,0.0,0.0,1.0,1.0,,1.0,1.0,ok
EPI_38,utilization_avg,1,greater,0.05,1,DefMEt_FE_118,30.0,8.0,0.02645607845818328,0.20631764625450155,0.17986156779631826,0.999999999998601,1.0,6.7984969155806345,9.147132769776804e-08,1.1433915962221004e-06,ok
TF_Met_FE_61,q_time_min,1,greater,0.05,0,DefMEt_FE_118,30.0,8.0,4.537262325883362,-185.70113441582947,-190.23839674171285,0.0916665712938487,1.0,-34.87825675672777,1.0,1.0,ok
TF_Met_FE_61,wait_ratio,1,greater,0.05,0,DefMEt_FE_118,30.0,8.0,0.26666666666666666,-33.0,-33.266666666666666,0.7722491650939134,1.0,-67.09611318094383,1.0,1.0,ok
TF_Met_FE_61,wip,1,greater,0.05,0,DefMEt_FE_118,30.0,8.0,0.5333333333333333,-66.0,-66.53333333333333,0.8364180022080949,1.0,-64.93106952166927,1.0,1.0,ok
TF_Met_FE_61,available_tool_ratio,1,less,0.05,0,DefMEt_FE_118,30.0,8.0,0.0,0.0,0.0,1.0,1.0,,1.0,1.0,ok
TF_Met_FE_61,utilization_avg,1,greater,0.05,1,DefMEt_FE_118,30.0,8.0,-0.0005754764127262502,0.04192163478364819,0.042497111196374435,0.10617868517639692,1.0,7.772916913746388,7.139890717015634e-09,1.7849726792539086e-07,ok
DE_BE_11,q_time_min,0,greater,0.05,0,DefMEt_FE_118,,,,,,,,,,,not_in_g_star
DE_BE_11,wait_ratio,0,greater,0.05,0,DefMEt_FE_118,,,,,,,,,,,not_in_g_star
DE_BE_11,wip,0,greater,0.05,0,DefMEt_FE_118,,,,,,,,,,,not_in_g_star
DE_BE_11,available_tool_ratio,0,less,0.05,0,DefMEt_FE_118,,,,,,,,,,,not_in_g_star
DE_BE_11,utilization_avg,0,greater,0.05,0,DefMEt_FE_118,,,,,,,,,,,not_in_g_star
DE_BE_12,q_time_min,0,greater,0.05,0,DefMEt_FE_118,,,,,,,,,,,not_in_g_star
DE_BE_12,wait_ratio,0,greater,0.05,0,DefMEt_FE_118,,,,,,,,,,,not_in_g_star
DE_BE_12,wip,0,greater,0.05,0,DefMEt_FE_118,,,,,,,,,,,not_in_g_star
DE_BE_12,available_tool_ratio,0,less,0.05,0,DefMEt_FE_118,,,,,,,,,,,not_in_g_star
DE_BE_12,utilization_avg,0,greater,0.05,0,DefMEt_FE_118,,,,,,,,,,,not_in_g_star
DE_BE_13,q_time_min,0,greater,0.05,0,DefMEt_FE_118,,,,,,,,,,,not_in_g_star
DE_BE_13,wait_ratio,0,greater,0.05,0,DefMEt_FE_118,,,,,,,,,,,not_in_g_star
DE_BE_13,wip,0,greater,0.05,0,DefMEt_FE_118,,,,,,,,,,,not_in_g_star
DE_BE_13,available_tool_ratio,0,less,0.05,0,DefMEt_FE_118,,,,,,,,,,,not_in_g_star
DE_BE_13,utilization_avg,0,greater,0.05,0,DefMEt_FE_118,,,,,,,,,,,not_in_g_star
DE_BE_48,q_time_min,0,greater,0.05,0,DefMEt_FE_118,,,,,,,,,,,not_in_g_star
DE_BE_48,wait_ratio,0,greater,0.05,0,DefMEt_FE_118,,,,,,,,,,,not_in_g_star
DE_BE_48,wip,0,greater,0.05,0,DefMEt_FE_118,,,,,,,,,,,not_in_g_star
DE_BE_48,available_tool_ratio,0,less,0.05,0,DefMEt_FE_118,,,,,,,,,,,not_in_g_star
DE_BE_48,utilization_avg,0,greater,0.05,0,DefMEt_FE_118,,,,,,,,,,,not_in_g_star
DE_BE_50,q_time_min,0,greater,0.05,0,DefMEt_FE_118,,,,,,,,,,,not_in_g_star
DE_BE_50,wait_ratio,0,greater,0.05,0,DefMEt_FE_118,,,,,,,,,,,not_in_g_star
DE_BE_50,wip,0,greater,0.05,0,DefMEt_FE_118,,,,,,,,,,,not_in_g_star
DE_BE_50,available_tool_ratio,0,less,0.05,0,DefMEt_FE_118,,,,,,,,,,,not_in_g_star
DE_BE_50,utilization_avg,0,greater,0.05,0,DefMEt_FE_118,,,,,,,,,,,not_in_g_star
DE_BE_65,q_time_min,0,greater,0.05,0,DefMEt_FE_118,,,,,,,,,,,not_in_g_star
DE_BE_65,wait_ratio,0,greater,0.05,0,DefMEt_FE_118,,,,,,,,,,,not_in_g_star
DE_BE_65,wip,0,greater,0.05,0,DefMEt_FE_118,,,,,,,,,,,not_in_g_star
DE_BE_65,available_tool_ratio,0,less,0.05,0,DefMEt_FE_118,,,,,,,,,,,not_in_g_star
DE_BE_65,utilization_avg,0,greater,0.05,0,DefMEt_FE_118,,,,,,,,,,,not_in_g_star
DE_BE_67,q_time_min,0,greater,0.05,0,DefMEt_FE_118,,,,,,,,,,,not_in_g_star
DE_BE_67,wait_ratio,0,greater,0.05,0,DefMEt_FE_118,,,,,,,,,,,not_in_g_star
DE_BE_67,wip,0,greater,0.05,0,DefMEt_FE_118,,,,,,,,,,,not_in_g_star
DE_BE_67,available_tool_ratio,0,less,0.05,0,DefMEt_FE_118,,,,,,,,,,,not_in_g_star
DE_BE_67,utilization_avg,0,greater,0.05,0,DefMEt_FE_118,,,,,,,,,,,not_in_g_star
DE_BE_69,q_time_min,0,greater,0.05,0,DefMEt_FE_118,,,,,,,,,,,not_in_g_star
DE_BE_69,wait_ratio,0,greater,0.05,0,DefMEt_FE_118,,,,,,,,,,,not_in_g_star
DE_BE_69,wip,0,greater,0.05,0,DefMEt_FE_118,,,,,,,,,,,not_in_g_star
DE_BE_69,available_tool_ratio,0,less,0.05,0,DefMEt_FE_118,,,,,,,,,,,not_in_g_star
DE_BE_69,utilization_avg,0,greater,0.05,0,DefMEt_FE_118,,,,,,,,,,,not_in_g_star
DE_FE_1,q_time_min,0,greater,0.05,0,DefMEt_FE_118,,,,,,,,,,,not_in_g_star
DE_FE_1,wait_ratio,0,greater,0.05,0,DefMEt_FE_118,,,,,,,,,,,not_in_g_star
DE_FE_1,wip,0,greater,0.05,0,DefMEt_FE_118,,,,,,,,,,,not_in_g_star
DE_FE_1,available_tool_ratio,0,less,0.05,0,DefMEt_FE_118,,,,,,,,,,,not_in_g_star
DE_FE_1,utilization_avg,0,greater,0.05,0,DefMEt_FE_118,,,,,,,,,,,not_in_g_star
DE_FE_51,q_time_min,0,greater,0.05,0,DefMEt_FE_118,,,,,,,,,,,not_in_g_star
DE_FE_51,wait_ratio,0,greater,0.05,0,DefMEt_FE_118,,,,,,,,,,,not_in_g_star
DE_FE_51,wip,0,greater,0.05,0,DefMEt_FE_118,,,,,,,,,,,not_in_g_star
DE_FE_51,available_tool_ratio,0,less,0.05,0,DefMEt_FE_118,,,,,,,,,,,not_in_g_star
DE_FE_51,utilization_avg,0,greater,0.05,0,DefMEt_FE_118,,,,,,,,,,,not_in_g_star
DE_FE_53,q_time_min,0,greater,0.05,0,DefMEt_FE_118,,,,,,,,,,,not_in_g_star
DE_FE_53,wait_ratio,0,greater,0.05,0,DefMEt_FE_118,,,,,,,,,,,not_in_g_star
DE_FE_53,wip,0,greater,0.05,0,DefMEt_FE_118,,,,,,,,,,,not_in_g_star
DE_FE_53,available_tool_ratio,0,less,0.05,0,DefMEt_FE_118,,,,,,,,,,,not_in_g_star
DE_FE_53,utilization_avg,0,greater,0.05,0,DefMEt_FE_118,,,,,,,,,,,not_in_g_star
DE_FE_54,q_time_min,0,greater,0.05,0,DefMEt_FE_118,,,,,,,,,,,not_in_g_star
DE_FE_54,wait_ratio,0,greater,0.05,0,DefMEt_FE_118,,,,,,,,,,,not_in_g_star
DE_FE_54,wip,0,greater,0.05,0,DefMEt_FE_118,,,,,,,,,,,not_in_g_star
DE_FE_54,available_tool_ratio,0,less,0.05,0,DefMEt_FE_118,,,,,,,,,,,not_in_g_star
DE_FE_54,utilization_avg,0,greater,0.05,0,DefMEt_FE_118,,,,,,,,,,,not_in_g_star
DE_FE_56,q_time_min,0,greater,0.05,0,DefMEt_FE_118,,,,,,,,,,,not_in_g_star
DE_FE_56,wait_ratio,0,greater,0.05,0,DefMEt_FE_118,,,,,,,,,,,not_in_g_star
DE_FE_56,wip,0,greater,0.05,0,DefMEt_FE_118,,,,,,,,,,,not_in_g_star
DE_FE_56,available_tool_ratio,0,less,0.05,0,DefMEt_FE_118,,,,,,,,,,,not_in_g_star
DE_FE_56,utilization_avg,0,greater,0.05,0,DefMEt_FE_118,,,,,,,,,,,not_in_g_star
DE_FE_58,q_time_min,0,greater,0.05,0,DefMEt_FE_118,,,,,,,,,,,not_in_g_star
DE_FE_58,wait_ratio,0,greater,0.05,0,DefMEt_FE_118,,,,,,,,,,,not_in_g_star
DE_FE_58,wip,0,greater,0.05,0,DefMEt_FE_118,,,,,,,,,,,not_in_g_star
DE_FE_58,available_tool_ratio,0,less,0.05,0,DefMEt_FE_118,,,,,,,,,,,not_in_g_star
DE_FE_58,utilization_avg,0,greater,0.05,0,DefMEt_FE_118,,,,,,,,,,,not_in_g_star
DE_FE_59,q_time_min,0,greater,0.05,0,DefMEt_FE_118,,,,,,,,,,,not_in_g_star
DE_FE_59,wait_ratio,0,greater,0.05,0,DefMEt_FE_118,,,,,,,,,,,not_in_g_star
DE_FE_59,wip,0,greater,0.05,0,DefMEt_FE_118,,,,,,,,,,,not_in_g_star
DE_FE_59,available_tool_ratio,0,less,0.05,0,DefMEt_FE_118,,,,,,,,,,,not_in_g_star
DE_FE_59,utilization_avg,0,greater,0.05,0,DefMEt_FE_118,,,,,,,,,,,not_in_g_star
DE_FE_62,q_time_min,0,greater,0.05,0,DefMEt_FE_118,,,,,,,,,,,not_in_g_star
DE_FE_62,wait_ratio,0,greater,0.05,0,DefMEt_FE_118,,,,,,,,,,,not_in_g_star
DE_FE_62,wip,0,greater,0.05,0,DefMEt_FE_118,,,,,,,,,,,not_in_g_star
DE_FE_62,available_tool_ratio,0,less,0.05,0,DefMEt_FE_118,,,,,,,,,,,not_in_g_star
DE_FE_62,utilization_avg,0,greater,0.05,0,DefMEt_FE_118,,,,,,,,,,,not_in_g_star
DE_FE_70,q_time_min,0,greater,0.05,0,DefMEt_FE_118,,,,,,,,,,,not_in_g_star
DE_FE_70,wait_ratio,0,greater,0.05,0,DefMEt_FE_118,,,,,,,,,,,not_in_g_star
DE_FE_70,wip,0,greater,0.05,0,DefMEt_FE_118,,,,,,,,,,,not_in_g_star
DE_FE_70,available_tool_ratio,0,less,0.05,0,DefMEt_FE_118,,,,,,,,,,,not_in_g_star
DE_FE_70,utilization_avg,0,greater,0.05,0,DefMEt_FE_118,,,,,,,,,,,not_in_g_star
DE_FE_71,q_time_min,0,greater,0.05,0,DefMEt_FE_118,,,,,,,,,,,not_in_g_star
DE_FE_71,wait_ratio,0,greater,0.05,0,DefMEt_FE_118,,,,,,,,,,,not_in_g_star
DE_FE_71,wip,0,greater,0.05,0,DefMEt_FE_118,,,,,,,,,,,not_in_g_star
DE_FE_71,available_tool_ratio,0,less,0.05,0,DefMEt_FE_118,,,,,,,,,,,not_in_g_star
DE_FE_71,utilization_avg,0,greater,0.05,0,DefMEt_FE_118,,,,,,,,,,,not_in_g_star
DE_FE_72,q_time_min,0,greater,0.05,0,DefMEt_FE_118,,,,,,,,,,,not_in_g_star
DE_FE_72,wait_ratio,0,greater,0.05,0,DefMEt_FE_118,,,,,,,,,,,not_in_g_star
DE_FE_72,wip,0,greater,0.05,0,DefMEt_FE_118,,,,,,,,,,,not_in_g_star
DE_FE_72,available_tool_ratio,0,less,0.05,0,DefMEt_FE_118,,,,,,,,,,,not_in_g_star
DE_FE_72,utilization_avg,0,greater,0.05,0,DefMEt_FE_118,,,,,,,,,,,not_in_g_star
DE_FE_86,q_time_min,0,greater,0.05,0,DefMEt_FE_118,,,,,,,,,,,not_in_g_star
DE_FE_86,wait_ratio,0,greater,0.05,0,DefMEt_FE_118,,,,,,,,,,,not_in_g_star
DE_FE_86,wip,0,greater,0.05,0,DefMEt_FE_118,,,,,,,,,,,not_in_g_star
DE_FE_86,available_tool_ratio,0,less,0.05,0,DefMEt_FE_118,,,,,,,,,,,not_in_g_star
DE_FE_86,utilization_avg,0,greater,0.05,0,DefMEt_FE_118,,,,,,,,,,,not_in_g_star
DefMet_BE_33,q_time_min,0,greater,0.05,0,DefMEt_FE_118,,,,,,,,,,,not_in_g_star
DefMet_BE_33,wait_ratio,0,greater,0.05,0,DefMEt_FE_118,,,,,,,,,,,not_in_g_star
DefMet_BE_33,wip,0,greater,0.05,0,DefMEt_FE_118,,,,,,,,,,,not_in_g_star
DefMet_BE_33,available_tool_ratio,0,less,0.05,0,DefMEt_FE_118,,,,,,,,,,,not_in_g_star
DefMet_BE_33,utilization_avg,0,greater,0.05,0,DefMEt_FE_118,,,,,,,,,,,not_in_g_star
DefMet_BE_42,q_time_min,0,greater,0.05,0,DefMEt_FE_118,,,,,,,,,,,not_in_g_star
DefMet_BE_42,wait_ratio,0,greater,0.05,0,DefMEt_FE_118,,,,,,,,,,,not_in_g_star
DefMet_BE_42,wip,0,greater,0.05,0,DefMEt_FE_118,,,,,,,,,,,not_in_g_star
DefMet_BE_42,available_tool_ratio,0,less,0.05,0,DefMEt_FE_118,,,,,,,,,,,not_in_g_star
DefMet_BE_42,utilization_avg,0,greater,0.05,0,DefMEt_FE_118,,,,,,,,,,,not_in_g_star
DefMet_FE_10,q_time_min,0,greater,0.05,0,DefMEt_FE_118,,,,,,,,,,,not_in_g_star
DefMet_FE_10,wait_ratio,0,greater,0.05,0,DefMEt_FE_118,,,,,,,,,,,not_in_g_star
DefMet_FE_10,wip,0,greater,0.05,0,DefMEt_FE_118,,,,,,,,,,,not_in_g_star
DefMet_FE_10,available_tool_ratio,0,less,0.05,0,DefMEt_FE_118,,,,,,,,,,,not_in_g_star
DefMet_FE_10,utilization_avg,0,greater,0.05,0,DefMEt_FE_118,,,,,,,,,,,not_in_g_star
DefMet_FE_106,q_time_min,0,greater,0.05,0,DefMEt_FE_118,,,,,,,,,,,not_in_g_star
DefMet_FE_106,wait_ratio,0,greater,0.05,0,DefMEt_FE_118,,,,,,,,,,,not_in_g_star
DefMet_FE_106,wip,0,greater,0.05,0,DefMEt_FE_118,,,,,,,,,,,not_in_g_star
DefMet_FE_106,available_tool_ratio,0,less,0.05,0,DefMEt_FE_118,,,,,,,,,,,not_in_g_star
DefMet_FE_106,utilization_avg,0,greater,0.05,0,DefMEt_FE_118,,,,,,,,,,,not_in_g_star
DefMet_FE_34,q_time_min,0,greater,0.05,0,DefMEt_FE_118,,,,,,,,,,,not_in_g_star
DefMet_FE_34,wait_ratio,0,greater,0.05,0,DefMEt_FE_118,,,,,,,,,,,not_in_g_star
DefMet_FE_34,wip,0,greater,0.05,0,DefMEt_FE_118,,,,,,,,,,,not_in_g_star
DefMet_FE_34,available_tool_ratio,0,less,0.05,0,DefMEt_FE_118,,,,,,,,,,,not_in_g_star
DefMet_FE_34,utilization_avg,0,greater,0.05,0,DefMEt_FE_118,,,,,,,,,,,not_in_g_star
DefMet_FE_43,q_time_min,0,greater,0.05,0,DefMEt_FE_118,,,,,,,,,,,not_in_g_star
DefMet_FE_43,wait_ratio,0,greater,0.05,0,DefMEt_FE_118,,,,,,,,,,,not_in_g_star
DefMet_FE_43,wip,0,greater,0.05,0,DefMEt_FE_118,,,,,,,,,,,not_in_g_star
DefMet_FE_43,available_tool_ratio,0,less,0.05,0,DefMEt_FE_118,,,,,,,,,,,not_in_g_star
DefMet_FE_43,utilization_avg,0,greater,0.05,0,DefMEt_FE_118,,,,,,,,,,,not_in_g_star
Delay_32,q_time_min,0,greater,0.05,0,DefMEt_FE_118,,,,,,,,,,,not_in_g_star
Delay_32,wait_ratio,0,greater,0.05,0,DefMEt_FE_118,,,,,,,,,,,not_in_g_star
Delay_32,wip,0,greater,0.05,0,DefMEt_FE_118,,,,,,,,,,,not_in_g_star
Delay_32,available_tool_ratio,0,less,0.05,0,DefMEt_FE_118,,,,,,,,,,,not_in_g_star
Delay_32,utilization_avg,0,greater,0.05,0,DefMEt_FE_118,,,,,,,,,,,not_in_g_star
Dielectric_BE_20,q_time_min,0,greater,0.05,0,DefMEt_FE_118,,,,,,,,,,,not_in_g_star
Dielectric_BE_20,wait_ratio,0,greater,0.05,0,DefMEt_FE_118,,,,,,,,,,,not_in_g_star
Dielectric_BE_20,wip,0,greater,0.05,0,DefMEt_FE_118,,,,,,,,,,,not_in_g_star
Dielectric_BE_20,available_tool_ratio,0,less,0.05,0,DefMEt_FE_118,,,,,,,,,,,not_in_g_star
Dielectric_BE_20,utilization_avg,0,greater,0.05,0,DefMEt_FE_118,,,,,,,,,,,not_in_g_star
Dielectric_BE_21,q_time_min,0,greater,0.05,0,DefMEt_FE_118,,,,,,,,,,,not_in_g_star
Dielectric_BE_21,wait_ratio,0,greater,0.05,0,DefMEt_FE_118,,,,,,,,,,,not_in_g_star
Dielectric_BE_21,wip,0,greater,0.05,0,DefMEt_FE_118,,,,,,,,,,,not_in_g_star
Dielectric_BE_21,available_tool_ratio,0,less,0.05,0,DefMEt_FE_118,,,,,,,,,,,not_in_g_star
Dielectric_BE_21,utilization_avg,0,greater,0.05,0,DefMEt_FE_118,,,,,,,,,,,not_in_g_star
Dielectric_BE_27,q_time_min,0,greater,0.05,0,DefMEt_FE_118,,,,,,,,,,,not_in_g_star
Dielectric_BE_27,wait_ratio,0,greater,0.05,0,DefMEt_FE_118,,,,,,,,,,,not_in_g_star
Dielectric_BE_27,wip,0,greater,0.05,0,DefMEt_FE_118,,,,,,,,,,,not_in_g_star
Dielectric_BE_27,available_tool_ratio,0,less,0.05,0,DefMEt_FE_118,,,,,,,,,,,not_in_g_star
Dielectric_BE_27,utilization_avg,0,greater,0.05,0,DefMEt_FE_118,,,,,,,,,,,not_in_g_star
Dielectric_BE_28,q_time_min,0,greater,0.05,0,DefMEt_FE_118,,,,,,,,,,,not_in_g_star
Dielectric_BE_28,wait_ratio,0,greater,0.05,0,DefMEt_FE_118,,,,,,,,,,,not_in_g_star
Dielectric_BE_28,wip,0,greater,0.05,0,DefMEt_FE_118,,,,,,,,,,,not_in_g_star
Dielectric_BE_28,available_tool_ratio,0,less,0.05,0,DefMEt_FE_118,,,,,,,,,,,not_in_g_star
Dielectric_BE_28,utilization_avg,0,greater,0.05,0,DefMEt_FE_118,,,,,,,,,,,not_in_g_star
Dielectric_BE_60,q_time_min,0,greater,0.05,0,DefMEt_FE_118,,,,,,,,,,,not_in_g_star
Dielectric_BE_60,wait_ratio,0,greater,0.05,0,DefMEt_FE_118,,,,,,,,,,,not_in_g_star
Dielectric_BE_60,wip,0,greater,0.05,0,DefMEt_FE_118,,,,,,,,,,,not_in_g_star
Dielectric_BE_60,available_tool_ratio,0,less,0.05,0,DefMEt_FE_118,,,,,,,,,,,not_in_g_star
Dielectric_BE_60,utilization_avg,0,greater,0.05,0,DefMEt_FE_118,,,,,,,,,,,not_in_g_star
Dielectric_FE_112,q_time_min,0,greater,0.05,0,DefMEt_FE_118,,,,,,,,,,,not_in_g_star
Dielectric_FE_112,wait_ratio,0,greater,0.05,0,DefMEt_FE_118,,,,,,,,,,,not_in_g_star
Dielectric_FE_112,wip,0,greater,0.05,0,DefMEt_FE_118,,,,,,,,,,,not_in_g_star
Dielectric_FE_112,available_tool_ratio,0,less,0.05,0,DefMEt_FE_118,,,,,,,,,,,not_in_g_star
Dielectric_FE_112,utilization_avg,0,greater,0.05,0,DefMEt_FE_118,,,,,,,,,,,not_in_g_star
Dielectric_FE_130,q_time_min,0,greater,0.05,0,DefMEt_FE_118,,,,,,,,,,,not_in_g_star
Dielectric_FE_130,wait_ratio,0,greater,0.05,0,DefMEt_FE_118,,,,,,,,,,,not_in_g_star
Dielectric_FE_130,wip,0,greater,0.05,0,DefMEt_FE_118,,,,,,,,,,,not_in_g_star
Dielectric_FE_130,available_tool_ratio,0,less,0.05,0,DefMEt_FE_118,,,,,,,,,,,not_in_g_star
Dielectric_FE_130,utilization_avg,0,greater,0.05,0,DefMEt_FE_118,,,,,,,,,,,not_in_g_star
Dielectric_FE_29,q_time_min,0,greater,0.05,0,DefMEt_FE_118,,,,,,,,,,,not_in_g_star
Dielectric_FE_29,wait_ratio,0,greater,0.05,0,DefMEt_FE_118,,,,,,,,,,,not_in_g_star
Dielectric_FE_29,wip,0,greater,0.05,0,DefMEt_FE_118,,,,,,,,,,,not_in_g_star
Dielectric_FE_29,available_tool_ratio,0,less,0.05,0,DefMEt_FE_118,,,,,,,,,,,not_in_g_star
Dielectric_FE_29,utilization_avg,0,greater,0.05,0,DefMEt_FE_118,,,,,,,,,,,not_in_g_star
Dielectric_FE_31,q_time_min,0,greater,0.05,0,DefMEt_FE_118,,,,,,,,,,,not_in_g_star
Dielectric_FE_31,wait_ratio,0,greater,0.05,0,DefMEt_FE_118,,,,,,,,,,,not_in_g_star
Dielectric_FE_31,wip,0,greater,0.05,0,DefMEt_FE_118,,,,,,,,,,,not_in_g_star
Dielectric_FE_31,available_tool_ratio,0,less,0.05,0,DefMEt_FE_118,,,,,,,,,,,not_in_g_star
Dielectric_FE_31,utilization_avg,0,greater,0.05,0,DefMEt_FE_118,,,,,,,,,,,not_in_g_star
Diffusion_BE_123,q_time_min,0,greater,0.05,0,DefMEt_FE_118,,,,,,,,,,,not_in_g_star
Diffusion_BE_123,wait_ratio,0,greater,0.05,0,DefMEt_FE_118,,,,,,,,,,,not_in_g_star
Diffusion_BE_123,wip,0,greater,0.05,0,DefMEt_FE_118,,,,,,,,,,,not_in_g_star
Diffusion_BE_123,available_tool_ratio,0,less,0.05,0,DefMEt_FE_118,,,,,,,,,,,not_in_g_star
Diffusion_BE_123,utilization_avg,0,greater,0.05,0,DefMEt_FE_118,,,,,,,,,,,not_in_g_star
Diffusion_FE_100,q_time_min,0,greater,0.05,0,DefMEt_FE_118,,,,,,,,,,,not_in_g_star
Diffusion_FE_100,wait_ratio,0,greater,0.05,0,DefMEt_FE_118,,,,,,,,,,,not_in_g_star
Diffusion_FE_100,wip,0,greater,0.05,0,DefMEt_FE_118,,,,,,,,,,,not_in_g_star
Diffusion_FE_100,available_tool_ratio,0,less,0.05,0,DefMEt_FE_118,,,,,,,,,,,not_in_g_star
Diffusion_FE_100,utilization_avg,0,greater,0.05,0,DefMEt_FE_118,,,,,,,,,,,not_in_g_star
Diffusion_FE_101,q_time_min,0,greater,0.05,0,DefMEt_FE_118,,,,,,,,,,,not_in_g_star
Diffusion_FE_101,wait_ratio,0,greater,0.05,0,DefMEt_FE_118,,,,,,,,,,,not_in_g_star
Diffusion_FE_101,wip,0,greater,0.05,0,DefMEt_FE_118,,,,,,,,,,,not_in_g_star
Diffusion_FE_101,available_tool_ratio,0,less,0.05,0,DefMEt_FE_118,,,,,,,,,,,not_in_g_star
Diffusion_FE_101,utilization_avg,0,greater,0.05,0,DefMEt_FE_118,,,,,,,,,,,not_in_g_star
Diffusion_FE_120,q_time_min,0,greater,0.05,0,DefMEt_FE_118,,,,,,,,,,,not_in_g_star
Diffusion_FE_120,wait_ratio,0,greater,0.05,0,DefMEt_FE_118,,,,,,,,,,,not_in_g_star
Diffusion_FE_120,wip,0,greater,0.05,0,DefMEt_FE_118,,,,,,,,,,,not_in_g_star
Diffusion_FE_120,available_tool_ratio,0,less,0.05,0,DefMEt_FE_118,,,,,,,,,,,not_in_g_star
Diffusion_FE_120,utilization_avg,0,greater,0.05,0,DefMEt_FE_118,,,,,,,,,,,not_in_g_star
Diffusion_FE_122,q_time_min,0,greater,0.05,0,DefMEt_FE_118,,,,,,,,,,,not_in_g_star
Diffusion_FE_122,wait_ratio,0,greater,0.05,0,DefMEt_FE_118,,,,,,,,,,,not_in_g_star
Diffusion_FE_122,wip,0,greater,0.05,0,DefMEt_FE_118,,,,,,,,,,,not_in_g_star
Diffusion_FE_122,available_tool_ratio,0,less,0.05,0,DefMEt_FE_118,,,,,,,,,,,not_in_g_star
Diffusion_FE_122,utilization_avg,0,greater,0.05,0,DefMEt_FE_118,,,,,,,,,,,not_in_g_star
Diffusion_FE_125,q_time_min,0,greater,0.05,0,DefMEt_FE_118,,,,,,,,,,,not_in_g_star
Diffusion_FE_125,wait_ratio,0,greater,0.05,0,DefMEt_FE_118,,,,,,,,,,,not_in_g_star
Diffusion_FE_125,wip,0,greater,0.05,0,DefMEt_FE_118,,,,,,,,,,,not_in_g_star
Diffusion_FE_125,available_tool_ratio,0,less,0.05,0,DefMEt_FE_118,,,,,,,,,,,not_in_g_star
Diffusion_FE_125,utilization_avg,0,greater,0.05,0,DefMEt_FE_118,,,,,,,,,,,not_in_g_star
Diffusion_FE_126,q_time_min,0,greater,0.05,0,DefMEt_FE_118,,,,,,,,,,,not_in_g_star
Diffusion_FE_126,wait_ratio,0,greater,0.05,0,DefMEt_FE_118,,,,,,,,,,,not_in_g_star
Diffusion_FE_126,wip,0,greater,0.05,0,DefMEt_FE_118,,,,,,,,,,,not_in_g_star
Diffusion_FE_126,available_tool_ratio,0,less,0.05,0,DefMEt_FE_118,,,,,,,,,,,not_in_g_star
Diffusion_FE_126,utilization_avg,0,greater,0.05,0,DefMEt_FE_118,,,,,,,,,,,not_in_g_star
Diffusion_FE_127,q_time_min,0,greater,0.05,0,DefMEt_FE_118,,,,,,,,,,,not_in_g_star
Diffusion_FE_127,wait_ratio,0,greater,0.05,0,DefMEt_FE_118,,,,,,,,,,,not_in_g_star
Diffusion_FE_127,wip,0,greater,0.05,0,DefMEt_FE_118,,,,,,,,,,,not_in_g_star
Diffusion_FE_127,available_tool_ratio,0,less,0.05,0,DefMEt_FE_118,,,,,,,,,,,not_in_g_star
Diffusion_FE_127,utilization_avg,0,greater,0.05,0,DefMEt_FE_118,,,,,,,,,,,not_in_g_star
Diffusion_FE_44,q_time_min,0,greater,0.05,0,DefMEt_FE_118,,,,,,,,,,,not_in_g_star
Diffusion_FE_44,wait_ratio,0,greater,0.05,0,DefMEt_FE_118,,,,,,,,,,,not_in_g_star
Diffusion_FE_44,wip,0,greater,0.05,0,DefMEt_FE_118,,,,,,,,,,,not_in_g_star
Diffusion_FE_44,available_tool_ratio,0,less,0.05,0,DefMEt_FE_118,,,,,,,,,,,not_in_g_star
Diffusion_FE_44,utilization_avg,0,greater,0.05,0,DefMEt_FE_118,,,,,,,,,,,not_in_g_star
Diffusion_FE_94,q_time_min,0,greater,0.05,0,DefMEt_FE_118,,,,,,,,,,,not_in_g_star
Diffusion_FE_94,wait_ratio,0,greater,0.05,0,DefMEt_FE_118,,,,,,,,,,,not_in_g_star
Diffusion_FE_94,wip,0,greater,0.05,0,DefMEt_FE_118,,,,,,,,,,,not_in_g_star
Diffusion_FE_94,available_tool_ratio,0,less,0.05,0,DefMEt_FE_118,,,,,,,,,,,not_in_g_star
Diffusion_FE_94,utilization_avg,0,greater,0.05,0,DefMEt_FE_118,,,,,,,,,,,not_in_g_star
EPI_36,q_time_min,0,greater,0.05,0,DefMEt_FE_118,,,,,,,,,,,not_in_g_star
EPI_36,wait_ratio,0,greater,0.05,0,DefMEt_FE_118,,,,,,,,,,,not_in_g_star
EPI_36,wip,0,greater,0.05,0,DefMEt_FE_118,,,,,,,,,,,not_in_g_star
EPI_36,available_tool_ratio,0,less,0.05,0,DefMEt_FE_118,,,,,,,,,,,not_in_g_star
EPI_36,utilization_avg,0,greater,0.05,0,DefMEt_FE_118,,,,,,,,,,,not_in_g_star
Implant_119,q_time_min,0,greater,0.05,0,DefMEt_FE_118,,,,,,,,,,,not_in_g_star
Implant_119,wait_ratio,0,greater,0.05,0,DefMEt_FE_118,,,,,,,,,,,not_in_g_star
Implant_119,wip,0,greater,0.05,0,DefMEt_FE_118,,,,,,,,,,,not_in_g_star
Implant_119,available_tool_ratio,0,less,0.05,0,DefMEt_FE_118,,,,,,,,,,,not_in_g_star
Implant_119,utilization_avg,0,greater,0.05,0,DefMEt_FE_118,,,,,,,,,,,not_in_g_star
Implant_128,q_time_min,0,greater,0.05,0,DefMEt_FE_118,,,,,,,,,,,not_in_g_star
Implant_128,wait_ratio,0,greater,0.05,0,DefMEt_FE_118,,,,,,,,,,,not_in_g_star
Implant_128,wip,0,greater,0.05,0,DefMEt_FE_118,,,,,,,,,,,not_in_g_star
Implant_128,available_tool_ratio,0,less,0.05,0,DefMEt_FE_118,,,,,,,,,,,not_in_g_star
Implant_128,utilization_avg,0,greater,0.05,0,DefMEt_FE_118,,,,,,,,,,,not_in_g_star
Implant_132,q_time_min,0,greater,0.05,0,DefMEt_FE_118,,,,,,,,,,,not_in_g_star
Implant_132,wait_ratio,0,greater,0.05,0,DefMEt_FE_118,,,,,,,,,,,not_in_g_star
Implant_132,wip,0,greater,0.05,0,DefMEt_FE_118,,,,,,,,,,,not_in_g_star
Implant_132,available_tool_ratio,0,less,0.05,0,DefMEt_FE_118,,,,,,,,,,,not_in_g_star
Implant_132,utilization_avg,0,greater,0.05,0,DefMEt_FE_118,,,,,,,,,,,not_in_g_star
Implant_74,q_time_min,0,greater,0.05,0,DefMEt_FE_118,,,,,,,,,,,not_in_g_star
Implant_74,wait_ratio,0,greater,0.05,0,DefMEt_FE_118,,,,,,,,,,,not_in_g_star
Implant_74,wip,0,greater,0.05,0,DefMEt_FE_118,,,,,,,,,,,not_in_g_star
Implant_74,available_tool_ratio,0,less,0.05,0,DefMEt_FE_118,,,,,,,,,,,not_in_g_star
Implant_74,utilization_avg,0,greater,0.05,0,DefMEt_FE_118,,,,,,,,,,,not_in_g_star
Implant_88,q_time_min,0,greater,0.05,0,DefMEt_FE_118,,,,,,,,,,,not_in_g_star
Implant_88,wait_ratio,0,greater,0.05,0,DefMEt_FE_118,,,,,,,,,,,not_in_g_star
Implant_88,wip,0,greater,0.05,0,DefMEt_FE_118,,,,,,,,,,,not_in_g_star
Implant_88,available_tool_ratio,0,less,0.05,0,DefMEt_FE_118,,,,,,,,,,,not_in_g_star
Implant_88,utilization_avg,0,greater,0.05,0,DefMEt_FE_118,,,,,,,,,,,not_in_g_star
Implant_90,q_time_min,0,greater,0.05,0,DefMEt_FE_118,,,,,,,,,,,not_in_g_star
Implant_90,wait_ratio,0,greater,0.05,0,DefMEt_FE_118,,,,,,,,,,,not_in_g_star
Implant_90,wip,0,greater,0.05,0,DefMEt_FE_118,,,,,,,,,,,not_in_g_star
Implant_90,available_tool_ratio,0,less,0.05,0,DefMEt_FE_118,,,,,,,,,,,not_in_g_star
Implant_90,utilization_avg,0,greater,0.05,0,DefMEt_FE_118,,,,,,,,,,,not_in_g_star
Implant_91,q_time_min,0,greater,0.05,0,DefMEt_FE_118,,,,,,,,,,,not_in_g_star
Implant_91,wait_ratio,0,greater,0.05,0,DefMEt_FE_118,,,,,,,,,,,not_in_g_star
Implant_91,wip,0,greater,0.05,0,DefMEt_FE_118,,,,,,,,,,,not_in_g_star
Implant_91,available_tool_ratio,0,less,0.05,0,DefMEt_FE_118,,,,,,,,,,,not_in_g_star
Implant_91,utilization_avg,0,greater,0.05,0,DefMEt_FE_118,,,,,,,,,,,not_in_g_star
LithoMet_BE_18,q_time_min,0,greater,0.05,0,DefMEt_FE_118,,,,,,,,,,,not_in_g_star
LithoMet_BE_18,wait_ratio,0,greater,0.05,0,DefMEt_FE_118,,,,,,,,,,,not_in_g_star
LithoMet_BE_18,wip,0,greater,0.05,0,DefMEt_FE_118,,,,,,,,,,,not_in_g_star
LithoMet_BE_18,available_tool_ratio,0,less,0.05,0,DefMEt_FE_118,,,,,,,,,,,not_in_g_star
LithoMet_BE_18,utilization_avg,0,greater,0.05,0,DefMEt_FE_118,,,,,,,,,,,not_in_g_star
LithoMet_FE_19,q_time_min,0,greater,0.05,0,DefMEt_FE_118,,,,,,,,,,,not_in_g_star
LithoMet_FE_19,wait_ratio,0,greater,0.05,0,DefMEt_FE_118,,,,,,,,,,,not_in_g_star
LithoMet_FE_19,wip,0,greater,0.05,0,DefMEt_FE_118,,,,,,,,,,,not_in_g_star
LithoMet_FE_19,available_tool_ratio,0,less,0.05,0,DefMEt_FE_118,,,,,,,,,,,not_in_g_star
LithoMet_FE_19,utilization_avg,0,greater,0.05,0,DefMEt_FE_118,,,,,,,,,,,not_in_g_star
LithoTrack_BE_117,q_time_min,0,greater,0.05,0,DefMEt_FE_118,,,,,,,,,,,not_in_g_star
LithoTrack_BE_117,wait_ratio,0,greater,0.05,0,DefMEt_FE_118,,,,,,,,,,,not_in_g_star
LithoTrack_BE_117,wip,0,greater,0.05,0,DefMEt_FE_118,,,,,,,,,,,not_in_g_star
LithoTrack_BE_117,available_tool_ratio,0,less,0.05,0,DefMEt_FE_118,,,,,,,,,,,not_in_g_star
LithoTrack_BE_117,utilization_avg,0,greater,0.05,0,DefMEt_FE_118,,,,,,,,,,,not_in_g_star
LithoTrack_FE_115,q_time_min,0,greater,0.05,0,DefMEt_FE_118,,,,,,,,,,,not_in_g_star
LithoTrack_FE_115,wait_ratio,0,greater,0.05,0,DefMEt_FE_118,,,,,,,,,,,not_in_g_star
LithoTrack_FE_115,wip,0,greater,0.05,0,DefMEt_FE_118,,,,,,,,,,,not_in_g_star
LithoTrack_FE_115,available_tool_ratio,0,less,0.05,0,DefMEt_FE_118,,,,,,,,,,,not_in_g_star
LithoTrack_FE_115,utilization_avg,0,greater,0.05,0,DefMEt_FE_118,,,,,,,,,,,not_in_g_star
LithoTrack_FE_95,q_time_min,0,greater,0.05,0,DefMEt_FE_118,,,,,,,,,,,not_in_g_star
LithoTrack_FE_95,wait_ratio,0,greater,0.05,0,DefMEt_FE_118,,,,,,,,,,,not_in_g_star
LithoTrack_FE_95,wip,0,greater,0.05,0,DefMEt_FE_118,,,,,,,,,,,not_in_g_star
LithoTrack_FE_95,available_tool_ratio,0,less,0.05,0,DefMEt_FE_118,,,,,,,,,,,not_in_g_star
LithoTrack_FE_95,utilization_avg,0,greater,0.05,0,DefMEt_FE_118,,,,,,,,,,,not_in_g_star
LithoTrack_FE_96,q_time_min,0,greater,0.05,0,DefMEt_FE_118,,,,,,,,,,,not_in_g_star
LithoTrack_FE_96,wait_ratio,0,greater,0.05,0,DefMEt_FE_118,,,,,,,,,,,not_in_g_star
LithoTrack_FE_96,wip,0,greater,0.05,0,DefMEt_FE_118,,,,,,,,,,,not_in_g_star
LithoTrack_FE_96,available_tool_ratio,0,less,0.05,0,DefMEt_FE_118,,,,,,,,,,,not_in_g_star
LithoTrack_FE_96,utilization_avg,0,greater,0.05,0,DefMEt_FE_118,,,,,,,,,,,not_in_g_star
Litho_BE_110,q_time_min,0,greater,0.05,0,DefMEt_FE_118,,,,,,,,,,,not_in_g_star
Litho_BE_110,wait_ratio,0,greater,0.05,0,DefMEt_FE_118,,,,,,,,,,,not_in_g_star
Litho_BE_110,wip,0,greater,0.05,0,DefMEt_FE_118,,,,,,,,,,,not_in_g_star
Litho_BE_110,available_tool_ratio,0,less,0.05,0,DefMEt_FE_118,,,,,,,,,,,not_in_g_star
Litho_BE_110,utilization_avg,0,greater,0.05,0,DefMEt_FE_118,,,,,,,,,,,not_in_g_star
Litho_BE_93,q_time_min,0,greater,0.05,0,DefMEt_FE_118,,,,,,,,,,,not_in_g_star
Litho_BE_93,wait_ratio,0,greater,0.05,0,DefMEt_FE_118,,,,,,,,,,,not_in_g_star
Litho_BE_93,wip,0,greater,0.05,0,DefMEt_FE_118,,,,,,,,,,,not_in_g_star
Litho_BE_93,available_tool_ratio,0,less,0.05,0,DefMEt_FE_118,,,,,,,,,,,not_in_g_star
Litho_BE_93,utilization_avg,0,greater,0.05,0,DefMEt_FE_118,,,,,,,,,,,not_in_g_star
Litho_BE_99,q_time_min,0,greater,0.05,0,DefMEt_FE_118,,,,,,,,,,,not_in_g_star
Litho_BE_99,wait_ratio,0,greater,0.05,0,DefMEt_FE_118,,,,,,,,,,,not_in_g_star
Litho_BE_99,wip,0,greater,0.05,0,DefMEt_FE_118,,,,,,,,,,,not_in_g_star
Litho_BE_99,available_tool_ratio,0,less,0.05,0,DefMEt_FE_118,,,,,,,,,,,not_in_g_star
Litho_BE_99,utilization_avg,0,greater,0.05,0,DefMEt_FE_118,,,,,,,,,,,not_in_g_star
Litho_FE_111,q_time_min,0,greater,0.05,0,DefMEt_FE_118,,,,,,,,,,,not_in_g_star
Litho_FE_111,wait_ratio,0,greater,0.05,0,DefMEt_FE_118,,,,,,,,,,,not_in_g_star
Litho_FE_111,wip,0,greater,0.05,0,DefMEt_FE_118,,,,,,,,,,,not_in_g_star
Litho_FE_111,available_tool_ratio,0,less,0.05,0,DefMEt_FE_118,,,,,,,,,,,not_in_g_star
Litho_FE_111,utilization_avg,0,greater,0.05,0,DefMEt_FE_118,,,,,,,,,,,not_in_g_star
Litho_FE_35,q_time_min,0,greater,0.05,0,DefMEt_FE_118,,,,,,,,,,,not_in_g_star
Litho_FE_35,wait_ratio,0,greater,0.05,0,DefMEt_FE_118,,,,,,,,,,,not_in_g_star
Litho_FE_35,wip,0,greater,0.05,0,DefMEt_FE_118,,,,,,,,,,,not_in_g_star
Litho_FE_35,available_tool_ratio,0,less,0.05,0,DefMEt_FE_118,,,,,,,,,,,not_in_g_star
Litho_FE_35,utilization_avg,0,greater,0.05,0,DefMEt_FE_118,,,,,,,,,,,not_in_g_star
Litho_FE_92,q_time_min,0,greater,0.05,0,DefMEt_FE_118,,,,,,,,,,,not_in_g_star
Litho_FE_92,wait_ratio,0,greater,0.05,0,DefMEt_FE_118,,,,,,,,,,,not_in_g_star
Litho_FE_92,wip,0,greater,0.05,0,DefMEt_FE_118,,,,,,,,,,,not_in_g_star
Litho_FE_92,available_tool_ratio,0,less,0.05,0,DefMEt_FE_118,,,,,,,,,,,not_in_g_star
Litho_FE_92,utilization_avg,0,greater,0.05,0,DefMEt_FE_118,,,,,,,,,,,not_in_g_star
Litho_FE_98,q_time_min,0,greater,0.05,0,DefMEt_FE_118,,,,,,,,,,,not_in_g_star
Litho_FE_98,wait_ratio,0,greater,0.05,0,DefMEt_FE_118,,,,,,,,,,,not_in_g_star
Litho_FE_98,wip,0,greater,0.05,0,DefMEt_FE_118,,,,,,,,,,,not_in_g_star
Litho_FE_98,available_tool_ratio,0,less,0.05,0,DefMEt_FE_118,,,,,,,,,,,not_in_g_star
Litho_FE_98,utilization_avg,0,greater,0.05,0,DefMEt_FE_118,,,,,,,,,,,not_in_g_star
Litho_REG_BE_63,q_time_min,0,greater,0.05,0,DefMEt_FE_118,,,,,,,,,,,not_in_g_star
Litho_REG_BE_63,wait_ratio,0,greater,0.05,0,DefMEt_FE_118,,,,,,,,,,,not_in_g_star
Litho_REG_BE_63,wip,0,greater,0.05,0,DefMEt_FE_118,,,,,,,,,,,not_in_g_star
Litho_REG_BE_63,available_tool_ratio,0,less,0.05,0,DefMEt_FE_118,,,,,,,,,,,not_in_g_star
Litho_REG_BE_63,utilization_avg,0,greater,0.05,0,DefMEt_FE_118,,,,,,,,,,,not_in_g_star
Litho_REG_FE_64,q_time_min,0,greater,0.05,0,DefMEt_FE_118,,,,,,,,,,,not_in_g_star
Litho_REG_FE_64,wait_ratio,0,greater,0.05,0,DefMEt_FE_118,,,,,,,,,,,not_in_g_star
Litho_REG_FE_64,wip,0,greater,0.05,0,DefMEt_FE_118,,,,,,,,,,,not_in_g_star
Litho_REG_FE_64,available_tool_ratio,0,less,0.05,0,DefMEt_FE_118,,,,,,,,,,,not_in_g_star
Litho_REG_FE_64,utilization_avg,0,greater,0.05,0,DefMEt_FE_118,,,,,,,,,,,not_in_g_star
Planar_BE_75,q_time_min,0,greater,0.05,0,DefMEt_FE_118,,,,,,,,,,,not_in_g_star
Planar_BE_75,wait_ratio,0,greater,0.05,0,DefMEt_FE_118,,,,,,,,,,,not_in_g_star
Planar_BE_75,wip,0,greater,0.05,0,DefMEt_FE_118,,,,,,,,,,,not_in_g_star
Planar_BE_75,available_tool_ratio,0,less,0.05,0,DefMEt_FE_118,,,,,,,,,,,not_in_g_star
Planar_BE_75,utilization_avg,0,greater,0.05,0,DefMEt_FE_118,,,,,,,,,,,not_in_g_star
Planar_FE_76,q_time_min,0,greater,0.05,0,DefMEt_FE_118,,,,,,,,,,,not_in_g_star
Planar_FE_76,wait_ratio,0,greater,0.05,0,DefMEt_FE_118,,,,,,,,,,,not_in_g_star
Planar_FE_76,wip,0,greater,0.05,0,DefMEt_FE_118,,,,,,,,,,,not_in_g_star
Planar_FE_76,available_tool_ratio,0,less,0.05,0,DefMEt_FE_118,,,,,,,,,,,not_in_g_star
Planar_FE_76,utilization_avg,0,greater,0.05,0,DefMEt_FE_118,,,,,,,,,,,not_in_g_star
Planar_FE_77,q_time_min,0,greater,0.05,0,DefMEt_FE_118,,,,,,,,,,,not_in_g_star
Planar_FE_77,wait_ratio,0,greater,0.05,0,DefMEt_FE_118,,,,,,,,,,,not_in_g_star
Planar_FE_77,wip,0,greater,0.05,0,DefMEt_FE_118,,,,,,,,,,,not_in_g_star
Planar_FE_77,available_tool_ratio,0,less,0.05,0,DefMEt_FE_118,,,,,,,,,,,not_in_g_star
Planar_FE_77,utilization_avg,0,greater,0.05,0,DefMEt_FE_118,,,,,,,,,,,not_in_g_star
Planar_FE_78,q_time_min,0,greater,0.05,0,DefMEt_FE_118,,,,,,,,,,,not_in_g_star
Planar_FE_78,wait_ratio,0,greater,0.05,0,DefMEt_FE_118,,,,,,,,,,,not_in_g_star
Planar_FE_78,wip,0,greater,0.05,0,DefMEt_FE_118,,,,,,,,,,,not_in_g_star
Planar_FE_78,available_tool_ratio,0,less,0.05,0,DefMEt_FE_118,,,,,,,,,,,not_in_g_star
Planar_FE_78,utilization_avg,0,greater,0.05,0,DefMEt_FE_118,,,,,,,,,,,not_in_g_star
Planar_FE_79,q_time_min,0,greater,0.05,0,DefMEt_FE_118,,,,,,,,,,,not_in_g_star
Planar_FE_79,wait_ratio,0,greater,0.05,0,DefMEt_FE_118,,,,,,,,,,,not_in_g_star
Planar_FE_79,wip,0,greater,0.05,0,DefMEt_FE_118,,,,,,,,,,,not_in_g_star
Planar_FE_79,available_tool_ratio,0,less,0.05,0,DefMEt_FE_118,,,,,,,,,,,not_in_g_star
Planar_FE_79,utilization_avg,0,greater,0.05,0,DefMEt_FE_118,,,,,,,,,,,not_in_g_star
Planar_FE_80,q_time_min,0,greater,0.05,0,DefMEt_FE_118,,,,,,,,,,,not_in_g_star
Planar_FE_80,wait_ratio,0,greater,0.05,0,DefMEt_FE_118,,,,,,,,,,,not_in_g_star
Planar_FE_80,wip,0,greater,0.05,0,DefMEt_FE_118,,,,,,,,,,,not_in_g_star
Planar_FE_80,available_tool_ratio,0,less,0.05,0,DefMEt_FE_118,,,,,,,,,,,not_in_g_star
Planar_FE_80,utilization_avg,0,greater,0.05,0,DefMEt_FE_118,,,,,,,,,,,not_in_g_star
TF_BE_2,q_time_min,0,greater,0.05,0,DefMEt_FE_118,,,,,,,,,,,not_in_g_star
TF_BE_2,wait_ratio,0,greater,0.05,0,DefMEt_FE_118,,,,,,,,,,,not_in_g_star
TF_BE_2,wip,0,greater,0.05,0,DefMEt_FE_118,,,,,,,,,,,not_in_g_star
TF_BE_2,available_tool_ratio,0,less,0.05,0,DefMEt_FE_118,,,,,,,,,,,not_in_g_star
TF_BE_2,utilization_avg,0,greater,0.05,0,DefMEt_FE_118,,,,,,,,,,,not_in_g_star
TF_BE_23,q_time_min,0,greater,0.05,0,DefMEt_FE_118,,,,,,,,,,,not_in_g_star
TF_BE_23,wait_ratio,0,greater,0.05,0,DefMEt_FE_118,,,,,,,,,,,not_in_g_star
TF_BE_23,wip,0,greater,0.05,0,DefMEt_FE_118,,,,,,,,,,,not_in_g_star
TF_BE_23,available_tool_ratio,0,less,0.05,0,DefMEt_FE_118,,,,,,,,,,,not_in_g_star
TF_BE_23,utilization_avg,0,greater,0.05,0,DefMEt_FE_118,,,,,,,,,,,not_in_g_star
TF_BE_24,q_time_min,0,greater,0.05,0,DefMEt_FE_118,,,,,,,,,,,not_in_g_star
TF_BE_24,wait_ratio,0,greater,0.05,0,DefMEt_FE_118,,,,,,,,,,,not_in_g_star
TF_BE_24,wip,0,greater,0.05,0,DefMEt_FE_118,,,,,,,,,,,not_in_g_star
TF_BE_24,available_tool_ratio,0,less,0.05,0,DefMEt_FE_118,,,,,,,,,,,not_in_g_star
TF_BE_24,utilization_avg,0,greater,0.05,0,DefMEt_FE_118,,,,,,,,,,,not_in_g_star
TF_BE_26,q_time_min,0,greater,0.05,0,DefMEt_FE_118,,,,,,,,,,,not_in_g_star
TF_BE_26,wait_ratio,0,greater,0.05,0,DefMEt_FE_118,,,,,,,,,,,not_in_g_star
TF_BE_26,wip,0,greater,0.05,0,DefMEt_FE_118,,,,,,,,,,,not_in_g_star
TF_BE_26,available_tool_ratio,0,less,0.05,0,DefMEt_FE_118,,,,,,,,,,,not_in_g_star
TF_BE_26,utilization_avg,0,greater,0.05,0,DefMEt_FE_118,,,,,,,,,,,not_in_g_star
TF_BE_40,q_time_min,0,greater,0.05,0,DefMEt_FE_118,,,,,,,,,,,not_in_g_star
TF_BE_40,wait_ratio,0,greater,0.05,0,DefMEt_FE_118,,,,,,,,,,,not_in_g_star
TF_BE_40,wip,0,greater,0.05,0,DefMEt_FE_118,,,,,,,,,,,not_in_g_star
TF_BE_40,available_tool_ratio,0,less,0.05,0,DefMEt_FE_118,,,,,,,,,,,not_in_g_star
TF_BE_40,utilization_avg,0,greater,0.05,0,DefMEt_FE_118,,,,,,,,,,,not_in_g_star
TF_FE_103,q_time_min,0,greater,0.05,0,DefMEt_FE_118,,,,,,,,,,,not_in_g_star
TF_FE_103,wait_ratio,0,greater,0.05,0,DefMEt_FE_118,,,,,,,,,,,not_in_g_star
TF_FE_103,wip,0,greater,0.05,0,DefMEt_FE_118,,,,,,,,,,,not_in_g_star
TF_FE_103,available_tool_ratio,0,less,0.05,0,DefMEt_FE_118,,,,,,,,,,,not_in_g_star
TF_FE_103,utilization_avg,0,greater,0.05,0,DefMEt_FE_118,,,,,,,,,,,not_in_g_star
TF_FE_104,q_time_min,0,greater,0.05,0,DefMEt_FE_118,,,,,,,,,,,not_in_g_star
TF_FE_104,wait_ratio,0,greater,0.05,0,DefMEt_FE_118,,,,,,,,,,,not_in_g_star
TF_FE_104,wip,0,greater,0.05,0,DefMEt_FE_118,,,,,,,,,,,not_in_g_star
TF_FE_104,available_tool_ratio,0,less,0.05,0,DefMEt_FE_118,,,,,,,,,,,not_in_g_star
TF_FE_104,utilization_avg,0,greater,0.05,0,DefMEt_FE_118,,,,,,,,,,,not_in_g_star
TF_FE_113,q_time_min,0,greater,0.05,0,DefMEt_FE_118,,,,,,,,,,,not_in_g_star
TF_FE_113,wait_ratio,0,greater,0.05,0,DefMEt_FE_118,,,,,,,,,,,not_in_g_star
TF_FE_113,wip,0,greater,0.05,0,DefMEt_FE_118,,,,,,,,,,,not_in_g_star
TF_FE_113,available_tool_ratio,0,less,0.05,0,DefMEt_FE_118,,,,,,,,,,,not_in_g_star
TF_FE_113,utilization_avg,0,greater,0.05,0,DefMEt_FE_118,,,,,,,,,,,not_in_g_star
TF_FE_131,q_time_min,0,greater,0.05,0,DefMEt_FE_118,,,,,,,,,,,not_in_g_star
TF_FE_131,wait_ratio,0,greater,0.05,0,DefMEt_FE_118,,,,,,,,,,,not_in_g_star
TF_FE_131,wip,0,greater,0.05,0,DefMEt_FE_118,,,,,,,,,,,not_in_g_star
TF_FE_131,available_tool_ratio,0,less,0.05,0,DefMEt_FE_118,,,,,,,,,,,not_in_g_star
TF_FE_131,utilization_avg,0,greater,0.05,0,DefMEt_FE_118,,,,,,,,,,,not_in_g_star
TF_FE_3,q_time_min,0,greater,0.05,0,DefMEt_FE_118,,,,,,,,,,,not_in_g_star
TF_FE_3,wait_ratio,0,greater,0.05,0,DefMEt_FE_118,,,,,,,,,,,not_in_g_star
TF_FE_3,wip,0,greater,0.05,0,DefMEt_FE_118,,,,,,,,,,,not_in_g_star
TF_FE_3,available_tool_ratio,0,less,0.05,0,DefMEt_FE_118,,,,,,,,,,,not_in_g_star
TF_FE_3,utilization_avg,0,greater,0.05,0,DefMEt_FE_118,,,,,,,,,,,not_in_g_star
TF_FE_5,q_time_min,0,greater,0.05,0,DefMEt_FE_118,,,,,,,,,,,not_in_g_star
TF_FE_5,wait_ratio,0,greater,0.05,0,DefMEt_FE_118,,,,,,,,,,,not_in_g_star
TF_FE_5,wip,0,greater,0.05,0,DefMEt_FE_118,,,,,,,,,,,not_in_g_star
TF_FE_5,available_tool_ratio,0,less,0.05,0,DefMEt_FE_118,,,,,,,,,,,not_in_g_star
TF_FE_5,utilization_avg,0,greater,0.05,0,DefMEt_FE_118,,,,,,,,,,,not_in_g_star
TF_Met_FE_45,q_time_min,0,greater,0.05,0,DefMEt_FE_118,,,,,,,,,,,not_in_g_star
TF_Met_FE_45,wait_ratio,0,greater,0.05,0,DefMEt_FE_118,,,,,,,,,,,not_in_g_star
TF_Met_FE_45,wip,0,greater,0.05,0,DefMEt_FE_118,,,,,,,,,,,not_in_g_star
TF_Met_FE_45,available_tool_ratio,0,less,0.05,0,DefMEt_FE_118,,,,,,,,,,,not_in_g_star
TF_Met_FE_45,utilization_avg,0,greater,0.05,0,DefMEt_FE_118,,,,,,,,,,,not_in_g_star
WE_BE_14,q_time_min,0,greater,0.05,0,DefMEt_FE_118,,,,,,,,,,,not_in_g_star
WE_BE_14,wait_ratio,0,greater,0.05,0,DefMEt_FE_118,,,,,,,,,,,not_in_g_star
WE_BE_14,wip,0,greater,0.05,0,DefMEt_FE_118,,,,,,,,,,,not_in_g_star
WE_BE_14,available_tool_ratio,0,less,0.05,0,DefMEt_FE_118,,,,,,,,,,,not_in_g_star
WE_BE_14,utilization_avg,0,greater,0.05,0,DefMEt_FE_118,,,,,,,,,,,not_in_g_star
WE_BE_16,q_time_min,0,greater,0.05,0,DefMEt_FE_118,,,,,,,,,,,not_in_g_star
WE_BE_16,wait_ratio,0,greater,0.05,0,DefMEt_FE_118,,,,,,,,,,,not_in_g_star
WE_BE_16,wip,0,greater,0.05,0,DefMEt_FE_118,,,,,,,,,,,not_in_g_star
WE_BE_16,available_tool_ratio,0,less,0.05,0,DefMEt_FE_118,,,,,,,,,,,not_in_g_star
WE_BE_16,utilization_avg,0,greater,0.05,0,DefMEt_FE_118,,,,,,,,,,,not_in_g_star
WE_BE_17,q_time_min,0,greater,0.05,0,DefMEt_FE_118,,,,,,,,,,,not_in_g_star
WE_BE_17,wait_ratio,0,greater,0.05,0,DefMEt_FE_118,,,,,,,,,,,not_in_g_star
WE_BE_17,wip,0,greater,0.05,0,DefMEt_FE_118,,,,,,,,,,,not_in_g_star
WE_BE_17,available_tool_ratio,0,less,0.05,0,DefMEt_FE_118,,,,,,,,,,,not_in_g_star
WE_BE_17,utilization_avg,0,greater,0.05,0,DefMEt_FE_118,,,,,,,,,,,not_in_g_star
WE_BE_7,q_time_min,0,greater,0.05,0,DefMEt_FE_118,,,,,,,,,,,not_in_g_star
WE_BE_7,wait_ratio,0,greater,0.05,0,DefMEt_FE_118,,,,,,,,,,,not_in_g_star
WE_BE_7,wip,0,greater,0.05,0,DefMEt_FE_118,,,,,,,,,,,not_in_g_star
WE_BE_7,available_tool_ratio,0,less,0.05,0,DefMEt_FE_118,,,,,,,,,,,not_in_g_star
WE_BE_7,utilization_avg,0,greater,0.05,0,DefMEt_FE_118,,,,,,,,,,,not_in_g_star
WE_BE_81,q_time_min,0,greater,0.05,0,DefMEt_FE_118,,,,,,,,,,,not_in_g_star
WE_BE_81,wait_ratio,0,greater,0.05,0,DefMEt_FE_118,,,,,,,,,,,not_in_g_star
WE_BE_81,wip,0,greater,0.05,0,DefMEt_FE_118,,,,,,,,,,,not_in_g_star
WE_BE_81,available_tool_ratio,0,less,0.05,0,DefMEt_FE_118,,,,,,,,,,,not_in_g_star
WE_BE_81,utilization_avg,0,greater,0.05,0,DefMEt_FE_118,,,,,,,,,,,not_in_g_star
WE_BE_82,q_time_min,0,greater,0.05,0,DefMEt_FE_118,,,,,,,,,,,not_in_g_star
WE_BE_82,wait_ratio,0,greater,0.05,0,DefMEt_FE_118,,,,,,,,,,,not_in_g_star
WE_BE_82,wip,0,greater,0.05,0,DefMEt_FE_118,,,,,,,,,,,not_in_g_star
WE_BE_82,available_tool_ratio,0,less,0.05,0,DefMEt_FE_118,,,,,,,,,,,not_in_g_star
WE_BE_82,utilization_avg,0,greater,0.05,0,DefMEt_FE_118,,,,,,,,,,,not_in_g_star
WE_BE_9,q_time_min,0,greater,0.05,0,DefMEt_FE_118,,,,,,,,,,,not_in_g_star
WE_BE_9,wait_ratio,0,greater,0.05,0,DefMEt_FE_118,,,,,,,,,,,not_in_g_star
WE_BE_9,wip,0,greater,0.05,0,DefMEt_FE_118,,,,,,,,,,,not_in_g_star
WE_BE_9,available_tool_ratio,0,less,0.05,0,DefMEt_FE_118,,,,,,,,,,,not_in_g_star
WE_BE_9,utilization_avg,0,greater,0.05,0,DefMEt_FE_118,,,,,,,,,,,not_in_g_star
WE_FE_108,q_time_min,0,greater,0.05,0,DefMEt_FE_118,,,,,,,,,,,not_in_g_star
WE_FE_108,wait_ratio,0,greater,0.05,0,DefMEt_FE_118,,,,,,,,,,,not_in_g_star
WE_FE_108,wip,0,greater,0.05,0,DefMEt_FE_118,,,,,,,,,,,not_in_g_star
WE_FE_108,available_tool_ratio,0,less,0.05,0,DefMEt_FE_118,,,,,,,,,,,not_in_g_star
WE_FE_108,utilization_avg,0,greater,0.05,0,DefMEt_FE_118,,,,,,,,,,,not_in_g_star
WE_FE_41,q_time_min,0,greater,0.05,0,DefMEt_FE_118,,,,,,,,,,,not_in_g_star
WE_FE_41,wait_ratio,0,greater,0.05,0,DefMEt_FE_118,,,,,,,,,,,not_in_g_star
WE_FE_41,wip,0,greater,0.05,0,DefMEt_FE_118,,,,,,,,,,,not_in_g_star
WE_FE_41,available_tool_ratio,0,less,0.05,0,DefMEt_FE_118,,,,,,,,,,,not_in_g_star
WE_FE_41,utilization_avg,0,greater,0.05,0,DefMEt_FE_118,,,,,,,,,,,not_in_g_star
WE_FE_47,q_time_min,0,greater,0.05,0,DefMEt_FE_118,,,,,,,,,,,not_in_g_star
WE_FE_47,wait_ratio,0,greater,0.05,0,DefMEt_FE_118,,,,,,,,,,,not_in_g_star
WE_FE_47,wip,0,greater,0.05,0,DefMEt_FE_118,,,,,,,,,,,not_in_g_star
WE_FE_47,available_tool_ratio,0,less,0.05,0,DefMEt_FE_118,,,,,,,,,,,not_in_g_star
WE_FE_47,utilization_avg,0,greater,0.05,0,DefMEt_FE_118,,,,,,,,,,,not_in_g_star
WE_FE_8,q_time_min,0,greater,0.05,0,DefMEt_FE_118,,,,,,,,,,,not_in_g_star
WE_FE_8,wait_ratio,0,greater,0.05,0,DefMEt_FE_118,,,,,,,,,,,not_in_g_star
WE_FE_8,wip,0,greater,0.05,0,DefMEt_FE_118,,,,,,,,,,,not_in_g_star
WE_FE_8,available_tool_ratio,0,less,0.05,0,DefMEt_FE_118,,,,,,,,,,,not_in_g_star
WE_FE_8,utilization_avg,0,greater,0.05,0,DefMEt_FE_118,,,,,,,,,,,not_in_g_star
WE_FE_83,q_time_min,0,greater,0.05,0,DefMEt_FE_118,,,,,,,,,,,not_in_g_star
WE_FE_83,wait_ratio,0,greater,0.05,0,DefMEt_FE_118,,,,,,,,,,,not_in_g_star
WE_FE_83,wip,0,greater,0.05,0,DefMEt_FE_118,,,,,,,,,,,not_in_g_star
WE_FE_83,available_tool_ratio,0,less,0.05,0,DefMEt_FE_118,,,,,,,,,,,not_in_g_star
WE_FE_83,utilization_avg,0,greater,0.05,0,DefMEt_FE_118,,,,,,,,,,,not_in_g_star
WE_FE_84,q_time_min,0,greater,0.05,0,DefMEt_FE_118,,,,,,,,,,,not_in_g_star
WE_FE_84,wait_ratio,0,greater,0.05,0,DefMEt_FE_118,,,,,,,,,,,not_in_g_star
WE_FE_84,wip,0,greater,0.05,0,DefMEt_FE_118,,,,,,,,,,,not_in_g_star
WE_FE_84,available_tool_ratio,0,less,0.05,0,DefMEt_FE_118,,,,,,,,,,,not_in_g_star
WE_FE_84,utilization_avg,0,greater,0.05,0,DefMEt_FE_118,,,,,,,,,,,not_in_g_star
WE_FE_85,q_time_min,0,greater,0.05,0,DefMEt_FE_118,,,,,,,,,,,not_in_g_star
WE_FE_85,wait_ratio,0,greater,0.05,0,DefMEt_FE_118,,,,,,,,,,,not_in_g_star
WE_FE_85,wip,0,greater,0.05,0,DefMEt_FE_118,,,,,,,,,,,not_in_g_star
WE_FE_85,available_tool_ratio,0,less,0.05,0,DefMEt_FE_118,,,,,,,,,,,not_in_g_star
WE_FE_85,utilization_avg,0,greater,0.05,0,DefMEt_FE_118,,,,,,,,,,,not_in_g_star
