run_id,tool_group,tool_id,state,state_change_time,setup_name,lot_id,reason,idle_units,run_units,setup_units,down_pm_units,down_bm_units
b13f935270b7,DE_BE_11,,IDLE,26820.0,,,INIT,11,0,0,0,0
b13f935270b7,DE_BE_12,,IDLE,26820.0,,,INIT,10,0,0,0,0
b13f935270b7,DE_BE_13,,IDLE,26820.0,,,INIT,23,0,0,0,0
b13f935270b7,DE_BE_48,,IDLE,26820.0,,,INIT,12,0,0,0,0
b13f935270b7,DE_BE_50,,IDLE,26820.0,,,INIT,9,0,0,0,0
b13f935270b7,DE_BE_65,,IDLE,26820.0,,,INIT,18,0,0,0,0
b13f935270b7,DE_BE_66,,IDLE,26820.0,,,INIT,22,0,0,0,0
b13f935270b7,DE_BE_67,,IDLE,26820.0,,,INIT,12,0,0,0,0
b13f935270b7,DE_BE_69,,IDLE,26820.0,,,INIT,2,0,0,0,0
b13f935270b7,DE_FE_1,,IDLE,26820.0,,,INIT,8,0,0,0,0
b13f935270b7,DE_FE_51,,IDLE,26820.0,,,INIT,22,0,0,0,0
b13f935270b7,DE_FE_53,,IDLE,26820.0,,,INIT,5,0,0,0,0
b13f935270b7,DE_FE_54,,IDLE,26820.0,,,INIT,6,0,0,0,0
b13f935270b7,DE_FE_56,,IDLE,26820.0,,,INIT,3,0,0,0,0
b13f935270b7,DE_FE_58,,IDLE,26820.0,,,INIT,3,0,0,0,0
b13f935270b7,DE_FE_59,,IDLE,26820.0,,,INIT,17,0,0,0,0
b13f935270b7,DE_FE_62,,IDLE,26820.0,,,INIT,17,0,0,0,0
b13f935270b7,DE_FE_70,,IDLE,26820.0,,,INIT,15,0,0,0,0
b13f935270b7,DE_FE_71,,IDLE,26820.0,,,INIT,31,0,0,0,0
b13f935270b7,DE_FE_72,,IDLE,26820.0,,,INIT,11,0,0,0,0
b13f935270b7,DE_FE_86,,IDLE,26820.0,,,INIT,150,0,0,0,0
b13f935270b7,DefMet_BE_33,,IDLE,26820.0,,,INIT,2,0,0,0,0
b13f935270b7,DefMet_BE_42,,IDLE,26820.0,,,INIT,1,0,0,0,0
b13f935270b7,DefMet_FE_10,,IDLE,26820.0,,,INIT,3,0,0,0,0
b13f935270b7,DefMet_FE_106,,IDLE,26820.0,,,INIT,1,0,0,0,0
b13f935270b7,DefMEt_FE_118,,IDLE,26820.0,,,INIT,2,0,0,0,0
b13f935270b7,DefMet_FE_34,,IDLE,26820.0,,,INIT,2,0,0,0,0
b13f935270b7,DefMet_FE_43,,IDLE,26820.0,,,INIT,6,0,0,0,0
b13f935270b7,Delay_32,,IDLE,26820.0,,,INIT,400,0,0,0,0
b13f935270b7,Dielectric_BE_20,,IDLE,26820.0,,,INIT,6,0,0,0,0
b13f935270b7,Dielectric_BE_21,,IDLE,26820.0,,,INIT,9,0,0,0,0
b13f935270b7,Dielectric_BE_27,,IDLE,26820.0,,,INIT,17,0,0,0,0
b13f935270b7,Dielectric_BE_28,,IDLE,26820.0,,,INIT,5,0,0,0,0
b13f935270b7,Dielectric_BE_60,,IDLE,26820.0,,,INIT,5,0,0,0,0
b13f935270b7,Dielectric_FE_112,,IDLE,26820.0,,,INIT,12,0,0,0,0
b13f935270b7,Dielectric_FE_130,,IDLE,26820.0,,,INIT,5,0,0,0,0
b13f935270b7,Dielectric_FE_29,,IDLE,26820.0,,,INIT,4,0,0,0,0
b13f935270b7,Dielectric_FE_30,,IDLE,26820.0,,,INIT,2,0,0,0,0
b13f935270b7,Dielectric_FE_31,,IDLE,26820.0,,,INIT,5,0,0,0,0
b13f935270b7,Diffusion_BE_123,,IDLE,26820.0,,,INIT,12,0,0,0,0
b13f935270b7,Diffusion_FE_100,,IDLE,26820.0,,,INIT,2,0,0,0,0
b13f935270b7,Diffusion_FE_101,,IDLE,26820.0,,,INIT,8,0,0,0,0
b13f935270b7,Diffusion_FE_120,,IDLE,26820.0,,,INIT,11,0,0,0,0
b13f935270b7,Diffusion_FE_122,,IDLE,26820.0,,,INIT,5,0,0,0,0
b13f935270b7,Diffusion_FE_125,,IDLE,26820.0,,,INIT,4,0,0,0,0
b13f935270b7,Diffusion_FE_126,,IDLE,26820.0,,,INIT,3,0,0,0,0
b13f935270b7,Diffusion_FE_127,,IDLE,26820.0,,,INIT,9,0,0,0,0
b13f935270b7,Diffusion_FE_44,,IDLE,26820.0,,,INIT,11,0,0,0,0
b13f935270b7,Diffusion_FE_94,,IDLE,26820.0,,,INIT,11,0,0,0,0
b13f935270b7,EPI_36,,IDLE,26820.0,,,INIT,2,0,0,0,0
b13f935270b7,EPI_38,,IDLE,26820.0,,,INIT,1,0,0,0,0
b13f935270b7,Implant_119,,IDLE,26820.0,,,INIT,2,0,0,0,0
b13f935270b7,Implant_128,,IDLE,26820.0,,,INIT,11,0,0,0,0
b13f935270b7,Implant_132,,IDLE,26820.0,,,INIT,8,0,0,0,0
b13f935270b7,Implant_74,,IDLE,26820.0,,,INIT,2,0,0,0,0
b13f935270b7,Implant_88,,IDLE,26820.0,,,INIT,2,0,0,0,0
b13f935270b7,Implant_90,,IDLE,26820.0,,,INIT,2,0,0,0,0
b13f935270b7,Implant_91,,IDLE,26820.0,,,INIT,6,0,0,0,0
b13f935270b7,Litho_BE_110,,IDLE,26820.0,,,INIT,29,0,0,0,0
b13f935270b7,Litho_BE_93,,IDLE,26820.0,,,INIT,3,0,0,0,0
b13f935270b7,Litho_BE_99,,IDLE,26820.0,,,INIT,3,0,0,0,0
b13f935270b7,Litho_FE_111,,IDLE,26820.0,,,INIT,23,0,0,0,0
b13f935270b7,Litho_FE_35,,IDLE,26820.0,,,INIT,2,0,0,0,0
b13f935270b7,Litho_FE_92,,IDLE,26820.0,,,INIT,34,0,0,0,0
b13f935270b7,Litho_FE_98,,IDLE,26820.0,,,INIT,6,0,0,0,0
b13f935270b7,Litho_REG_BE_63,,IDLE,26820.0,,,INIT,9,0,0,0,0
b13f935270b7,Litho_REG_FE_64,,IDLE,26820.0,,,INIT,15,0,0,0,0
b13f935270b7,LithoMet_BE_18,,IDLE,26820.0,,,INIT,15,0,0,0,0
b13f935270b7,LithoMet_FE_19,,IDLE,26820.0,,,INIT,20,0,0,0,0
b13f935270b7,LithoTrack_BE_117,,IDLE,26820.0,,,INIT,5,0,0,0,0
b13f935270b7,LithoTrack_FE_115,,IDLE,26820.0,,,INIT,54,0,0,0,0
b13f935270b7,LithoTrack_FE_95,,IDLE,26820.0,,,INIT,53,0,0,0,0
b13f935270b7,LithoTrack_FE_96,,IDLE,26820.0,,,INIT,2,0,0,0,0
b13f935270b7,Planar_BE_75,,IDLE,26820.0,,,INIT,22,0,0,0,0
b13f935270b7,Planar_FE_76,,IDLE,26820.0,,,INIT,3,0,0,0,0
b13f935270b7,Planar_FE_77,,IDLE,26820.0,,,INIT,3,0,0,0,0
b13f935270b7,Planar_FE_78,,IDLE,26820.0,,,INIT,2,0,0,0,0
b13f935270b7,Planar_FE_79,,IDLE,26820.0,,,INIT,6,0,0,0,0
b13f935270b7,Planar_FE_80,,IDLE,26820.0,,,INIT,2,0,0,0,0
b13f935270b7,TF_BE_2,,IDLE,26820.0,,,INIT,4,0,0,0,0
b13f935270b7,TF_BE_23,,IDLE,26820.0,,,INIT,21,0,0,0,0
b13f935270b7,TF_BE_24,,IDLE,26820.0,,,INIT,5,0,0,0,0
b13f935270b7,TF_BE_26,,IDLE,26820.0,,,INIT,16,0,0,0,0
b13f935270b7,TF_BE_40,,IDLE,26820.0,,,INIT,26,0,0,0,0
b13f935270b7,TF_FE_103,,IDLE,26820.0,,,INIT,5,0,0,0,0
b13f935270b7,TF_FE_104,,IDLE,26820.0,,,INIT,6,0,0,0,0
b13f935270b7,TF_FE_113,,IDLE,26820.0,,,INIT,3,0,0,0,0
b13f935270b7,TF_FE_131,,IDLE,26820.0,,,INIT,7,0,0,0,0
b13f935270b7,TF_FE_3,,IDLE,26820.0,,,INIT,3,0,0,0,0
b13f935270b7,TF_FE_5,,IDLE,26820.0,,,INIT,4,0,0,0,0
b13f935270b7,TF_Met_FE_45,,IDLE,26820.0,,,INIT,2,0,0,0,0
b13f935270b7,TF_Met_FE_61,,IDLE,26820.0,,,INIT,2,0,0,0,0
b13f935270b7,WE_BE_14,,IDLE,26820.0,,,INIT,5,0,0,0,0
b13f935270b7,WE_BE_16,,IDLE,26820.0,,,INIT,9,0,0,0,0
b13f935270b7,WE_BE_17,,IDLE,26820.0,,,INIT,2,0,0,0,0
b13f935270b7,WE_BE_7,,IDLE,26820.0,,,INIT,1,0,0,0,0
b13f935270b7,WE_BE_81,,IDLE,26820.0,,,INIT,3,0,0,0,0
b13f935270b7,WE_BE_82,,IDLE,26820.0,,,INIT,10,0,0,0,0
b13f935270b7,WE_BE_9,,IDLE,26820.0,,,INIT,7,0,0,0,0
b13f935270b7,WE_FE_108,,IDLE,26820.0,,,INIT,36,0,0,0,0
b13f935270b7,WE_FE_41,,IDLE,26820.0,,,INIT,5,0,0,0,0
b13f935270b7,WE_FE_47,,IDLE,26820.0,,,INIT,6,0,0,0,0
b13f935270b7,WE_FE_8,,IDLE,26820.0,,,INIT,2,0,0,0,0
b13f935270b7,WE_FE_83,,IDLE,26820.0,,,INIT,7,0,0,0,0
b13f935270b7,WE_FE_84,,IDLE,26820.0,,,INIT,19,0,0,0,0
b13f935270b7,WE_FE_85,,IDLE,26820.0,,,INIT,2,0,0,0,0
b13f935270b7,TF_BE_23,DE_BE_13#10,RUN,26820.0,,HotLot_4,,,,,,
b13f935270b7,TF_BE_23,,DOWN_BM,26820.0,,HotLot_4,,16,4,0,0,1
b13f935270b7,Diffusion_FE_120,Delay_32#138,RUN,26820.0,,Lot_Product_3_1,,,,,,
b13f935270b7,Diffusion_FE_120,,RUN,26820.0,,Lot_Product_3_1,,7,4,0,0,0
b13f935270b7,DE_FE_53,DE_FE_53#2,RUN,26820.0,,Lot_Product_3_100,,,,,,
b13f935270b7,DE_FE_53,,RUN,26820.0,,Lot_Product_3_100,,1,4,0,0,0
b13f935270b7,Diffusion_FE_122,TF_Met_FE_61#1,RUN,26820.0,,Lot_Product_3_104,,,,,,
b13f935270b7,Diffusion_FE_122,,RUN,26820.0,,Lot_Product_3_104,,3,2,0,0,0
b13f935270b7,DE_FE_53,DE_FE_53#4,RUN,26820.0,,Lot_Product_3_105,,,,,,
b13f935270b7,DE_FE_53,,RUN,26820.0,,Lot_Product_3_105,,1,4,0,0,0
b13f935270b7,DE_FE_51,DE_FE_51#14,RUN,26820.0,,Lot_Product_3_107,,,,,,
b13f935270b7,DE_FE_51,,RUN,26820.0,,Lot_Product_3_107,,16,6,0,0,0
b13f935270b7,Diffusion_FE_120,Delay_32#144,RUN,26820.0,,Lot_Product_3_111,,,,,,
b13f935270b7,Diffusion_FE_120,,RUN,26820.0,,Lot_Product_3_111,,7,4,0,0,0
b13f935270b7,Litho_FE_111,Implant_91#2,RUN,26820.0,,Lot_Product_3_113,,,,,,
b13f935270b7,Litho_FE_111,,DOWN_BM,26820.0,,Lot_Product_3_113,,15,4,0,1,3
b13f935270b7,DE_FE_53,DE_FE_53#1,RUN,26820.0,,Lot_Product_3_115,,,,,,
b13f935270b7,DE_FE_53,,RUN,26820.0,,Lot_Product_3_115,,1,4,0,0,0
b13f935270b7,Litho_FE_111,WE_FE_84#14,RUN,26820.0,,Lot_Product_3_116,,,,,,
b13f935270b7,Litho_FE_111,,DOWN_BM,26820.0,,Lot_Product_3_116,,15,4,0,1,3
b13f935270b7,Litho_FE_111,DE_FE_86#120,RUN,26820.0,,Lot_Product_3_117,,,,,,
b13f935270b7,Litho_FE_111,,DOWN_BM,26820.0,,Lot_Product_3_117,,15,4,0,1,3
b13f935270b7,DE_FE_51,DE_FE_51#11,RUN,26820.0,,Lot_Product_3_119,,,,,,
b13f935270b7,DE_FE_51,,RUN,26820.0,,Lot_Product_3_119,,16,6,0,0,0
b13f935270b7,Diffusion_FE_120,Delay_32#132,RUN,26820.0,,Lot_Product_3_120,,,,,,
b13f935270b7,Diffusion_FE_120,,RUN,26820.0,,Lot_Product_3_120,,7,4,0,0,0
b13f935270b7,Litho_FE_111,WE_FE_84#13,RUN,26820.0,,Lot_Product_3_123,,,,,,
b13f935270b7,Litho_FE_111,,DOWN_BM,26820.0,,Lot_Product_3_123,,15,4,0,1,3
b13f935270b7,Diffusion_FE_120,Delay_32#1,RUN,26820.0,,Lot_Product_3_124,,,,,,
b13f935270b7,Diffusion_FE_120,,RUN,26820.0,,Lot_Product_3_124,,7,4,0,0,0
b13f935270b7,DE_FE_51,DE_FE_51#13,RUN,26820.0,,Lot_Product_3_128,,,,,,
b13f935270b7,DE_FE_51,,RUN,26820.0,,Lot_Product_3_128,,16,6,0,0,0
b13f935270b7,Implant_91,DefMet_FE_43#2,RUN,26820.0,,Lot_Product_3_131,,,,,,
b13f935270b7,Implant_91,,DOWN_PM,26820.0,,Lot_Product_3_131,,3,2,0,1,0
b13f935270b7,DefMet_FE_43,Delay_32#109,RUN,26820.0,,Lot_Product_3_133,,,,,,
b13f935270b7,DefMet_FE_43,,RUN,26820.0,,Lot_Product_3_133,,4,2,0,0,0
b13f935270b7,DE_FE_86,Delay_32#100,RUN,26820.0,,Lot_Product_3_137,,,,,,
b13f935270b7,DE_FE_86,,DOWN_PM,26820.0,,Lot_Product_3_137,,112,35,0,3,0
b13f935270b7,Litho_FE_111,WE_FE_84#15,RUN,26820.0,,Lot_Product_3_14,,,,,,
b13f935270b7,Litho_FE_111,,DOWN_BM,26820.0,,Lot_Product_3_14,,15,4,0,1,3
b13f935270b7,DE_FE_71,LithoMet_FE_19#4,RUN,26820.0,,Lot_Product_3_140,,,,,,
b13f935270b7,DE_FE_71,,DOWN_PM,26820.0,,Lot_Product_3_140,,18,11,0,2,0
b13f935270b7,Dielectric_FE_30,Delay_32#106,RUN,26820.0,,Lot_Product_3_144,,,,,,
b13f935270b7,Dielectric_FE_30,,RUN,26820.0,,Lot_Product_3_144,,0,2,0,0,0
b13f935270b7,WE_FE_83,Dielectric_FE_30#2,RUN,26820.0,,Lot_Product_3_145,,,,,,
b13f935270b7,WE_FE_83,,RUN,26820.0,,Lot_Product_3_145,,5,2,0,0,0
b13f935270b7,DE_FE_51,DE_FE_51#10,RUN,26820.0,,Lot_Product_3_146,,,,,,
b13f935270b7,DE_FE_51,,RUN,26820.0,,Lot_Product_3_146,,16,6,0,0,0
b13f935270b7,Implant_128,DE_FE_86#101,RUN,26820.0,,Lot_Product_3_148,,,,,,
b13f935270b7,Implant_128,,DOWN_PM,26820.0,,Lot_Product_3_148,,7,3,0,1,0
b13f935270b7,Diffusion_FE_127,DE_FE_59#2,RUN,26820.0,,Lot_Product_3_157,,,,,,
b13f935270b7,Diffusion_FE_127,,RUN,26820.0,,Lot_Product_3_157,,7,2,0,0,0
b13f935270b7,Diffusion_FE_120,WE_FE_108#16,RUN,26820.0,,Lot_Product_3_158,,,,,,
b13f935270b7,Diffusion_FE_120,,RUN,26820.0,,Lot_Product_3_158,,7,4,0,0,0
b13f935270b7,Diffusion_FE_120,Delay_32#139,RUN,26820.0,,Lot_Product_3_160,,,,,,
b13f935270b7,Diffusion_FE_120,,RUN,26820.0,,Lot_Product_3_160,,7,4,0,0,0
b13f935270b7,Litho_FE_92,WE_FE_84#3,RUN,26820.0,,Lot_Product_3_161,,,,,,
b13f935270b7,Litho_FE_92,,DOWN_BM,26820.0,,Lot_Product_3_161,,21,9,0,1,3
b13f935270b7,Litho_REG_FE_64,LithoTrack_FE_115#21,RUN,26820.0,,Lot_Product_3_162,,,,,,
b13f935270b7,Litho_REG_FE_64,,RUN,26820.0,,Lot_Product_3_162,,5,10,0,0,0
b13f935270b7,DE_FE_1,DE_FE_1#1,RUN,26820.0,,Lot_Product_3_163,,,,,,
b13f935270b7,DE_FE_1,,RUN,26820.0,,Lot_Product_3_163,,7,1,0,0,0
b13f935270b7,LithoTrack_FE_115,DE_FE_86#103,RUN,26820.0,,Lot_Product_3_165,,,,,,
b13f935270b7,LithoTrack_FE_115,,DOWN_BM,26820.0,,Lot_Product_3_165,,37,11,0,4,2
b13f935270b7,Diffusion_FE_44,Litho_FE_92#2,RUN,26820.0,,Lot_Product_3_166,,,,,,
b13f935270b7,Diffusion_FE_44,,RUN,26820.0,,Lot_Product_3_166,,1,10,0,0,0
b13f935270b7,WE_FE_108,DE_FE_86#102,RUN,26820.0,,Lot_Product_3_167,,,,,,
b13f935270b7,WE_FE_108,,DOWN_PM,26820.0,,Lot_Product_3_167,,23,12,0,1,0
b13f935270b7,DE_FE_86,DE_FE_51#1,RUN,26820.0,,Lot_Product_3_168,,,,,,
b13f935270b7,DE_FE_86,,DOWN_PM,26820.0,,Lot_Product_3_168,,112,35,0,3,0
b13f935270b7,DE_FE_51,LithoMet_FE_19#5,RUN,26820.0,,Lot_Product_3_169,,,,,,
b13f935270b7,DE_FE_51,,RUN,26820.0,,Lot_Product_3_169,,16,6,0,0,0
b13f935270b7,Diffusion_FE_100,Implant_91#3,RUN,26820.0,,Lot_Product_3_170,,,,,,
b13f935270b7,Diffusion_FE_100,,IDLE,26820.0,,Lot_Product_3_170,,2,0,0,0,0
b13f935270b7,Diffusion_FE_120,DE_FE_86#1,RUN,26820.0,,Lot_Product_3_171,,,,,,
b13f935270b7,Diffusion_FE_120,,RUN,26820.0,,Lot_Product_3_171,,7,4,0,0,0
b13f935270b7,Litho_FE_111,LithoTrack_FE_115#14,RUN,26820.0,,Lot_Product_3_172,,,,,,
b13f935270b7,Litho_FE_111,,DOWN_BM,26820.0,,Lot_Product_3_172,,15,4,0,1,3
b13f935270b7,Implant_128,DE_FE_86#114,RUN,26820.0,,Lot_Product_3_173,,,,,,
b13f935270b7,Implant_128,,DOWN_PM,26820.0,,Lot_Product_3_173,,7,3,0,1,0
b13f935270b7,Litho_FE_92,LithoTrack_FE_115#11,RUN,26820.0,,Lot_Product_3_175,,,,,,
b13f935270b7,Litho_FE_92,,DOWN_BM,26820.0,,Lot_Product_3_175,,21,9,0,1,3
b13f935270b7,DE_FE_86,DE_FE_86#121,RUN,26820.0,,Lot_Product_3_177,,,,,,
b13f935270b7,DE_FE_86,,DOWN_PM,26820.0,,Lot_Product_3_177,,112,35,0,3,0
b13f935270b7,DE_FE_71,Litho_FE_92#1,RUN,26820.0,,Lot_Product_3_179,,,,,,
b13f935270b7,DE_FE_71,,DOWN_PM,26820.0,,Lot_Product_3_179,,18,11,0,2,0
b13f935270b7,Diffusion_FE_44,Implant_128#10,RUN,26820.0,,Lot_Product_3_18,,,,,,
b13f935270b7,Diffusion_FE_44,,RUN,26820.0,,Lot_Product_3_18,,1,10,0,0,0
b13f935270b7,Diffusion_FE_127,DE_FE_59#14,RUN,26820.0,,Lot_Product_3_180,,,,,,
b13f935270b7,Diffusion_FE_127,,RUN,26820.0,,Lot_Product_3_180,,7,2,0,0,0
b13f935270b7,Diffusion_FE_127,Diffusion_FE_120#11,RUN,26820.0,,Lot_Product_3_182,,,,,,
b13f935270b7,Diffusion_FE_127,,RUN,26820.0,,Lot_Product_3_182,,7,2,0,0,0
b13f935270b7,Diffusion_FE_120,DE_FE_59#12,RUN,26820.0,,Lot_Product_3_184,,,,,,
b13f935270b7,Diffusion_FE_120,,RUN,26820.0,,Lot_Product_3_184,,7,4,0,0,0
b13f935270b7,DE_FE_71,Litho_REG_FE_64#3,RUN,26820.0,,Lot_Product_3_186,,,,,,
b13f935270b7,DE_FE_71,,DOWN_PM,26820.0,,Lot_Product_3_186,,18,11,0,2,0
b13f935270b7,WE_FE_83,DE_FE_71#19,RUN,26820.0,,Lot_Product_3_189,,,,,,
b13f935270b7,WE_FE_83,,RUN,26820.0,,Lot_Product_3_189,,5,2,0,0,0
b13f935270b7,DE_FE_71,DE_FE_71#11,RUN,26820.0,,Lot_Product_3_190,,,,,,
b13f935270b7,DE_FE_71,,DOWN_PM,26820.0,,Lot_Product_3_190,,18,11,0,2,0
b13f935270b7,Diffusion_FE_120,Delay_32#115,RUN,26820.0,,Lot_Product_3_193,,,,,,
b13f935270b7,Diffusion_FE_120,,RUN,26820.0,,Lot_Product_3_193,,7,4,0,0,0
b13f935270b7,Diffusion_FE_120,DE_FE_71#21,RUN,26820.0,,Lot_Product_3_195,,,,,,
b13f935270b7,Diffusion_FE_120,,RUN,26820.0,,Lot_Product_3_195,,7,4,0,0,0
b13f935270b7,DefMet_FE_34,Delay_32#137,RUN,26820.0,,Lot_Product_3_197,,,,,,
b13f935270b7,DefMet_FE_34,,RUN,26820.0,,Lot_Product_3_197,,1,1,0,0,0
b13f935270b7,WE_FE_8,Delay_32#14,RUN,26820.0,,Lot_Product_3_198,,,,,,
b13f935270b7,WE_FE_8,,RUN,26820.0,,Lot_Product_3_198,,1,1,0,0,0
b13f935270b7,WE_FE_83,Dielectric_FE_30#1,RUN,26820.0,,Lot_Product_3_199,,,,,,
b13f935270b7,WE_FE_83,,RUN,26820.0,,Lot_Product_3_199,,5,2,0,0,0
b13f935270b7,Dielectric_FE_30,Delay_32#103,RUN,26820.0,,Lot_Product_3_202,,,,,,
b13f935270b7,Dielectric_FE_30,,RUN,26820.0,,Lot_Product_3_202,,0,2,0,0,0
b13f935270b7,Diffusion_FE_120,Delay_32#108,RUN,26820.0,,Lot_Product_3_203,,,,,,
b13f935270b7,Diffusion_FE_120,,RUN,26820.0,,Lot_Product_3_203,,7,4,0,0,0
b13f935270b7,Diffusion_FE_127,Delay_32#136,RUN,26820.0,,Lot_Product_3_206,,,,,,
b13f935270b7,Diffusion_FE_127,,RUN,26820.0,,Lot_Product_3_206,,7,2,0,0,0
b13f935270b7,Litho_FE_98,WE_FE_108#18,RUN,26820.0,,Lot_Product_3_207,,,,,,
b13f935270b7,Litho_FE_98,,DOWN_PM,26820.0,,Lot_Product_3_207,,1,4,0,1,0
b13f935270b7,Diffusion_FE_120,LithoTrack_FE_115#17,RUN,26820.0,,Lot_Product_3_209,,,,,,
b13f935270b7,Diffusion_FE_120,,RUN,26820.0,,Lot_Product_3_209,,7,4,0,0,0
b13f935270b7,Diffusion_FE_120,WE_FE_108#11,RUN,26820.0,,Lot_Product_3_210,,,,,,
b13f935270b7,Diffusion_FE_120,,RUN,26820.0,,Lot_Product_3_210,,7,4,0,0,0
b13f935270b7,WE_FE_108,Delay_32#135,RUN,26820.0,,Lot_Product_3_211,,,,,,
b13f935270b7,WE_FE_108,,DOWN_PM,26820.0,,Lot_Product_3_211,,23,12,0,1,0
b13f935270b7,Litho_FE_92,WE_FE_84#12,RUN,26820.0,,Lot_Product_3_212,,,,,,
b13f935270b7,Litho_FE_92,,DOWN_BM,26820.0,,Lot_Product_3_212,,21,9,0,1,3
b13f935270b7,Diffusion_FE_127,Diffusion_FE_120#3,RUN,26820.0,,Lot_Product_3_216,,,,,,
b13f935270b7,Diffusion_FE_127,,RUN,26820.0,,Lot_Product_3_216,,7,2,0,0,0
b13f935270b7,Litho_FE_92,WE_FE_83#3,RUN,26820.0,,Lot_Product_3_220,,,,,,
b13f935270b7,Litho_FE_92,,DOWN_BM,26820.0,,Lot_Product_3_220,,21,9,0,1,3
b13f935270b7,Litho_FE_92,LithoTrack_FE_95#10,RUN,26820.0,,Lot_Product_3_222,,,,,,
b13f935270b7,Litho_FE_92,,DOWN_BM,26820.0,,Lot_Product_3_222,,21,9,0,1,3
b13f935270b7,Diffusion_FE_120,WE_FE_108#19,RUN,26820.0,,Lot_Product_3_224,,,,,,
b13f935270b7,Diffusion_FE_120,,RUN,26820.0,,Lot_Product_3_224,,7,4,0,0,0
b13f935270b7,DE_FE_1,Implant_128#1,RUN,26820.0,,Lot_Product_3_225,,,,,,
b13f935270b7,DE_FE_1,,RUN,26820.0,,Lot_Product_3_225,,7,1,0,0,0
b13f935270b7,Litho_REG_FE_64,WE_FE_108#15,RUN,26820.0,,Lot_Product_3_227,,,,,,
b13f935270b7,Litho_REG_FE_64,,RUN,26820.0,,Lot_Product_3_227,,5,10,0,0,0
b13f935270b7,DE_FE_86,DE_FE_86#129,RUN,26820.0,,Lot_Product_3_228,,,,,,
b13f935270b7,DE_FE_86,,DOWN_PM,26820.0,,Lot_Product_3_228,,112,35,0,3,0
b13f935270b7,DE_FE_86,LithoMet_FE_19#17,RUN,26820.0,,Lot_Product_3_229,,,,,,
b13f935270b7,DE_FE_86,,DOWN_PM,26820.0,,Lot_Product_3_229,,112,35,0,3,0
b13f935270b7,Diffusion_FE_101,Delay_32#117,RUN,26820.0,,Lot_Product_3_23,,,,,,
b13f935270b7,Diffusion_FE_101,,RUN,26820.0,,Lot_Product_3_23,,5,3,0,0,0
b13f935270b7,WE_FE_108,DE_FE_86#130,RUN,26820.0,,Lot_Product_3_230,,,,,,
b13f935270b7,WE_FE_108,,DOWN_PM,26820.0,,Lot_Product_3_230,,23,12,0,1,0
b13f935270b7,Implant_132,Litho_FE_111#11,RUN,26820.0,,Lot_Product_3_231,,,,,,
b13f935270b7,Implant_132,,DOWN_BM,26820.0,,Lot_Product_3_231,,2,5,0,0,1
b13f935270b7,TF_FE_131,Implant_88#1,RUN,26820.0,,Lot_Product_3_232,,,,,,
b13f935270b7,TF_FE_131,,IDLE,26820.0,,Lot_Product_3_232,,7,0,0,0,0
b13f935270b7,Diffusion_FE_127,Delay_32#111,RUN,26820.0,,Lot_Product_3_233,,,,,,
b13f935270b7,Diffusion_FE_127,,RUN,26820.0,,Lot_Product_3_233,,7,2,0,0,0
b13f935270b7,Diffusion_FE_120,Delay_32#107,RUN,26820.0,,Lot_Product_3_234,,,,,,
b13f935270b7,Diffusion_FE_120,,RUN,26820.0,,Lot_Product_3_234,,7,4,0,0,0
b13f935270b7,Diffusion_FE_120,Delay_32#141,RUN,26820.0,,Lot_Product_3_235,,,,,,
b13f935270b7,Diffusion_FE_120,,RUN,26820.0,,Lot_Product_3_235,,7,4,0,0,0
b13f935270b7,Diffusion_FE_120,DefMet_FE_34#1,RUN,26820.0,,Lot_Product_3_236,,,,,,
b13f935270b7,Diffusion_FE_120,,RUN,26820.0,,Lot_Product_3_236,,7,4,0,0,0
b13f935270b7,Diffusion_FE_120,DE_FE_86#110,RUN,26820.0,,Lot_Product_3_238,,,,,,
b13f935270b7,Diffusion_FE_120,,RUN,26820.0,,Lot_Product_3_238,,7,4,0,0,0
b13f935270b7,Diffusion_FE_120,Delay_32#140,RUN,26820.0,,Lot_Product_3_239,,,,,,
b13f935270b7,Diffusion_FE_120,,RUN,26820.0,,Lot_Product_3_239,,7,4,0,0,0
b13f935270b7,DE_FE_86,Delay_32#142,RUN,26820.0,,Lot_Product_3_240,,,,,,
b13f935270b7,DE_FE_86,,DOWN_PM,26820.0,,Lot_Product_3_240,,112,35,0,3,0
b13f935270b7,LithoMet_FE_19,WE_FE_84#18,RUN,26820.0,,Lot_Product_3_242,,,,,,
b13f935270b7,LithoMet_FE_19,,DOWN_BM,26820.0,,Lot_Product_3_242,,5,13,0,0,2
b13f935270b7,DE_FE_86,DE_FE_86#115,RUN,26820.0,,Lot_Product_3_244,,,,,,
b13f935270b7,DE_FE_86,,DOWN_PM,26820.0,,Lot_Product_3_244,,112,35,0,3,0
b13f935270b7,DE_FE_86,Implant_132#3,RUN,26820.0,,Lot_Product_3_245,,,,,,
b13f935270b7,DE_FE_86,,DOWN_PM,26820.0,,Lot_Product_3_245,,112,35,0,3,0
b13f935270b7,DE_FE_86,Implant_132#1,RUN,26820.0,,Lot_Product_3_247,,,,,,
b13f935270b7,DE_FE_86,,DOWN_PM,26820.0,,Lot_Product_3_247,,112,35,0,3,0
b13f935270b7,DE_FE_86,DE_FE_54#4,RUN,26820.0,,Lot_Product_3_248,,,,,,
b13f935270b7,DE_FE_86,,DOWN_PM,26820.0,,Lot_Product_3_248,,112,35,0,3,0
b13f935270b7,WE_FE_108,DE_FE_86#123,RUN,26820.0,,Lot_Product_3_249,,,,,,
b13f935270b7,WE_FE_108,,DOWN_PM,26820.0,,Lot_Product_3_249,,23,12,0,1,0
b13f935270b7,Diffusion_FE_120,EPI_38#1,RUN,26820.0,,Lot_Product_3_25,,,,,,
b13f935270b7,Diffusion_FE_120,,RUN,26820.0,,Lot_Product_3_25,,7,4,0,0,0
b13f935270b7,LithoMet_FE_19,WE_FE_108#14,RUN,26820.0,,Lot_Product_3_250,,,,,,
b13f935270b7,LithoMet_FE_19,,DOWN_BM,26820.0,,Lot_Product_3_250,,5,13,0,0,2
b13f935270b7,Litho_FE_92,LithoTrack_FE_95#11,RUN,26820.0,,Lot_Product_3_251,,,,,,
b13f935270b7,Litho_FE_92,,DOWN_BM,26820.0,,Lot_Product_3_251,,21,9,0,1,3
b13f935270b7,DE_FE_86,LithoMet_FE_19#14,RUN,26820.0,,Lot_Product_3_255,,,,,,
b13f935270b7,DE_FE_86,,DOWN_PM,26820.0,,Lot_Product_3_255,,112,35,0,3,0
b13f935270b7,DE_FE_54,Delay_32#114,RUN,26820.0,,Lot_Product_3_256,,,,,,
b13f935270b7,DE_FE_54,,RUN,26820.0,,Lot_Product_3_256,,0,6,0,0,0
b13f935270b7,DE_FE_86,LithoMet_FE_19#1,RUN,26820.0,,Lot_Product_3_257,,,,,,
b13f935270b7,DE_FE_86,,DOWN_PM,26820.0,,Lot_Product_3_257,,112,35,0,3,0
b13f935270b7,DE_FE_86,LithoMet_FE_19#3,RUN,26820.0,,Lot_Product_3_260,,,,,,
b13f935270b7,DE_FE_86,,DOWN_PM,26820.0,,Lot_Product_3_260,,112,35,0,3,0
b13f935270b7,Diffusion_FE_44,Diffusion_FE_44#9,RUN,26820.0,,Lot_Product_3_261,,,,,,
b13f935270b7,Diffusion_FE_44,,RUN,26820.0,,Lot_Product_3_261,,1,10,0,0,0
b13f935270b7,LithoMet_FE_19,WE_FE_84#1,RUN,26820.0,,Lot_Product_3_263,,,,,,
b13f935270b7,LithoMet_FE_19,,DOWN_BM,26820.0,,Lot_Product_3_263,,5,13,0,0,2
b13f935270b7,DE_FE_86,DE_FE_54#3,RUN,26820.0,,Lot_Product_3_264,,,,,,
b13f935270b7,DE_FE_86,,DOWN_PM,26820.0,,Lot_Product_3_264,,112,35,0,3,0
b13f935270b7,DE_FE_86,DE_FE_54#2,RUN,26820.0,,Lot_Product_3_265,,,,,,
b13f935270b7,DE_FE_86,,DOWN_PM,26820.0,,Lot_Product_3_265,,112,35,0,3,0
b13f935270b7,LithoMet_FE_19,DE_FE_86#105,RUN,26820.0,,Lot_Product_3_266,,,,,,
b13f935270b7,LithoMet_FE_19,,DOWN_BM,26820.0,,Lot_Product_3_266,,5,13,0,0,2
b13f935270b7,DE_FE_54,Delay_32#131,RUN,26820.0,,Lot_Product_3_267,,,,,,
b13f935270b7,DE_FE_54,,RUN,26820.0,,Lot_Product_3_267,,0,6,0,0,0
b13f935270b7,DE_FE_86,DE_FE_54#1,RUN,26820.0,,Lot_Product_3_268,,,,,,
b13f935270b7,DE_FE_86,,DOWN_PM,26820.0,,Lot_Product_3_268,,112,35,0,3,0
b13f935270b7,DE_FE_1,Implant_128#4,RUN,26820.0,,Lot_Product_3_269,,,,,,
b13f935270b7,DE_FE_1,,RUN,26820.0,,Lot_Product_3_269,,7,1,0,0,0
b13f935270b7,Litho_FE_92,LithoTrack_FE_95#13,RUN,26820.0,,Lot_Product_3_270,,,,,,
b13f935270b7,Litho_FE_92,,DOWN_BM,26820.0,,Lot_Product_3_270,,21,9,0,1,3
b13f935270b7,DE_FE_86,DE_FE_54#6,RUN,26820.0,,Lot_Product_3_271,,,,,,
b13f935270b7,DE_FE_86,,DOWN_PM,26820.0,,Lot_Product_3_271,,112,35,0,3,0
b13f935270b7,Diffusion_FE_120,Diffusion_FE_44#2,RUN,26820.0,,Lot_Product_3_274,,,,,,
b13f935270b7,Diffusion_FE_120,,RUN,26820.0,,Lot_Product_3_274,,7,4,0,0,0
b13f935270b7,Litho_FE_92,LithoTrack_FE_95#12,RUN,26820.0,,Lot_Product_3_276,,,,,,
b13f935270b7,Litho_FE_92,,DOWN_BM,26820.0,,Lot_Product_3_276,,21,9,0,1,3
b13f935270b7,WE_FE_108,DE_FE_54#5,RUN,26820.0,,Lot_Product_3_277,,,,,,
b13f935270b7,WE_FE_108,,DOWN_PM,26820.0,,Lot_Product_3_277,,23,12,0,1,0
b13f935270b7,Litho_FE_92,LithoTrack_FE_115#1,RUN,26820.0,,Lot_Product_3_278,,,,,,
b13f935270b7,Litho_FE_92,,DOWN_BM,26820.0,,Lot_Product_3_278,,21,9,0,1,3
b13f935270b7,LithoMet_FE_19,LithoTrack_FE_115#12,RUN,26820.0,,Lot_Product_3_279,,,,,,
b13f935270b7,LithoMet_FE_19,,DOWN_BM,26820.0,,Lot_Product_3_279,,5,13,0,0,2
b13f935270b7,DE_FE_86,DE_FE_86#109,RUN,26820.0,,Lot_Product_3_280,,,,,,
b13f935270b7,DE_FE_86,,DOWN_PM,26820.0,,Lot_Product_3_280,,112,35,0,3,0
b13f935270b7,Diffusion_FE_44,Diffusion_FE_44#6,RUN,26820.0,,Lot_Product_3_282,,,,,,
b13f935270b7,Diffusion_FE_44,,RUN,26820.0,,Lot_Product_3_282,,1,10,0,0,0
b13f935270b7,DE_FE_1,Litho_REG_FE_64#12,RUN,26820.0,,Lot_Product_3_284,,,,,,
b13f935270b7,DE_FE_1,,RUN,26820.0,,Lot_Product_3_284,,7,1,0,0,0
b13f935270b7,Litho_FE_92,LithoTrack_FE_115#23,RUN,26820.0,,Lot_Product_3_285,,,,,,
b13f935270b7,Litho_FE_92,,DOWN_BM,26820.0,,Lot_Product_3_285,,21,9,0,1,3
b13f935270b7,Diffusion_FE_44,Diffusion_FE_44#3,RUN,26820.0,,Lot_Product_3_291,,,,,,
b13f935270b7,Diffusion_FE_44,,RUN,26820.0,,Lot_Product_3_291,,1,10,0,0,0
b13f935270b7,Diffusion_FE_120,Delay_32#145,RUN,26820.0,,Lot_Product_3_30,,,,,,
b13f935270b7,Diffusion_FE_120,,RUN,26820.0,,Lot_Product_3_30,,7,4,0,0,0
b13f935270b7,DE_FE_1,LithoMet_FE_19#10,RUN,26820.0,,Lot_Product_3_300,,,,,,
b13f935270b7,DE_FE_1,,RUN,26820.0,,Lot_Product_3_300,,7,1,0,0,0
b13f935270b7,LithoMet_FE_19,LithoTrack_FE_115#10,RUN,26820.0,,Lot_Product_3_301,,,,,,
b13f935270b7,LithoMet_FE_19,,DOWN_BM,26820.0,,Lot_Product_3_301,,5,13,0,0,2
b13f935270b7,Diffusion_FE_127,TF_Met_FE_45#1,RUN,26820.0,,Lot_Product_3_305,,,,,,
b13f935270b7,Diffusion_FE_127,,RUN,26820.0,,Lot_Product_3_305,,7,2,0,0,0
b13f935270b7,Diffusion_FE_120,LithoMet_FE_19#18,RUN,26820.0,,Lot_Product_3_320,,,,,,
b13f935270b7,Diffusion_FE_120,,RUN,26820.0,,Lot_Product_3_320,,7,4,0,0,0
b13f935270b7,Diffusion_FE_120,TF_Met_FE_61#2,RUN,26820.0,,Lot_Product_3_33,,,,,,
b13f935270b7,Diffusion_FE_120,,RUN,26820.0,,Lot_Product_3_33,,7,4,0,0,0
b13f935270b7,LithoTrack_FE_115,DE_FE_86#112,RUN,26820.0,,Lot_Product_3_38,,,,,,
b13f935270b7,LithoTrack_FE_115,,DOWN_BM,26820.0,,Lot_Product_3_38,,37,11,0,4,2
b13f935270b7,Diffusion_FE_127,Diffusion_FE_127#5,RUN,26820.0,,Lot_Product_3_385,,,,,,
b13f935270b7,Diffusion_FE_127,,RUN,26820.0,,Lot_Product_3_385,,7,2,0,0,0
b13f935270b7,DefMet_FE_34,DE_FE_86#10,RUN,26820.0,,Lot_Product_3_400,,,,,,
b13f935270b7,DefMet_FE_34,,RUN,26820.0,,Lot_Product_3_400,,1,1,0,0,0
b13f935270b7,Diffusion_FE_120,Delay_32#104,RUN,26820.0,,Lot_Product_3_42,,,,,,
b13f935270b7,Diffusion_FE_120,,RUN,26820.0,,Lot_Product_3_42,,7,4,0,0,0
b13f935270b7,Diffusion_FE_120,DE_FE_86#104,RUN,26820.0,,Lot_Product_3_440,,,,,,
b13f935270b7,Diffusion_FE_120,,RUN,26820.0,,Lot_Product_3_440,,7,4,0,0,0
b13f935270b7,Diffusion_FE_120,WE_FE_108#10,RUN,26820.0,,Lot_Product_3_45,,,,,,
b13f935270b7,Diffusion_FE_120,,RUN,26820.0,,Lot_Product_3_45,,7,4,0,0,0
b13f935270b7,Diffusion_FE_120,Diffusion_FE_120#4,RUN,26820.0,,Lot_Product_3_491,,,,,,
b13f935270b7,Diffusion_FE_120,,RUN,26820.0,,Lot_Product_3_491,,7,4,0,0,0
b13f935270b7,Diffusion_FE_101,Diffusion_FE_101#2,RUN,26820.0,,Lot_Product_3_50,,,,,,
b13f935270b7,Diffusion_FE_101,,RUN,26820.0,,Lot_Product_3_50,,5,3,0,0,0
b13f935270b7,Diffusion_FE_101,Diffusion_FE_101#3,RUN,26820.0,,Lot_Product_3_55,,,,,,
b13f935270b7,Diffusion_FE_101,,RUN,26820.0,,Lot_Product_3_55,,5,3,0,0,0
b13f935270b7,Diffusion_FE_120,Delay_32#10,RUN,26820.0,,Lot_Product_3_56,,,,,,
b13f935270b7,Diffusion_FE_120,,RUN,26820.0,,Lot_Product_3_56,,7,4,0,0,0
b13f935270b7,Diffusion_FE_120,Delay_32#120,RUN,26820.0,,Lot_Product_3_60,,,,,,
b13f935270b7,Diffusion_FE_120,,RUN,26820.0,,Lot_Product_3_60,,7,4,0,0,0
b13f935270b7,Diffusion_FE_101,Diffusion_FE_101#1,RUN,26820.0,,Lot_Product_3_73,,,,,,
b13f935270b7,Diffusion_FE_101,,RUN,26820.0,,Lot_Product_3_73,,5,3,0,0,0
b13f935270b7,Diffusion_FE_120,Delay_32#110,RUN,26820.0,,Lot_Product_3_78,,,,,,
b13f935270b7,Diffusion_FE_120,,RUN,26820.0,,Lot_Product_3_78,,7,4,0,0,0
b13f935270b7,Diffusion_FE_120,Delay_32#134,RUN,26820.0,,Lot_Product_3_79,,,,,,
b13f935270b7,Diffusion_FE_120,,RUN,26820.0,,Lot_Product_3_79,,7,4,0,0,0
b13f935270b7,DE_FE_86,Litho_FE_35#1,RUN,26820.0,,Lot_Product_3_83,,,,,,
b13f935270b7,DE_FE_86,,DOWN_PM,26820.0,,Lot_Product_3_83,,112,35,0,3,0
b13f935270b7,Litho_FE_111,LithoTrack_FE_115#13,RUN,26820.0,,Lot_Product_3_86,,,,,,
b13f935270b7,Litho_FE_111,,DOWN_BM,26820.0,,Lot_Product_3_86,,15,4,0,1,3
b13f935270b7,DE_FE_53,Delay_32#126,RUN,26820.0,,Lot_Product_3_88,,,,,,
b13f935270b7,DE_FE_53,,RUN,26820.0,,Lot_Product_3_88,,1,4,0,0,0
b13f935270b7,DE_FE_51,DE_FE_51#12,RUN,26820.0,,Lot_Product_3_90,,,,,,
b13f935270b7,DE_FE_51,,RUN,26820.0,,Lot_Product_3_90,,16,6,0,0,0
b13f935270b7,LithoTrack_FE_115,DE_FE_86#116,RUN,26820.0,,Lot_Product_3_91,,,,,,
b13f935270b7,LithoTrack_FE_115,,DOWN_BM,26820.0,,Lot_Product_3_91,,37,11,0,4,2
b13f935270b7,DE_FE_53,DE_FE_53#3,RUN,26820.0,,Lot_Product_3_92,,,,,,
b13f935270b7,DE_FE_53,,RUN,26820.0,,Lot_Product_3_92,,1,4,0,0,0
b13f935270b7,LithoTrack_FE_115,DE_FE_86#12,RUN,26820.0,,Lot_Product_3_96,,,,,,
b13f935270b7,LithoTrack_FE_115,,DOWN_BM,26820.0,,Lot_Product_3_96,,37,11,0,4,2
b13f935270b7,DE_BE_13,DE_BE_65#1,RUN,26820.0,,Lot_Product_4_1,,,,,,
b13f935270b7,DE_BE_13,,RUN,26820.0,,Lot_Product_4_1,,18,5,0,0,0
b13f935270b7,Dielectric_BE_27,TF_BE_40#14,RUN,26820.0,,Lot_Product_4_10,,,,,,
b13f935270b7,Dielectric_BE_27,,RUN,26820.0,,Lot_Product_4_10,,14,3,0,0,0
b13f935270b7,Diffusion_FE_127,Planar_FE_77#1,RUN,26820.0,,Lot_Product_4_103,,,,,,
b13f935270b7,Diffusion_FE_127,,RUN,26820.0,,Lot_Product_4_103,,7,2,0,0,0
b13f935270b7,Diffusion_FE_120,DE_FE_59#17,RUN,26820.0,,Lot_Product_4_105,,,,,,
b13f935270b7,Diffusion_FE_120,,RUN,26820.0,,Lot_Product_4_105,,7,4,0,0,0
b13f935270b7,Litho_REG_FE_64,WE_FE_84#17,RUN,26820.0,,Lot_Product_4_109,,,,,,
b13f935270b7,Litho_REG_FE_64,,RUN,26820.0,,Lot_Product_4_109,,5,10,0,0,0
b13f935270b7,Diffusion_FE_120,Dielectric_BE_28#1,RUN,26820.0,,Lot_Product_4_11,,,,,,
b13f935270b7,Diffusion_FE_120,,RUN,26820.0,,Lot_Product_4_11,,7,4,0,0,0
b13f935270b7,DE_FE_86,Litho_FE_111#12,RUN,26820.0,,Lot_Product_4_111,,,,,,
b13f935270b7,DE_FE_86,,DOWN_PM,26820.0,,Lot_Product_4_111,,112,35,0,3,0
b13f935270b7,Litho_FE_111,DE_FE_86#119,RUN,26820.0,,Lot_Product_4_112,,,,,,
b13f935270b7,Litho_FE_111,,DOWN_BM,26820.0,,Lot_Product_4_112,,15,4,0,1,3
b13f935270b7,Diffusion_FE_122,Diffusion_FE_122#1,RUN,26820.0,,Lot_Product_4_114,,,,,,
b13f935270b7,Diffusion_FE_122,,RUN,26820.0,,Lot_Product_4_114,,3,2,0,0,0
b13f935270b7,DE_FE_71,LithoMet_FE_19#6,RUN,26820.0,,Lot_Product_4_115,,,,,,
b13f935270b7,DE_FE_71,,DOWN_PM,26820.0,,Lot_Product_4_115,,18,11,0,2,0
b13f935270b7,DE_FE_86,Implant_132#8,RUN,26820.0,,Lot_Product_4_116,,,,,,
b13f935270b7,DE_FE_86,,DOWN_PM,26820.0,,Lot_Product_4_116,,112,35,0,3,0
b13f935270b7,Diffusion_FE_120,DE_FE_59#16,RUN,26820.0,,Lot_Product_4_117,,,,,,
b13f935270b7,Diffusion_FE_120,,RUN,26820.0,,Lot_Product_4_117,,7,4,0,0,0
b13f935270b7,DE_FE_71,LithoMet_FE_19#13,RUN,26820.0,,Lot_Product_4_119,,,,,,
b13f935270b7,DE_FE_71,,DOWN_PM,26820.0,,Lot_Product_4_119,,18,11,0,2,0
b13f935270b7,TF_BE_40,TF_BE_23#11,RUN,26820.0,,Lot_Product_4_12,,,,,,
b13f935270b7,TF_BE_40,,RUN,26820.0,,Lot_Product_4_12,,23,3,0,0,0
b13f935270b7,LithoTrack_FE_115,WE_FE_108#22,RUN,26820.0,,Lot_Product_4_122,,,,,,
b13f935270b7,LithoTrack_FE_115,,DOWN_BM,26820.0,,Lot_Product_4_122,,37,11,0,4,2
b13f935270b7,DefMet_FE_43,WE_FE_108#1,RUN,26820.0,,Lot_Product_4_123,,,,,,
b13f935270b7,DefMet_FE_43,,RUN,26820.0,,Lot_Product_4_123,,4,2,0,0,0
b13f935270b7,WE_FE_108,DE_FE_86#117,RUN,26820.0,,Lot_Product_4_125,,,,,,
b13f935270b7,WE_FE_108,,DOWN_PM,26820.0,,Lot_Product_4_125,,23,12,0,1,0
b13f935270b7,Litho_FE_92,LithoTrack_FE_115#24,RUN,26820.0,,Lot_Product_4_126,,,,,,
b13f935270b7,Litho_FE_92,,DOWN_BM,26820.0,,Lot_Product_4_126,,21,9,0,1,3
b13f935270b7,Dielectric_BE_28,Planar_BE_75#12,RUN,26820.0,,Lot_Product_4_13,,,,,,
b13f935270b7,Dielectric_BE_28,,RUN,26820.0,,Lot_Product_4_13,,4,1,0,0,0
b13f935270b7,Diffusion_FE_120,Planar_FE_77#3,RUN,26820.0,,Lot_Product_4_132,,,,,,
b13f935270b7,Diffusion_FE_120,,RUN,26820.0,,Lot_Product_4_132,,7,4,0,0,0
b13f935270b7,Diffusion_FE_120,Delay_32#122,RUN,26820.0,,Lot_Product_4_135,,,,,,
b13f935270b7,Diffusion_FE_120,,RUN,26820.0,,Lot_Product_4_135,,7,4,0,0,0
b13f935270b7,DE_FE_86,Litho_REG_FE_64#15,RUN,26820.0,,Lot_Product_4_136,,,,,,
b13f935270b7,DE_FE_86,,DOWN_PM,26820.0,,Lot_Product_4_136,,112,35,0,3,0
b13f935270b7,Diffusion_FE_120,DefMet_FE_43#1,RUN,26820.0,,Lot_Product_4_137,,,,,,
b13f935270b7,Diffusion_FE_120,,RUN,26820.0,,Lot_Product_4_137,,7,4,0,0,0
b13f935270b7,DE_FE_59,DE_FE_59#10,RUN,26820.0,,Lot_Product_4_138,,,,,,
b13f935270b7,DE_FE_59,,RUN,26820.0,,Lot_Product_4_138,,3,14,0,0,0
b13f935270b7,WE_FE_108,DE_FE_86#11,RUN,26820.0,,Lot_Product_4_139,,,,,,
b13f935270b7,WE_FE_108,,DOWN_PM,26820.0,,Lot_Product_4_139,,23,12,0,1,0
b13f935270b7,DE_BE_65,LithoMet_BE_18#11,RUN,26820.0,,Lot_Product_4_14,,,,,,
b13f935270b7,DE_BE_65,,RUN,26820.0,,Lot_Product_4_14,,16,2,0,0,0
b13f935270b7,LithoTrack_FE_115,WE_FE_108#25,RUN,26820.0,,Lot_Product_4_140,,,,,,
b13f935270b7,LithoTrack_FE_115,,DOWN_BM,26820.0,,Lot_Product_4_140,,37,11,0,4,2
b13f935270b7,LithoTrack_FE_115,WE_FE_84#16,RUN,26820.0,,Lot_Product_4_141,,,,,,
b13f935270b7,LithoTrack_FE_115,,DOWN_BM,26820.0,,Lot_Product_4_141,,37,11,0,4,2
b13f935270b7,LithoMet_FE_19,LithoTrack_FE_115#18,RUN,26820.0,,Lot_Product_4_142,,,,,,
b13f935270b7,LithoMet_FE_19,,DOWN_BM,26820.0,,Lot_Product_4_142,,5,13,0,0,2
b13f935270b7,DE_FE_71,DE_FE_71#18,RUN,26820.0,,Lot_Product_4_143,,,,,,
b13f935270b7,DE_FE_71,,DOWN_PM,26820.0,,Lot_Product_4_143,,18,11,0,2,0
b13f935270b7,DE_FE_71,Litho_REG_FE_64#13,RUN,26820.0,,Lot_Product_4_145,,,,,,
b13f935270b7,DE_FE_71,,DOWN_PM,26820.0,,Lot_Product_4_145,,18,11,0,2,0
b13f935270b7,WE_FE_84,DE_FE_86#106,RUN,26820.0,,Lot_Product_4_146,,,,,,
b13f935270b7,WE_FE_84,,RUN,26820.0,,Lot_Product_4_146,,7,12,0,0,0
b13f935270b7,WE_BE_9,DE_BE_66#10,RUN,26820.0,,Lot_Product_4_15,,,,,,
b13f935270b7,WE_BE_9,,RUN,26820.0,,Lot_Product_4_15,,6,1,0,0,0
b13f935270b7,DE_FE_71,DE_FE_71#10,RUN,26820.0,,Lot_Product_4_150,,,,,,
b13f935270b7,DE_FE_71,,DOWN_PM,26820.0,,Lot_Product_4_150,,18,11,0,2,0
b13f935270b7,DE_FE_71,DE_FE_71#2,RUN,26820.0,,Lot_Product_4_154,,,,,,
b13f935270b7,DE_FE_71,,DOWN_PM,26820.0,,Lot_Product_4_154,,18,11,0,2,0
b13f935270b7,Diffusion_FE_120,Delay_32#143,RUN,26820.0,,Lot_Product_4_156,,,,,,
b13f935270b7,Diffusion_FE_120,,RUN,26820.0,,Lot_Product_4_156,,7,4,0,0,0
b13f935270b7,Implant_132,Litho_FE_98#6,RUN,26820.0,,Lot_Product_4_157,,,,,,
b13f935270b7,Implant_132,,DOWN_BM,26820.0,,Lot_Product_4_157,,2,5,0,0,1
b13f935270b7,LithoTrack_FE_95,Dielectric_BE_21#2,RUN,26820.0,,Lot_Product_4_16,,,,,,
b13f935270b7,LithoTrack_FE_95,,DOWN_BM,26820.0,,Lot_Product_4_16,,43,5,0,3,2
b13f935270b7,DE_FE_59,DE_FE_71#15,RUN,26820.0,,Lot_Product_4_161,,,,,,
b13f935270b7,DE_FE_59,,RUN,26820.0,,Lot_Product_4_161,,3,14,0,0,0
b13f935270b7,DE_FE_86,Litho_FE_98#2,RUN,26820.0,,Lot_Product_4_165,,,,,,
b13f935270b7,DE_FE_86,,DOWN_PM,26820.0,,Lot_Product_4_165,,112,35,0,3,0
b13f935270b7,Litho_FE_98,DE_FE_86#113,RUN,26820.0,,Lot_Product_4_166,,,,,,
b13f935270b7,Litho_FE_98,,DOWN_PM,26820.0,,Lot_Product_4_166,,1,4,0,1,0
b13f935270b7,Implant_132,Litho_FE_111#13,RUN,26820.0,,Lot_Product_4_171,,,,,,
b13f935270b7,Implant_132,,DOWN_BM,26820.0,,Lot_Product_4_171,,2,5,0,0,1
b13f935270b7,Diffusion_FE_120,Planar_FE_77#2,RUN,26820.0,,Lot_Product_4_172,,,,,,
b13f935270b7,Diffusion_FE_120,,RUN,26820.0,,Lot_Product_4_172,,7,4,0,0,0
b13f935270b7,LithoMet_FE_19,DE_FE_86#122,RUN,26820.0,,Lot_Product_4_174,,,,,,
b13f935270b7,LithoMet_FE_19,,DOWN_BM,26820.0,,Lot_Product_4_174,,5,13,0,0,2
b13f935270b7,DE_FE_86,Litho_REG_FE_64#1,RUN,26820.0,,Lot_Product_4_175,,,,,,
b13f935270b7,DE_FE_86,,DOWN_PM,26820.0,,Lot_Product_4_175,,112,35,0,3,0
b13f935270b7,Diffusion_FE_127,WE_FE_47#2,RUN,26820.0,,Lot_Product_4_176,,,,,,
b13f935270b7,Diffusion_FE_127,,RUN,26820.0,,Lot_Product_4_176,,7,2,0,0,0
b13f935270b7,Diffusion_FE_120,DE_FE_59#5,RUN,26820.0,,Lot_Product_4_177,,,,,,
b13f935270b7,Diffusion_FE_120,,RUN,26820.0,,Lot_Product_4_177,,7,4,0,0,0
b13f935270b7,WE_FE_84,DE_FE_86#100,RUN,26820.0,,Lot_Product_4_178,,,,,,
b13f935270b7,WE_FE_84,,RUN,26820.0,,Lot_Product_4_178,,7,12,0,0,0
b13f935270b7,LithoMet_FE_19,DE_FE_86#108,RUN,26820.0,,Lot_Product_4_179,,,,,,
b13f935270b7,LithoMet_FE_19,,DOWN_BM,26820.0,,Lot_Product_4_179,,5,13,0,0,2
b13f935270b7,DE_BE_13,DE_BE_65#10,RUN,26820.0,,Lot_Product_4_18,,,,,,
b13f935270b7,DE_BE_13,,RUN,26820.0,,Lot_Product_4_18,,18,5,0,0,0
b13f935270b7,WE_FE_84,DE_FE_86#126,RUN,26820.0,,Lot_Product_4_180,,,,,,
b13f935270b7,WE_FE_84,,RUN,26820.0,,Lot_Product_4_180,,7,12,0,0,0
b13f935270b7,Diffusion_FE_120,Delay_32#124,RUN,26820.0,,Lot_Product_4_181,,,,,,
b13f935270b7,Diffusion_FE_120,,RUN,26820.0,,Lot_Product_4_181,,7,4,0,0,0
b13f935270b7,Diffusion_FE_120,Delay_32#102,RUN,26820.0,,Lot_Product_4_182,,,,,,
b13f935270b7,Diffusion_FE_120,,RUN,26820.0,,Lot_Product_4_182,,7,4,0,0,0
b13f935270b7,WE_FE_108,DE_FE_86#128,RUN,26820.0,,Lot_Product_4_183,,,,,,
b13f935270b7,WE_FE_108,,DOWN_PM,26820.0,,Lot_Product_4_183,,23,12,0,1,0
b13f935270b7,WE_FE_108,DE_FE_86#127,RUN,26820.0,,Lot_Product_4_184,,,,,,
b13f935270b7,WE_FE_108,,DOWN_PM,26820.0,,Lot_Product_4_184,,23,12,0,1,0
b13f935270b7,DE_FE_86,Implant_132#4,RUN,26820.0,,Lot_Product_4_185,,,,,,
b13f935270b7,DE_FE_86,,DOWN_PM,26820.0,,Lot_Product_4_185,,112,35,0,3,0
b13f935270b7,Litho_REG_FE_64,Litho_FE_111#1,RUN,26820.0,,Lot_Product_4_186,,,,,,
b13f935270b7,Litho_REG_FE_64,,RUN,26820.0,,Lot_Product_4_186,,5,10,0,0,0
b13f935270b7,DE_FE_86,Litho_REG_FE_64#4,RUN,26820.0,,Lot_Product_4_187,,,,,,
b13f935270b7,DE_FE_86,,DOWN_PM,26820.0,,Lot_Product_4_187,,112,35,0,3,0
b13f935270b7,DE_FE_86,DE_FE_86#131,RUN,26820.0,,Lot_Product_4_188,,,,,,
b13f935270b7,DE_FE_86,,DOWN_PM,26820.0,,Lot_Product_4_188,,112,35,0,3,0
b13f935270b7,DE_FE_86,DE_FE_86#124,RUN,26820.0,,Lot_Product_4_189,,,,,,
b13f935270b7,DE_FE_86,,DOWN_PM,26820.0,,Lot_Product_4_189,,112,35,0,3,0
b13f935270b7,DE_FE_72,Litho_FE_92#15,RUN,26820.0,,Lot_Product_4_19,,,,,,
b13f935270b7,DE_FE_72,,IDLE,26820.0,,Lot_Product_4_19,,11,0,0,0,0
b13f935270b7,DE_FE_86,Litho_REG_FE_64#10,RUN,26820.0,,Lot_Product_4_190,,,,,,
b13f935270b7,DE_FE_86,,DOWN_PM,26820.0,,Lot_Product_4_190,,112,35,0,3,0
b13f935270b7,Implant_132,Litho_FE_98#4,RUN,26820.0,,Lot_Product_4_191,,,,,,
b13f935270b7,Implant_132,,DOWN_BM,26820.0,,Lot_Product_4_191,,2,5,0,0,1
b13f935270b7,DE_FE_86,Litho_FE_98#3,RUN,26820.0,,Lot_Product_4_192,,,,,,
b13f935270b7,DE_FE_86,,DOWN_PM,26820.0,,Lot_Product_4_192,,112,35,0,3,0
b13f935270b7,DE_FE_59,DE_FE_71#14,RUN,26820.0,,Lot_Product_4_193,,,,,,
b13f935270b7,DE_FE_59,,RUN,26820.0,,Lot_Product_4_193,,3,14,0,0,0
b13f935270b7,WE_FE_83,Delay_32#129,RUN,26820.0,,Lot_Product_4_194,,,,,,
b13f935270b7,WE_FE_83,,RUN,26820.0,,Lot_Product_4_194,,5,2,0,0,0
b13f935270b7,DE_FE_59,DE_FE_71#12,RUN,26820.0,,Lot_Product_4_195,,,,,,
b13f935270b7,DE_FE_59,,RUN,26820.0,,Lot_Product_4_195,,3,14,0,0,0
b13f935270b7,DefMet_FE_43,DE_FE_59#4,RUN,26820.0,,Lot_Product_4_196,,,,,,
b13f935270b7,DefMet_FE_43,,RUN,26820.0,,Lot_Product_4_196,,4,2,0,0,0
b13f935270b7,Diffusion_FE_120,DE_FE_59#7,RUN,26820.0,,Lot_Product_4_197,,,,,,
b13f935270b7,Diffusion_FE_120,,RUN,26820.0,,Lot_Product_4_197,,7,4,0,0,0
b13f935270b7,Litho_FE_98,DE_FE_86#111,RUN,26820.0,,Lot_Product_4_198,,,,,,
b13f935270b7,Litho_FE_98,,DOWN_PM,26820.0,,Lot_Product_4_198,,1,4,0,1,0
b13f935270b7,Diffusion_FE_127,DE_FE_59#3,RUN,26820.0,,Lot_Product_4_199,,,,,,
b13f935270b7,Diffusion_FE_127,,RUN,26820.0,,Lot_Product_4_199,,7,2,0,0,0
b13f935270b7,Diffusion_FE_44,Diffusion_FE_44#8,RUN,26820.0,,Lot_Product_4_2,,,,,,
b13f935270b7,Diffusion_FE_44,,RUN,26820.0,,Lot_Product_4_2,,1,10,0,0,0
b13f935270b7,Planar_BE_75,TF_BE_23#10,RUN,26820.0,,Lot_Product_4_20,,,,,,
b13f935270b7,Planar_BE_75,,DOWN_BM,26820.0,,Lot_Product_4_20,,18,3,0,0,1
b13f935270b7,Diffusion_FE_44,Diffusion_FE_44#5,RUN,26820.0,,Lot_Product_4_200,,,,,,
b13f935270b7,Diffusion_FE_44,,RUN,26820.0,,Lot_Product_4_200,,1,10,0,0,0
b13f935270b7,Dielectric_FE_112,WE_FE_8#1,RUN,26820.0,,Lot_Product_4_201,,,,,,
b13f935270b7,Dielectric_FE_112,,DOWN_BM,26820.0,,Lot_Product_4_201,,11,0,0,0,1
b13f935270b7,WE_FE_8,Delay_32#130,RUN,26820.0,,Lot_Product_4_202,,,,,,
b13f935270b7,WE_FE_8,,RUN,26820.0,,Lot_Product_4_202,,1,1,0,0,0
b13f935270b7,Diffusion_FE_120,DE_FE_59#6,RUN,26820.0,,Lot_Product_4_203,,,,,,
b13f935270b7,Diffusion_FE_120,,RUN,26820.0,,Lot_Product_4_203,,7,4,0,0,0
b13f935270b7,WE_FE_41,DE_FE_71#17,RUN,26820.0,,Lot_Product_4_204,,,,,,
b13f935270b7,WE_FE_41,,IDLE,26820.0,,Lot_Product_4_204,,5,0,0,0,0
b13f935270b7,Diffusion_FE_120,LithoMet_FE_19#16,RUN,26820.0,,Lot_Product_4_206,,,,,,
b13f935270b7,Diffusion_FE_120,,RUN,26820.0,,Lot_Product_4_206,,7,4,0,0,0
b13f935270b7,WE_BE_16,Delay_32#112,RUN,26820.0,,Lot_Product_4_21,,,,,,
b13f935270b7,WE_BE_16,,IDLE,26820.0,,Lot_Product_4_21,,9,0,0,0,0
b13f935270b7,Diffusion_FE_120,DE_FE_59#1,RUN,26820.0,,Lot_Product_4_210,,,,,,
b13f935270b7,Diffusion_FE_120,,RUN,26820.0,,Lot_Product_4_210,,7,4,0,0,0
b13f935270b7,Diffusion_FE_120,LithoMet_FE_19#20,RUN,26820.0,,Lot_Product_4_212,,,,,,
b13f935270b7,Diffusion_FE_120,,RUN,26820.0,,Lot_Product_4_212,,7,4,0,0,0
b13f935270b7,Diffusion_FE_120,DE_FE_59#15,RUN,26820.0,,Lot_Product_4_214,,,,,,
b13f935270b7,Diffusion_FE_120,,RUN,26820.0,,Lot_Product_4_214,,7,4,0,0,0
b13f935270b7,LithoTrack_FE_115,WE_FE_83#1,RUN,26820.0,,Lot_Product_4_216,,,,,,
b13f935270b7,LithoTrack_FE_115,,DOWN_BM,26820.0,,Lot_Product_4_216,,37,11,0,4,2
b13f935270b7,TF_BE_40,LithoMet_BE_18#12,RUN,26820.0,,Lot_Product_4_22,,,,,,
b13f935270b7,TF_BE_40,,RUN,26820.0,,Lot_Product_4_22,,23,3,0,0,0
b13f935270b7,LithoTrack_FE_115,WE_FE_108#23,RUN,26820.0,,Lot_Product_4_222,,,,,,
b13f935270b7,LithoTrack_FE_115,,DOWN_BM,26820.0,,Lot_Product_4_222,,37,11,0,4,2
b13f935270b7,Diffusion_FE_120,WE_FE_108#12,RUN,26820.0,,Lot_Product_4_226,,,,,,
b13f935270b7,Diffusion_FE_120,,RUN,26820.0,,Lot_Product_4_226,,7,4,0,0,0
b13f935270b7,DE_BE_66,LithoMet_BE_18#10,RUN,26820.0,,Lot_Product_4_24,,,,,,
b13f935270b7,DE_BE_66,,RUN,26820.0,,Lot_Product_4_24,,20,2,0,0,0
b13f935270b7,Diffusion_FE_94,Delay_32#133,RUN,26820.0,,Lot_Product_4_240,,,,,,
b13f935270b7,Diffusion_FE_94,,IDLE,26820.0,,Lot_Product_4_240,,11,0,0,0,0
b13f935270b7,LithoTrack_FE_95,DE_BE_66#1,RUN,26820.0,,Lot_Product_4_27,,,,,,
b13f935270b7,LithoTrack_FE_95,,DOWN_BM,26820.0,,Lot_Product_4_27,,43,5,0,3,2
b13f935270b7,TF_BE_40,LithoMet_BE_18#13,RUN,26820.0,,Lot_Product_4_28,,,,,,
b13f935270b7,TF_BE_40,,RUN,26820.0,,Lot_Product_4_28,,23,3,0,0,0
b13f935270b7,DefMet_FE_10,DE_FE_59#11,RUN,26820.0,,Lot_Product_4_280,,,,,,
b13f935270b7,DefMet_FE_10,,IDLE,26820.0,,Lot_Product_4_280,,3,0,0,0,0
b13f935270b7,DE_BE_13,WE_BE_9#2,RUN,26820.0,,Lot_Product_4_29,,,,,,
b13f935270b7,DE_BE_13,,RUN,26820.0,,Lot_Product_4_29,,18,5,0,0,0
b13f935270b7,Diffusion_FE_120,DefMEt_FE_118#2,RUN,26820.0,,Lot_Product_4_295,,,,,,
b13f935270b7,Diffusion_FE_120,,RUN,26820.0,,Lot_Product_4_295,,7,4,0,0,0
b13f935270b7,WE_BE_9,Litho_REG_BE_63#2,RUN,26820.0,,Lot_Product_4_3,,,,,,
b13f935270b7,WE_BE_9,,RUN,26820.0,,Lot_Product_4_3,,6,1,0,0,0
b13f935270b7,DefMet_BE_33,Dielectric_BE_27#10,RUN,26820.0,,Lot_Product_4_30,,,,,,
b13f935270b7,DefMet_BE_33,,IDLE,26820.0,,Lot_Product_4_30,,2,0,0,0,0
b13f935270b7,LithoTrack_FE_95,Dielectric_BE_27#12,RUN,26820.0,,Lot_Product_4_31,,,,,,
b13f935270b7,LithoTrack_FE_95,,DOWN_BM,26820.0,,Lot_Product_4_31,,43,5,0,3,2
b13f935270b7,Dielectric_BE_27,TF_BE_40#10,RUN,26820.0,,Lot_Product_4_32,,,,,,
b13f935270b7,Dielectric_BE_27,,RUN,26820.0,,Lot_Product_4_32,,14,3,0,0,0
b13f935270b7,TF_BE_40,TF_BE_23#13,RUN,26820.0,,Lot_Product_4_33,,,,,,
b13f935270b7,TF_BE_40,,RUN,26820.0,,Lot_Product_4_33,,23,3,0,0,0
b13f935270b7,LithoMet_BE_18,DE_BE_11#10,RUN,26820.0,,Lot_Product_4_34,,,,,,
b13f935270b7,LithoMet_BE_18,,DOWN_BM,26820.0,,Lot_Product_4_34,,8,5,0,0,2
b13f935270b7,WE_BE_82,LithoTrack_FE_95#1,RUN,26820.0,,Lot_Product_4_35,,,,,,
b13f935270b7,WE_BE_82,,RUN,26820.0,,Lot_Product_4_35,,9,1,0,0,0
b13f935270b7,Diffusion_FE_125,WE_FE_84#2,RUN,26820.0,,Lot_Product_4_355,,,,,,
b13f935270b7,Diffusion_FE_125,,RUN,26820.0,,Lot_Product_4_355,,1,3,0,0,0
b13f935270b7,Dielectric_BE_21,Planar_BE_75#1,RUN,26820.0,,Lot_Product_4_36,,,,,,
b13f935270b7,Dielectric_BE_21,,RUN,26820.0,,Lot_Product_4_36,,7,2,0,0,0
b13f935270b7,Diffusion_FE_120,WE_FE_84#19,RUN,26820.0,,Lot_Product_4_361,,,,,,
b13f935270b7,Diffusion_FE_120,,RUN,26820.0,,Lot_Product_4_361,,7,4,0,0,0
b13f935270b7,WE_BE_16,DE_BE_13#11,RUN,26820.0,,Lot_Product_4_37,,,,,,
b13f935270b7,WE_BE_16,,IDLE,26820.0,,Lot_Product_4_37,,9,0,0,0,0
b13f935270b7,Diffusion_FE_125,Diffusion_FE_125#2,RUN,26820.0,,Lot_Product_4_371,,,,,,
b13f935270b7,Diffusion_FE_125,,RUN,26820.0,,Lot_Product_4_371,,1,3,0,0,0
b13f935270b7,DE_BE_66,Litho_REG_BE_63#3,RUN,26820.0,,Lot_Product_4_38,,,,,,
b13f935270b7,DE_BE_66,,RUN,26820.0,,Lot_Product_4_38,,20,2,0,0,0
b13f935270b7,Diffusion_FE_120,WE_FE_84#11,RUN,26820.0,,Lot_Product_4_385,,,,,,
b13f935270b7,Diffusion_FE_120,,RUN,26820.0,,Lot_Product_4_385,,7,4,0,0,0
b13f935270b7,Diffusion_FE_125,Diffusion_FE_125#1,RUN,26820.0,,Lot_Product_4_386,,,,,,
b13f935270b7,Diffusion_FE_125,,RUN,26820.0,,Lot_Product_4_386,,1,3,0,0,0
b13f935270b7,Diffusion_FE_125,Diffusion_FE_125#3,RUN,26820.0,,Lot_Product_4_396,,,,,,
b13f935270b7,Diffusion_FE_125,,RUN,26820.0,,Lot_Product_4_396,,1,3,0,0,0
b13f935270b7,WE_BE_82,Dielectric_BE_27#1,RUN,26820.0,,Lot_Product_4_4,,,,,,
b13f935270b7,WE_BE_82,,RUN,26820.0,,Lot_Product_4_4,,9,1,0,0,0
b13f935270b7,TF_BE_23,DE_BE_13#1,RUN,26820.0,,Lot_Product_4_40,,,,,,
b13f935270b7,TF_BE_23,,DOWN_BM,26820.0,,Lot_Product_4_40,,16,4,0,0,1
b13f935270b7,LithoTrack_FE_95,LithoTrack_BE_117#2,RUN,26820.0,,Lot_Product_4_41,,,,,,
b13f935270b7,LithoTrack_FE_95,,DOWN_BM,26820.0,,Lot_Product_4_41,,43,5,0,3,2
b13f935270b7,Dielectric_BE_27,TF_BE_40#13,RUN,26820.0,,Lot_Product_4_42,,,,,,
b13f935270b7,Dielectric_BE_27,,RUN,26820.0,,Lot_Product_4_42,,14,3,0,0,0
b13f935270b7,DE_FE_86,DE_FE_86#13,RUN,26820.0,,Lot_Product_4_43,,,,,,
b13f935270b7,DE_FE_86,,DOWN_PM,26820.0,,Lot_Product_4_43,,112,35,0,3,0
b13f935270b7,DE_FE_71,Litho_REG_FE_64#14,RUN,26820.0,,Lot_Product_4_44,,,,,,
b13f935270b7,DE_FE_71,,DOWN_PM,26820.0,,Lot_Product_4_44,,18,11,0,2,0
b13f935270b7,WE_FE_108,DE_FE_86#125,RUN,26820.0,,Lot_Product_4_440,,,,,,
b13f935270b7,WE_FE_108,,DOWN_PM,26820.0,,Lot_Product_4_440,,23,12,0,1,0
b13f935270b7,LithoTrack_BE_117,WE_BE_82#1,RUN,26820.0,,Lot_Product_4_45,,,,,,
b13f935270b7,LithoTrack_BE_117,,RUN,26820.0,,Lot_Product_4_45,,2,3,0,0,0
b13f935270b7,TF_BE_40,LithoMet_BE_18#1,RUN,26820.0,,Lot_Product_4_46,,,,,,
b13f935270b7,TF_BE_40,,RUN,26820.0,,Lot_Product_4_46,,23,3,0,0,0
b13f935270b7,DE_BE_11,WE_BE_14#1,RUN,26820.0,,Lot_Product_4_48,,,,,,
b13f935270b7,DE_BE_11,,RUN,26820.0,,Lot_Product_4_48,,9,2,0,0,0
b13f935270b7,LithoTrack_FE_115,DefMEt_FE_118#1,RUN,26820.0,,Lot_Product_4_480,,,,,,
b13f935270b7,LithoTrack_FE_115,,DOWN_BM,26820.0,,Lot_Product_4_480,,37,11,0,4,2
b13f935270b7,LithoTrack_BE_117,WE_BE_81#1,RUN,26820.0,,Lot_Product_4_49,,,,,,
b13f935270b7,LithoTrack_BE_117,,RUN,26820.0,,Lot_Product_4_49,,2,3,0,0,0
b13f935270b7,TF_BE_40,TF_BE_23#12,RUN,26820.0,,Lot_Product_4_5,,,,,,
b13f935270b7,TF_BE_40,,RUN,26820.0,,Lot_Product_4_5,,23,3,0,0,0
b13f935270b7,DE_BE_11,DE_BE_67#10,RUN,26820.0,,Lot_Product_4_51,,,,,,
b13f935270b7,DE_BE_11,,RUN,26820.0,,Lot_Product_4_51,,9,2,0,0,0
b13f935270b7,Litho_REG_BE_63,Litho_BE_110#10,RUN,26820.0,,Lot_Product_4_52,,,,,,
b13f935270b7,Litho_REG_BE_63,,RUN,26820.0,,Lot_Product_4_52,,7,2,0,0,0
b13f935270b7,Diffusion_FE_120,Diffusion_FE_120#10,RUN,26820.0,,Lot_Product_4_525,,,,,,
b13f935270b7,Diffusion_FE_120,,RUN,26820.0,,Lot_Product_4_525,,7,4,0,0,0
b13f935270b7,DE_BE_13,Litho_BE_110#1,RUN,26820.0,,Lot_Product_4_53,,,,,,
b13f935270b7,DE_BE_13,,RUN,26820.0,,Lot_Product_4_53,,18,5,0,0,0
b13f935270b7,Litho_FE_92,Diffusion_FE_44#4,RUN,26820.0,,Lot_Product_4_54,,,,,,
b13f935270b7,Litho_FE_92,,DOWN_BM,26820.0,,Lot_Product_4_54,,21,9,0,1,3
b13f935270b7,Diffusion_FE_44,Diffusion_FE_44#10,RUN,26820.0,,Lot_Product_4_55,,,,,,
b13f935270b7,Diffusion_FE_44,,RUN,26820.0,,Lot_Product_4_55,,1,10,0,0,0
b13f935270b7,DE_BE_66,Litho_BE_110#12,RUN,26820.0,,Lot_Product_4_56,,,,,,
b13f935270b7,DE_BE_66,,RUN,26820.0,,Lot_Product_4_56,,20,2,0,0,0
b13f935270b7,Litho_REG_FE_64,Litho_FE_92#17,RUN,26820.0,,Lot_Product_4_58,,,,,,
b13f935270b7,Litho_REG_FE_64,,RUN,26820.0,,Lot_Product_4_58,,5,10,0,0,0
b13f935270b7,Dielectric_BE_27,Planar_BE_75#10,RUN,26820.0,,Lot_Product_4_6,,,,,,
b13f935270b7,Dielectric_BE_27,,RUN,26820.0,,Lot_Product_4_6,,14,3,0,0,0
b13f935270b7,TF_BE_23,DE_BE_11#1,RUN,26820.0,,Lot_Product_4_60,,,,,,
b13f935270b7,TF_BE_23,,DOWN_BM,26820.0,,Lot_Product_4_60,,16,4,0,0,1
b13f935270b7,LithoTrack_FE_95,LithoTrack_BE_117#3,RUN,26820.0,,Lot_Product_4_61,,,,,,
b13f935270b7,LithoTrack_FE_95,,DOWN_BM,26820.0,,Lot_Product_4_61,,43,5,0,3,2
b13f935270b7,DE_FE_86,Implant_132#7,RUN,26820.0,,Lot_Product_4_63,,,,,,
b13f935270b7,DE_FE_86,,DOWN_PM,26820.0,,Lot_Product_4_63,,112,35,0,3,0
b13f935270b7,Diffusion_FE_44,Diffusion_FE_44#7,RUN,26820.0,,Lot_Product_4_66,,,,,,
b13f935270b7,Diffusion_FE_44,,RUN,26820.0,,Lot_Product_4_66,,1,10,0,0,0
b13f935270b7,WE_BE_16,DE_BE_13#13,RUN,26820.0,,Lot_Product_4_7,,,,,,
b13f935270b7,WE_BE_16,,IDLE,26820.0,,Lot_Product_4_7,,9,0,0,0,0
b13f935270b7,Litho_REG_FE_64,Litho_FE_92#11,RUN,26820.0,,Lot_Product_4_72,,,,,,
b13f935270b7,Litho_REG_FE_64,,RUN,26820.0,,Lot_Product_4_72,,5,10,0,0,0
b13f935270b7,Litho_BE_99,LithoTrack_BE_117#1,RUN,26820.0,,Lot_Product_4_74,,,,,,
b13f935270b7,Litho_BE_99,,DOWN_PM,26820.0,,Lot_Product_4_74,,2,0,0,1,0
b13f935270b7,DE_FE_72,Litho_FE_92#10,RUN,26820.0,,Lot_Product_4_76,,,,,,
b13f935270b7,DE_FE_72,,IDLE,26820.0,,Lot_Product_4_76,,11,0,0,0,0
b13f935270b7,Litho_BE_110,Dielectric_BE_21#1,RUN,26820.0,,Lot_Product_4_8,,,,,,
b13f935270b7,Litho_BE_110,,DOWN_BM,26820.0,,Lot_Product_4_8,,23,3,0,1,2
b13f935270b7,WE_FE_83,DE_FE_71#16,RUN,26820.0,,Lot_Product_4_80,,,,,,
b13f935270b7,WE_FE_83,,RUN,26820.0,,Lot_Product_4_80,,5,2,0,0,0
b13f935270b7,Litho_REG_FE_64,Litho_FE_92#16,RUN,26820.0,,Lot_Product_4_81,,,,,,
b13f935270b7,Litho_REG_FE_64,,RUN,26820.0,,Lot_Product_4_81,,5,10,0,0,0
b13f935270b7,Litho_REG_FE_64,Litho_FE_92#18,RUN,26820.0,,Lot_Product_4_82,,,,,,
b13f935270b7,Litho_REG_FE_64,,RUN,26820.0,,Lot_Product_4_82,,5,10,0,0,0
b13f935270b7,DE_FE_86,Litho_REG_FE_64#2,RUN,26820.0,,Lot_Product_4_83,,,,,,
b13f935270b7,DE_FE_86,,DOWN_PM,26820.0,,Lot_Product_4_83,,112,35,0,3,0
b13f935270b7,Diffusion_FE_127,Diffusion_FE_127#1,RUN,26820.0,,Lot_Product_4_84,,,,,,
b13f935270b7,Diffusion_FE_127,,RUN,26820.0,,Lot_Product_4_84,,7,2,0,0,0
b13f935270b7,DE_FE_71,LithoMet_FE_19#19,RUN,26820.0,,Lot_Product_4_86,,,,,,
b13f935270b7,DE_FE_71,,DOWN_PM,26820.0,,Lot_Product_4_86,,18,11,0,2,0
b13f935270b7,DE_FE_71,Litho_REG_FE_64#11,RUN,26820.0,,Lot_Product_4_87,,,,,,
b13f935270b7,DE_FE_71,,DOWN_PM,26820.0,,Lot_Product_4_87,,18,11,0,2,0
b13f935270b7,Diffusion_FE_122,Diffusion_FE_122#2,RUN,26820.0,,Lot_Product_4_88,,,,,,
b13f935270b7,Diffusion_FE_122,,RUN,26820.0,,Lot_Product_4_88,,3,2,0,0,0
b13f935270b7,DE_FE_72,Litho_FE_92#13,RUN,26820.0,,Lot_Product_4_89,,,,,,
b13f935270b7,DE_FE_72,,IDLE,26820.0,,Lot_Product_4_89,,11,0,0,0,0
b13f935270b7,LithoMet_BE_18,DE_BE_13#12,RUN,26820.0,,Lot_Product_4_9,,,,,,
b13f935270b7,LithoMet_BE_18,,DOWN_BM,26820.0,,Lot_Product_4_9,,8,5,0,0,2
b13f935270b7,Diffusion_FE_44,Diffusion_FE_44#11,RUN,26820.0,,Lot_Product_4_91,,,,,,
b13f935270b7,Diffusion_FE_44,,RUN,26820.0,,Lot_Product_4_91,,1,10,0,0,0
b13f935270b7,WE_BE_16,Delay_32#125,RUN,26820.0,,Regular_Lot_4,,,,,,
b13f935270b7,WE_BE_16,,IDLE,26820.0,,Regular_Lot_4,,9,0,0,0,0
b13f935270b7,DE_FE_71,DE_FE_71#13,DOWN_PM,26820.0,,,T0_SNAPSHOT,,,,,
b13f935270b7,DE_FE_71,,DOWN_PM,26820.0,,,T0_SNAPSHOT,18,11,0,2,0
b13f935270b7,DE_FE_71,DE_FE_71#20,DOWN_PM,26820.0,,,T0_SNAPSHOT,,,,,
b13f935270b7,DE_FE_71,,DOWN_PM,26820.0,,,T0_SNAPSHOT,18,11,0,2,0
b13f935270b7,DE_FE_86,DE_FE_86#118,DOWN_PM,26820.0,,,T0_SNAPSHOT,,,,,
b13f935270b7,DE_FE_86,,DOWN_PM,26820.0,,,T0_SNAPSHOT,112,35,0,3,0
b13f935270b7,DE_FE_86,DE_FE_86#132,DOWN_PM,26820.0,,,T0_SNAPSHOT,,,,,
b13f935270b7,DE_FE_86,,DOWN_PM,26820.0,,,T0_SNAPSHOT,112,35,0,3,0
b13f935270b7,DE_FE_86,DE_FE_86#133,DOWN_PM,26820.0,,,T0_SNAPSHOT,,,,,
b13f935270b7,DE_FE_86,,DOWN_PM,26820.0,,,T0_SNAPSHOT,112,35,0,3,0
b13f935270b7,Dielectric_FE_112,Dielectric_FE_112#9,DOWN_BM,26820.0,,,T0_SNAPSHOT,,,,,
b13f935270b7,Dielectric_FE_112,,DOWN_BM,26820.0,,,T0_SNAPSHOT,11,0,0,0,1
b13f935270b7,Dielectric_FE_130,Dielectric_FE_130#1,DOWN_BM,26820.0,,,T0_SNAPSHOT,,,,,
b13f935270b7,Dielectric_FE_130,,DOWN_BM,26820.0,,,T0_SNAPSHOT,4,0,0,0,1
b13f935270b7,Implant_128,Implant_128#11,DOWN_PM,26820.0,,,T0_SNAPSHOT,,,,,
b13f935270b7,Implant_128,,DOWN_PM,26820.0,,,T0_SNAPSHOT,7,3,0,1,0
b13f935270b7,Implant_132,Implant_132#6,DOWN_BM,26820.0,,,T0_SNAPSHOT,,,,,
b13f935270b7,Implant_132,,DOWN_BM,26820.0,,,T0_SNAPSHOT,2,5,0,0,1
b13f935270b7,Implant_91,Implant_91#1,DOWN_PM,26820.0,,,T0_SNAPSHOT,,,,,
b13f935270b7,Implant_91,,DOWN_PM,26820.0,,,T0_SNAPSHOT,3,2,0,1,0
b13f935270b7,LithoMet_BE_18,LithoMet_BE_18#15,DOWN_BM,26820.0,,,T0_SNAPSHOT,,,,,
b13f935270b7,LithoMet_BE_18,,DOWN_BM,26820.0,,,T0_SNAPSHOT,8,5,0,0,2
b13f935270b7,LithoMet_BE_18,LithoMet_BE_18#8,DOWN_BM,26820.0,,,T0_SNAPSHOT,,,,,
b13f935270b7,LithoMet_BE_18,,DOWN_BM,26820.0,,,T0_SNAPSHOT,8,5,0,0,2
b13f935270b7,LithoMet_FE_19,LithoMet_FE_19#12,DOWN_BM,26820.0,,,T0_SNAPSHOT,,,,,
b13f935270b7,LithoMet_FE_19,,DOWN_BM,26820.0,,,T0_SNAPSHOT,5,13,0,0,2
b13f935270b7,LithoMet_FE_19,LithoMet_FE_19#15,DOWN_BM,26820.0,,,T0_SNAPSHOT,,,,,
b13f935270b7,LithoMet_FE_19,,DOWN_BM,26820.0,,,T0_SNAPSHOT,5,13,0,0,2
b13f935270b7,LithoTrack_FE_115,LithoTrack_FE_115#16,DOWN_PM,26820.0,,,T0_SNAPSHOT,,,,,
b13f935270b7,LithoTrack_FE_115,,DOWN_BM,26820.0,,,T0_SNAPSHOT,37,11,0,4,2
b13f935270b7,LithoTrack_FE_115,LithoTrack_FE_115#22,DOWN_BM,26820.0,,,T0_SNAPSHOT,,,,,
b13f935270b7,LithoTrack_FE_115,,DOWN_BM,26820.0,,,T0_SNAPSHOT,37,11,0,4,2
b13f935270b7,LithoTrack_FE_115,LithoTrack_FE_115#30,DOWN_PM,26820.0,,,T0_SNAPSHOT,,,,,
b13f935270b7,LithoTrack_FE_115,,DOWN_BM,26820.0,,,T0_SNAPSHOT,37,11,0,4,2
b13f935270b7,LithoTrack_FE_115,LithoTrack_FE_115#33,DOWN_PM,26820.0,,,T0_SNAPSHOT,,,,,
b13f935270b7,LithoTrack_FE_115,,DOWN_BM,26820.0,,,T0_SNAPSHOT,37,11,0,4,2
b13f935270b7,LithoTrack_FE_115,LithoTrack_FE_115#34,DOWN_PM,26820.0,,,T0_SNAPSHOT,,,,,
b13f935270b7,LithoTrack_FE_115,,DOWN_BM,26820.0,,,T0_SNAPSHOT,37,11,0,4,2
b13f935270b7,LithoTrack_FE_115,LithoTrack_FE_115#9,DOWN_BM,26820.0,,,T0_SNAPSHOT,,,,,
b13f935270b7,LithoTrack_FE_115,,DOWN_BM,26820.0,,,T0_SNAPSHOT,37,11,0,4,2
b13f935270b7,LithoTrack_FE_95,LithoTrack_FE_95#25,DOWN_BM,26820.0,,,T0_SNAPSHOT,,,,,
b13f935270b7,LithoTrack_FE_95,,DOWN_BM,26820.0,,,T0_SNAPSHOT,43,5,0,3,2
b13f935270b7,LithoTrack_FE_95,LithoTrack_FE_95#3,DOWN_BM,26820.0,,,T0_SNAPSHOT,,,,,
b13f935270b7,LithoTrack_FE_95,,DOWN_BM,26820.0,,,T0_SNAPSHOT,43,5,0,3,2
b13f935270b7,LithoTrack_FE_95,LithoTrack_FE_95#31,DOWN_PM,26820.0,,,T0_SNAPSHOT,,,,,
b13f935270b7,LithoTrack_FE_95,,DOWN_BM,26820.0,,,T0_SNAPSHOT,43,5,0,3,2
b13f935270b7,LithoTrack_FE_95,LithoTrack_FE_95#32,DOWN_PM,26820.0,,,T0_SNAPSHOT,,,,,
b13f935270b7,LithoTrack_FE_95,,DOWN_BM,26820.0,,,T0_SNAPSHOT,43,5,0,3,2
b13f935270b7,LithoTrack_FE_95,LithoTrack_FE_95#34,DOWN_PM,26820.0,,,T0_SNAPSHOT,,,,,
b13f935270b7,LithoTrack_FE_95,,DOWN_BM,26820.0,,,T0_SNAPSHOT,43,5,0,3,2
b13f935270b7,Litho_BE_110,Litho_BE_110#18,DOWN_PM,26820.0,,,T0_SNAPSHOT,,,,,
b13f935270b7,Litho_BE_110,,DOWN_BM,26820.0,,,T0_SNAPSHOT,23,3,0,1,2
b13f935270b7,Litho_BE_110,Litho_BE_110#19,DOWN_BM,26820.0,,,T0_SNAPSHOT,,,,,
b13f935270b7,Litho_BE_110,,DOWN_BM,26820.0,,,T0_SNAPSHOT,23,3,0,1,2
b13f935270b7,Litho_BE_110,Litho_BE_110#3,DOWN_BM,26820.0,,,T0_SNAPSHOT,,,,,
b13f935270b7,Litho_BE_110,,DOWN_BM,26820.0,,,T0_SNAPSHOT,23,3,0,1,2
b13f935270b7,Litho_BE_99,Litho_BE_99#3,DOWN_PM,26820.0,,,T0_SNAPSHOT,,,,,
b13f935270b7,Litho_BE_99,,DOWN_PM,26820.0,,,T0_SNAPSHOT,2,0,0,1,0
b13f935270b7,Litho_FE_111,Litho_FE_111#15,DOWN_PM,26820.0,,,T0_SNAPSHOT,,,,,
b13f935270b7,Litho_FE_111,,DOWN_BM,26820.0,,,T0_SNAPSHOT,15,4,0,1,3
b13f935270b7,Litho_FE_111,Litho_FE_111#18,DOWN_BM,26820.0,,,T0_SNAPSHOT,,,,,
b13f935270b7,Litho_FE_111,,DOWN_BM,26820.0,,,T0_SNAPSHOT,15,4,0,1,3
b13f935270b7,Litho_FE_111,Litho_FE_111#5,DOWN_BM,26820.0,,,T0_SNAPSHOT,,,,,
b13f935270b7,Litho_FE_111,,DOWN_BM,26820.0,,,T0_SNAPSHOT,15,4,0,1,3
b13f935270b7,Litho_FE_111,Litho_FE_111#7,DOWN_BM,26820.0,,,T0_SNAPSHOT,,,,,
b13f935270b7,Litho_FE_111,,DOWN_BM,26820.0,,,T0_SNAPSHOT,15,4,0,1,3
b13f935270b7,Litho_FE_92,Litho_FE_92#12,DOWN_BM,26820.0,,,T0_SNAPSHOT,,,,,
b13f935270b7,Litho_FE_92,,DOWN_BM,26820.0,,,T0_SNAPSHOT,21,9,0,1,3
b13f935270b7,Litho_FE_92,Litho_FE_92#21,DOWN_PM,26820.0,,,T0_SNAPSHOT,,,,,
b13f935270b7,Litho_FE_92,,DOWN_BM,26820.0,,,T0_SNAPSHOT,21,9,0,1,3
b13f935270b7,Litho_FE_92,Litho_FE_92#23,DOWN_BM,26820.0,,,T0_SNAPSHOT,,,,,
b13f935270b7,Litho_FE_92,,DOWN_BM,26820.0,,,T0_SNAPSHOT,21,9,0,1,3
b13f935270b7,Litho_FE_92,Litho_FE_92#28,DOWN_BM,26820.0,,,T0_SNAPSHOT,,,,,
b13f935270b7,Litho_FE_92,,DOWN_BM,26820.0,,,T0_SNAPSHOT,21,9,0,1,3
b13f935270b7,Litho_FE_98,Litho_FE_98#5,DOWN_PM,26820.0,,,T0_SNAPSHOT,,,,,
b13f935270b7,Litho_FE_98,,DOWN_PM,26820.0,,,T0_SNAPSHOT,1,4,0,1,0
b13f935270b7,Planar_BE_75,Planar_BE_75#2,DOWN_BM,26820.0,,,T0_SNAPSHOT,,,,,
b13f935270b7,Planar_BE_75,,DOWN_BM,26820.0,,,T0_SNAPSHOT,18,3,0,0,1
b13f935270b7,Planar_FE_76,Planar_FE_76#2,DOWN_BM,26820.0,,,T0_SNAPSHOT,,,,,
b13f935270b7,Planar_FE_76,,DOWN_BM,26820.0,,,T0_SNAPSHOT,2,0,0,0,1
b13f935270b7,Planar_FE_80,Planar_FE_80#1,DOWN_BM,26820.0,,,T0_SNAPSHOT,,,,,
b13f935270b7,Planar_FE_80,,DOWN_BM,26820.0,,,T0_SNAPSHOT,1,0,0,0,1
b13f935270b7,TF_BE_23,TF_BE_23#1,DOWN_BM,26820.0,,,T0_SNAPSHOT,,,,,
b13f935270b7,TF_BE_23,,DOWN_BM,26820.0,,,T0_SNAPSHOT,16,4,0,0,1
b13f935270b7,WE_FE_108,WE_FE_108#20,DOWN_PM,26820.0,,,T0_SNAPSHOT,,,,,
b13f935270b7,WE_FE_108,,DOWN_PM,26820.0,,,T0_SNAPSHOT,23,12,0,1,0
b13f935270b7,Implant_128,Implant_128#2,RUN,26820.0,,Lot_Product_4_85,,,,,,
b13f935270b7,Implant_128,,DOWN_PM,26820.0,,Lot_Product_4_85,,6,4,0,1,0
b13f935270b7,Diffusion_FE_120,Diffusion_FE_120#2,RUN,26821.0,,Lot_Product_4_520,,,,,,
b13f935270b7,Diffusion_FE_120,,RUN,26821.0,,Lot_Product_4_520,,6,5,0,0,0
b13f935270b7,WE_FE_108,WE_FE_108#17,RUN,26822.0,,Lot_Product_4_127,,,,,,
b13f935270b7,WE_FE_108,,DOWN_PM,26822.0,,Lot_Product_4_127,,22,13,0,1,0
b13f935270b7,WE_FE_108,WE_FE_108#2,RUN,26828.0,,Lot_Product_4_159,,,,,,
b13f935270b7,WE_FE_108,,DOWN_PM,26828.0,,Lot_Product_4_159,,21,14,0,1,0
b13f935270b7,Implant_91,Implant_91#5,RUN,26832.0,,Lot_Product_3_67,,,,,,
b13f935270b7,Implant_91,,DOWN_PM,26832.0,,Lot_Product_3_67,,2,3,0,1,0
b13f935270b7,Planar_FE_78,Planar_FE_78#2,DOWN_BM,26833.961883828284,,,BREAK_Planar,,,,,
b13f935270b7,Planar_FE_78,,DOWN_BM,26833.961883828284,,,BREAK_Planar,1,0,0,0,1
b13f935270b7,WE_FE_108,WE_FE_108#17,IDLE,26853.319138314855,,Lot_Product_4_127,,,,,,
b13f935270b7,WE_FE_108,,DOWN_PM,26853.319138314855,,Lot_Product_4_127,,22,13,0,1,0
b13f935270b7,Delay_32,Delay_32#101,RUN,26853.319138314855,,Lot_Product_4_127,,,,,,
b13f935270b7,Delay_32,,RUN,26853.319138314855,,Lot_Product_4_127,,360,40,0,0,0
b13f935270b7,WE_FE_108,WE_FE_108#2,IDLE,26854.50411627709,,Lot_Product_4_159,,,,,,
b13f935270b7,WE_FE_108,,DOWN_PM,26854.50411627709,,Lot_Product_4_159,,23,12,0,1,0
b13f935270b7,WE_FE_83,WE_FE_83#2,RUN,26854.50411627709,,Lot_Product_4_159,,,,,,
b13f935270b7,WE_FE_83,,RUN,26854.50411627709,,Lot_Product_4_159,,4,3,0,0,0
b13f935270b7,Implant_128,Implant_128#2,IDLE,26854.952455489063,,Lot_Product_4_85,,,,,,
b13f935270b7,Implant_128,,DOWN_PM,26854.952455489063,,Lot_Product_4_85,,7,3,0,1,0
b13f935270b7,DE_FE_71,DE_FE_71#1,RUN,26854.952455489063,,Lot_Product_4_85,,,,,,
b13f935270b7,DE_FE_71,,DOWN_PM,26854.952455489063,,Lot_Product_4_85,,17,12,0,2,0
b13f935270b7,Implant_91,Implant_91#5,IDLE,26859.82932972136,,Lot_Product_3_67,,,,,,
b13f935270b7,Implant_91,,DOWN_PM,26859.82932972136,,Lot_Product_3_67,,3,2,0,1,0
b13f935270b7,WE_FE_84,WE_FE_84#10,RUN,26859.82932972136,,Lot_Product_3_67,,,,,,
b13f935270b7,WE_FE_84,,RUN,26859.82932972136,,Lot_Product_3_67,,6,13,0,0,0
b13f935270b7,Diffusion_FE_127,Diffusion_FE_127#3,RUN,26860.0,,Lot_Product_4_205,,,,,,
b13f935270b7,Diffusion_FE_127,,RUN,26860.0,,Lot_Product_4_205,,6,3,0,0,0
b13f935270b7,TF_FE_131,TF_FE_131#7,DOWN_BM,26862.097635143404,,,BREAK_TF,,,,,
b13f935270b7,TF_FE_131,,DOWN_BM,26862.097635143404,,,BREAK_TF,6,0,0,0,1
b13f935270b7,TF_BE_26,TF_BE_26#7,DOWN_BM,26875.094120106784,,,BREAK_TF,,,,,
b13f935270b7,TF_BE_26,,DOWN_BM,26875.094120106784,,,BREAK_TF,15,0,0,0,1
b13f935270b7,WE_FE_83,WE_FE_83#2,IDLE,26883.742920843928,,Lot_Product_4_159,,,,,,
b13f935270b7,WE_FE_83,,RUN,26883.742920843928,,Lot_Product_4_159,,5,2,0,0,0
b13f935270b7,WE_FE_84,WE_FE_84#4,RUN,26883.742920843928,,Lot_Product_4_159,,,,,,
b13f935270b7,WE_FE_84,,RUN,26883.742920843928,,Lot_Product_4_159,,5,14,0,0,0
b13f935270b7,WE_FE_84,WE_FE_84#10,IDLE,26888.819846186554,,Lot_Product_3_67,,,,,,
b13f935270b7,WE_FE_84,,RUN,26888.819846186554,,Lot_Product_3_67,,6,13,0,0,0
b13f935270b7,LithoTrack_FE_115,LithoTrack_FE_115#15,RUN,26888.819846186554,,Lot_Product_3_67,,,,,,
b13f935270b7,LithoTrack_FE_115,,DOWN_BM,26888.819846186554,,Lot_Product_3_67,,36,12,0,4,2
b13f935270b7,WE_FE_84,WE_FE_84#4,IDLE,26910.349788501,,Lot_Product_4_159,,,,,,
b13f935270b7,WE_FE_84,,RUN,26910.349788501,,Lot_Product_4_159,,7,12,0,0,0
b13f935270b7,LithoTrack_FE_115,LithoTrack_FE_115#19,RUN,26910.349788501,,Lot_Product_4_159,,,,,,
b13f935270b7,LithoTrack_FE_115,,DOWN_BM,26910.349788501,,Lot_Product_4_159,,35,13,0,4,2
b13f935270b7,Litho_REG_FE_64,LithoTrack_FE_115#21,IDLE,26937.910988793934,,Lot_Product_3_162,,,,,,
b13f935270b7,Litho_REG_FE_64,,RUN,26937.910988793934,,Lot_Product_3_162,,5,10,0,0,0
b13f935270b7,DE_FE_71,DE_FE_71#22,RUN,26937.910988793934,,Lot_Product_3_162,,,,,,
b13f935270b7,DE_FE_71,,DOWN_PM,26937.910988793934,,Lot_Product_3_162,,16,13,0,2,0
b13f935270b7,WE_FE_108,DE_FE_86#123,IDLE,26938.98969126044,,Lot_Product_3_249,,,,,,
b13f935270b7,WE_FE_108,,DOWN_PM,26938.98969126044,,Lot_Product_3_249,,23,12,0,1,0
b13f935270b7,LithoMet_FE_19,LithoMet_FE_19#11,RUN,26938.98969126044,,Lot_Product_3_249,,,,,,
b13f935270b7,LithoMet_FE_19,,DOWN_BM,26938.98969126044,,Lot_Product_3_249,,4,14,0,0,2
