toolgroup,feature,vmin,vmax
DE_BE_11,q_time_min,0.0,39087.11735236529
DE_BE_11,wait_ratio,0.0,0.2
DE_BE_11,wip,0.0,10.0
DE_BE_11,available_tool_ratio,0.9090909090909092,1.0
DE_BE_11,utilization_avg,0.0,0.8473514407748801
DE_BE_11,max_util,0.0,1.0
DE_BE_11,max_avg_q_time,0.0,49107.63899442056
DE_BE_11,setup_ratio_avg,0.0,0.0
DE_BE_11,q_time_min_delta_120,-9900.521642055268,120.00000000000006
DE_BE_11,wait_ratio_delta_120,-0.018181818181818216,0.1
DE_BE_11,wip_delta_120,-7.0,9.0
DE_BE_11,max_util_delta_120,-1.0,1.0
DE_BE_11,utilization_avg_delta_120,-0.6400682010790634,0.5940606561681224
DE_BE_12,q_time_min,0.0,13163.947376642434
DE_BE_12,wait_ratio,0.0,5.555555555555555
DE_BE_12,wip,0.0,59.0
DE_BE_12,available_tool_ratio,0.8,1.0
DE_BE_12,utilization_avg,0.0,0.9596237007224409
DE_BE_12,max_util,0.0,1.0
DE_BE_12,max_avg_q_time,0.0,13643.947376642434
DE_BE_12,setup_ratio_avg,0.0,0.0
DE_BE_12,q_time_min_delta_120,-9811.46124560925,136.33124293267247
DE_BE_12,wait_ratio_delta_120,-1.0,1.0
DE_BE_12,wip_delta_120,-8.0,8.0
DE_BE_12,max_util_delta_120,-1.0,1.0
DE_BE_12,utilization_avg_delta_120,-0.707999146659131,0.6522777786799028
DE_BE_13,q_time_min,0.0,0.0
DE_BE_13,wait_ratio,0.0,0.0
DE_BE_13,wip,0.0,16.0
DE_BE_13,available_tool_ratio,0.8695652173913043,1.0
DE_BE_13,utilization_avg,0.0,0.6822653781586796
DE_BE_13,max_util,0.0,1.0
DE_BE_13,max_avg_q_time,0.0,0.0
DE_BE_13,setup_ratio_avg,0.0,0.0
DE_BE_13,q_time_min_delta_120,0.0,0.0
DE_BE_13,wait_ratio_delta_120,0.0,0.0
DE_BE_13,wip_delta_120,-11.0,12.0
DE_BE_13,max_util_delta_120,-1.0,1.0
DE_BE_13,utilization_avg_delta_120,-0.4186419803278113,0.3924975603211087
DE_BE_48,q_time_min,0.0,5570.45608860292
DE_BE_48,wait_ratio,0.0,3.6
DE_BE_48,wip,0.0,49.0
DE_BE_48,available_tool_ratio,0.8333333333333334,1.0
DE_BE_48,utilization_avg,0.0,0.9802705509041212
DE_BE_48,max_util,0.0,1.0
DE_BE_48,max_avg_q_time,0.0,21729.38800742555
DE_BE_48,setup_ratio_avg,0.0,0.0
DE_BE_48,q_time_min_delta_120,-2607.5362353073892,120.00000000000034
DE_BE_48,wait_ratio_delta_120,-0.3333333333333333,0.6818181818181817
DE_BE_48,wip_delta_120,-11.0,12.0
DE_BE_48,max_util_delta_120,-1.0,1.0
DE_BE_48,utilization_avg_delta_120,-0.8502396857370412,0.8972824584400465
DE_BE_50,q_time_min,0.0,3876.8636576370336
DE_BE_50,wait_ratio,0.0,5.142857142857143
DE_BE_50,wip,0.0,45.0
DE_BE_50,available_tool_ratio,0.7777777777777778,1.0
DE_BE_50,utilization_avg,0.0,0.967429609526341
DE_BE_50,max_util,0.0,1.0
DE_BE_50,max_avg_q_time,0.0,7890.3058637135155
DE_BE_50,setup_ratio_avg,0.0,0.0
DE_BE_50,q_time_min_delta_120,-2820.7917737519238,120.00000000000023
DE_BE_50,wait_ratio_delta_120,-0.6428571428571432,0.6428571428571432
DE_BE_50,wip_delta_120,-6.0,8.0
DE_BE_50,max_util_delta_120,-1.0,1.0
DE_BE_50,utilization_avg_delta_120,-0.6246463899198581,0.7784057873894064
DE_BE_65,q_time_min,0.0,0.0
DE_BE_65,wait_ratio,0.0,0.0
DE_BE_65,wip,0.0,14.0
DE_BE_65,available_tool_ratio,0.8888888888888888,1.0
DE_BE_65,utilization_avg,0.0,0.7078208912720314
DE_BE_65,max_util,0.0,1.0
DE_BE_65,max_avg_q_time,0.0,0.0
DE_BE_65,setup_ratio_avg,0.0,0.0
DE_BE_65,q_time_min_delta_120,0.0,0.0
DE_BE_65,wait_ratio_delta_120,0.0,0.0
DE_BE_65,wip_delta_120,-10.0,10.0
DE_BE_65,max_util_delta_120,-1.0,1.0
DE_BE_65,utilization_avg_delta_120,-0.43008359411451913,0.4310895246008538
DE_BE_66,q_time_min,0.0,0.0
DE_BE_66,wait_ratio,0.0,0.0
DE_BE_66,wip,0.0,14.0
DE_BE_66,available_tool_ratio,0.8181818181818182,1.0
DE_BE_66,utilization_avg,0.0,0.5813031449072172
DE_BE_66,max_util,0.0,1.0
DE_BE_66,max_avg_q_time,0.0,0.0
DE_BE_66,setup_ratio_avg,0.0,0.0
DE_BE_66,q_time_min_delta_120,0.0,0.0
DE_BE_66,wait_ratio_delta_120,0.0,0.0
DE_BE_66,wip_delta_120,-9.0,9.0
DE_BE_66,max_util_delta_120,-1.0,1.0
DE_BE_66,utilization_avg_delta_120,-0.3769619524960228,0.42059860600013715
DE_BE_67,q_time_min,0.0,0.0
DE_BE_67,wait_ratio,0.0,0.0
DE_BE_67,wip,0.0,9.0
DE_BE_67,available_tool_ratio,0.8333333333333334,1.0
DE_BE_67,utilization_avg,0.0,0.6573219353193457
DE_BE_67,max_util,0.0,1.0
DE_BE_67,max_avg_q_time,0.0,0.0
DE_BE_67,setup_ratio_avg,0.0,0.0
DE_BE_67,q_time_min_delta_120,0.0,0.0
DE_BE_67,wait_ratio_delta_120,0.0,0.0
DE_BE_67,wip_delta_120,-9.0,7.0
DE_BE_67,max_util_delta_120,-1.0,1.0
DE_BE_67,utilization_avg_delta_120,-0.5967608012996101,0.5730914268384772
DE_BE_69,q_time_min,0.0,12569.143264418472
DE_BE_69,wait_ratio,0.0,56.0
DE_BE_69,wip,0.0,66.0
DE_BE_69,available_tool_ratio,0.5,1.0
DE_BE_69,utilization_avg,0.0,1.0
DE_BE_69,max_util,0.0,1.0
DE_BE_69,max_avg_q_time,0.0,17716.46725781114
DE_BE_69,setup_ratio_avg,0.0,0.0
DE_BE_69,q_time_min_delta_120,-1682.8539722417281,120.00000000000546
DE_BE_69,wait_ratio_delta_120,-28.0,28.5
DE_BE_69,wip_delta_120,-2.0,4.0
DE_BE_69,max_util_delta_120,-1.0,1.0
DE_BE_69,utilization_avg_delta_120,-1.0,1.0
DE_FE_1,q_time_min,0.0,19769.544150822418
DE_FE_1,wait_ratio,0.0,213.33333333333337
DE_FE_1,wip,0.0,1488.0
DE_FE_1,available_tool_ratio,0.625,1.0
DE_FE_1,utilization_avg,0.0,1.0
DE_FE_1,max_util,0.0,1.0
DE_FE_1,max_avg_q_time,0.0,23362.596809565453
DE_FE_1,setup_ratio_avg,0.0,0.0
DE_FE_1,q_time_min_delta_120,-434.8049170380749,278.2779745476907
DE_FE_1,wait_ratio_delta_120,-53.33333333333337,43.58333333333334
DE_FE_1,wip_delta_120,-9.0,15.0
DE_FE_1,max_util_delta_120,-1.0,1.0
DE_FE_1,utilization_avg_delta_120,-0.9610697754197607,1.0
DE_FE_51,q_time_min,0.0,11274.924361901474
DE_FE_51,wait_ratio,0.0,5.85
DE_FE_51,wip,0.0,131.0
DE_FE_51,available_tool_ratio,0.8636363636363636,1.0
DE_FE_51,utilization_avg,0.0,0.942662633086688
DE_FE_51,max_util,0.0,1.0
DE_FE_51,max_avg_q_time,0.0,16571.343708260283
DE_FE_51,setup_ratio_avg,0.0,0.0
DE_FE_51,q_time_min_delta_120,-10324.654977265554,194.2215138964441
DE_FE_51,wait_ratio_delta_120,-0.5318181818181813,0.5454545454545455
DE_FE_51,wip_delta_120,-17.0,22.0
DE_FE_51,max_util_delta_120,-1.0,1.0
DE_FE_51,utilization_avg_delta_120,-0.6872049316438307,0.5927345850396457
DE_FE_53,q_time_min,0.0,10147.926442194816
DE_FE_53,wait_ratio,0.0,26.666666666666668
DE_FE_53,wip,0.0,99.0
DE_FE_53,available_tool_ratio,0.6,1.0
DE_FE_53,utilization_avg,0.0,1.0
DE_FE_53,max_util,0.0,1.0
DE_FE_53,max_avg_q_time,0.0,22498.97885227433
DE_FE_53,setup_ratio_avg,0.0,0.0
DE_FE_53,q_time_min_delta_120,-3208.944844978985,1397.8138840217107
DE_FE_53,wait_ratio_delta_120,-6.666666666666668,10.666666666666668
DE_FE_53,wip_delta_120,-5.0,8.0
DE_FE_53,max_util_delta_120,-1.0,1.0
DE_FE_53,utilization_avg_delta_120,-1.0,1.0
DE_FE_54,q_time_min,0.0,5653.526501769537
DE_FE_54,wait_ratio,0.0,44.4
DE_FE_54,wip,0.0,228.0
DE_FE_54,available_tool_ratio,0.6666666666666666,1.0
DE_FE_54,utilization_avg,0.0,1.0
DE_FE_54,max_util,0.0,1.0
DE_FE_54,max_avg_q_time,0.0,6924.583549663266
DE_FE_54,setup_ratio_avg,0.0,0.0
DE_FE_54,q_time_min_delta_120,-1281.5639858350162,264.51638363877345
DE_FE_54,wait_ratio_delta_120,-7.399999999999999,7.433333333333337
DE_FE_54,wip_delta_120,-7.0,16.0
DE_FE_54,max_util_delta_120,-1.0,1.0
DE_FE_54,utilization_avg_delta_120,-0.8464194280189887,1.0
DE_FE_56,q_time_min,0.0,9841.851586859411
DE_FE_56,wait_ratio,0.0,60.0
DE_FE_56,wip,0.0,100.0
DE_FE_56,available_tool_ratio,0.3333333333333333,1.0
DE_FE_56,utilization_avg,0.0,1.0
DE_FE_56,max_util,0.0,1.0
DE_FE_56,max_avg_q_time,0.0,11196.652069106112
DE_FE_56,setup_ratio_avg,0.0,0.0
DE_FE_56,q_time_min_delta_120,-1057.647349908977,236.75473657130107
DE_FE_56,wait_ratio_delta_120,-40.0,40.0
DE_FE_56,wip_delta_120,-5.0,6.0
DE_FE_56,max_util_delta_120,-1.0,1.0
DE_FE_56,utilization_avg_delta_120,-1.0,1.0
DE_FE_58,q_time_min,0.0,4537.570349429399
DE_FE_58,wait_ratio,0.0,12.0
DE_FE_58,wip,0.0,27.0
DE_FE_58,available_tool_ratio,0.3333333333333333,1.0
DE_FE_58,utilization_avg,0.0,1.0
DE_FE_58,max_util,0.0,1.0
DE_FE_58,max_avg_q_time,0.0,8369.607115795417
DE_FE_58,setup_ratio_avg,0.0,0.0
DE_FE_58,q_time_min_delta_120,-1602.241496651899,838.7801787981807
DE_FE_58,wait_ratio_delta_120,-6.0,6.0
DE_FE_58,wip_delta_120,-4.0,8.0
DE_FE_58,max_util_delta_120,-1.0,1.0
DE_FE_58,utilization_avg_delta_120,-1.0,1.0
DE_FE_59,q_time_min,0.0,3371.148836458975
DE_FE_59,wait_ratio,0.0,1.2142857142857142
DE_FE_59,wip,0.0,32.0
DE_FE_59,available_tool_ratio,0.7647058823529411,1.0
DE_FE_59,utilization_avg,0.0,0.9619707903203294
DE_FE_59,max_util,0.0,1.0
DE_FE_59,max_avg_q_time,0.0,4569.423840289135
DE_FE_59,setup_ratio_avg,0.0,0.0
DE_FE_59,q_time_min_delta_120,-1758.4848344763625,182.48532095576297
DE_FE_59,wait_ratio_delta_120,-0.4117647058823529,0.3125
DE_FE_59,wip_delta_120,-14.0,14.0
DE_FE_59,max_util_delta_120,-1.0,1.0
DE_FE_59,utilization_avg_delta_120,-0.6675587613131582,0.7571936383045491
DE_FE_62,q_time_min,0.0,0.0
DE_FE_62,wait_ratio,0.0,0.0
DE_FE_62,wip,0.0,15.0
DE_FE_62,available_tool_ratio,0.7647058823529411,1.0
DE_FE_62,utilization_avg,0.0,0.8712305153180304
DE_FE_62,max_util,0.0,1.0
DE_FE_62,max_avg_q_time,0.0,120.0
DE_FE_62,setup_ratio_avg,0.0,0.0
DE_FE_62,q_time_min_delta_120,0.0,0.0
DE_FE_62,wait_ratio_delta_120,0.0,0.0
DE_FE_62,wip_delta_120,-9.0,10.0
DE_FE_62,max_util_delta_120,-1.0,1.0
DE_FE_62,utilization_avg_delta_120,-0.5541211855890187,0.5828150181497311
DE_FE_70,q_time_min,0.0,4337.222957312246
DE_FE_70,wait_ratio,0.0,2.4166666666666665
DE_FE_70,wip,0.0,42.0
DE_FE_70,available_tool_ratio,0.8,1.0
DE_FE_70,utilization_avg,0.0,0.9442237438609138
DE_FE_70,max_util,0.0,1.0
DE_FE_70,max_avg_q_time,0.0,8312.66103146645
DE_FE_70,setup_ratio_avg,0.0,0.0
DE_FE_70,q_time_min_delta_120,-4337.222957312246,1230.97024468487
DE_FE_70,wait_ratio_delta_120,-1.0934065934065935,0.7243589743589742
DE_FE_70,wip_delta_120,-14.0,13.0
DE_FE_70,max_util_delta_120,-1.0,1.0
DE_FE_70,utilization_avg_delta_120,-0.724245865298144,0.6846941336928609
DE_FE_71,q_time_min,0.0,299.6353965232629
DE_FE_71,wait_ratio,0.0,0.1428571428571428
DE_FE_71,wip,0.0,33.0
DE_FE_71,available_tool_ratio,0.8387096774193549,1.0
DE_FE_71,utilization_avg,0.0,0.9437085394136854
DE_FE_71,max_util,0.0,1.0
DE_FE_71,max_avg_q_time,0.0,299.6353965232629
DE_FE_71,setup_ratio_avg,0.0,0.0
DE_FE_71,q_time_min_delta_120,-299.6353965232629,120.0
DE_FE_71,wait_ratio_delta_120,-0.1428571428571428,0.1379310344827586
DE_FE_71,wip_delta_120,-15.0,20.0
DE_FE_71,max_util_delta_120,-1.0,1.0
DE_FE_71,utilization_avg_delta_120,-0.4847477952560067,0.4831392547149628
DE_FE_72,q_time_min,0.0,4255.187050003231
DE_FE_72,wait_ratio,0.0,1.7
DE_FE_72,wip,0.0,25.0
DE_FE_72,available_tool_ratio,0.7272727272727273,1.0
DE_FE_72,utilization_avg,0.0,0.9981014098375232
DE_FE_72,max_util,0.0,1.0
DE_FE_72,max_avg_q_time,0.0,8411.593683567728
DE_FE_72,setup_ratio_avg,0.0,0.0
DE_FE_72,q_time_min_delta_120,-4255.187050003231,2022.2921300136309
DE_FE_72,wait_ratio_delta_120,-1.0090909090909093,0.7272727272727273
DE_FE_72,wip_delta_120,-10.0,11.0
DE_FE_72,max_util_delta_120,-1.0,1.0
DE_FE_72,utilization_avg_delta_120,-0.7770373774647218,0.9698879235676333
DE_FE_86,q_time_min,0.0,7579.459419836727
DE_FE_86,wait_ratio,0.0,0.54421768707483
DE_FE_86,wip,0.0,138.0
DE_FE_86,available_tool_ratio,0.92,1.0
DE_FE_86,utilization_avg,0.0,0.6025808017286424
DE_FE_86,max_util,0.0,1.0
DE_FE_86,max_avg_q_time,0.0,11658.722626541276
DE_FE_86,setup_ratio_avg,0.0,0.0
DE_FE_86,q_time_min_delta_120,-6986.249684511957,3891.6980624961316
DE_FE_86,wait_ratio_delta_120,-0.3013698630136986,0.1020408163265306
DE_FE_86,wip_delta_120,-44.0,33.0
DE_FE_86,max_util_delta_120,-1.0,1.0
DE_FE_86,utilization_avg_delta_120,-0.28172419722988146,0.2757690796491649
DefMet_BE_33,q_time_min,0.0,958.4191408888292
DefMet_BE_33,wait_ratio,0.0,7.0
DefMet_BE_33,wip,0.0,32.0
DefMet_BE_33,available_tool_ratio,0.8,1.0
DefMet_BE_33,utilization_avg,0.0,0.8804237351005819
DefMet_BE_33,max_util,0.0,0.9987476014131972
DefMet_BE_33,max_avg_q_time,0.0,1954.534311697401
DefMet_BE_33,setup_ratio_avg,0.0,0.0
DefMet_BE_33,q_time_min_delta_120,-846.2661308250972,409.5430853565922
DefMet_BE_33,wait_ratio_delta_120,-2.4,2.1
DefMet_BE_33,wip_delta_120,-11.0,9.0
DefMet_BE_33,max_util_delta_120,-0.9090814647079242,0.8998174396435691
DefMet_BE_33,utilization_avg_delta_120,-0.6494394140836085,0.726361955840451
DefMet_BE_42,q_time_min,0.0,1066.069383971102
DefMet_BE_42,wait_ratio,0.0,12.0
DefMet_BE_42,wip,0.0,51.0
DefMet_BE_42,available_tool_ratio,0.75,1.0
DefMet_BE_42,utilization_avg,0.0,0.9463679440668784
DefMet_BE_42,max_util,0.0,1.0
DefMet_BE_42,max_avg_q_time,0.0,1812.3733185121364
DefMet_BE_42,setup_ratio_avg,0.0,0.0
DefMet_BE_42,q_time_min_delta_120,-1037.5208606836386,356.79554826508684
DefMet_BE_42,wait_ratio_delta_120,-2.75,2.666666666666667
DefMet_BE_42,wip_delta_120,-11.0,10.0
DefMet_BE_42,max_util_delta_120,-0.9743962885281992,0.9871203666960356
DefMet_BE_42,utilization_avg_delta_120,-0.8562249349712754,0.8518532956202155
DefMet_FE_10,q_time_min,0.0,920.1013309242262
DefMet_FE_10,wait_ratio,0.0,4.0
DefMet_FE_10,wip,0.0,27.0
DefMet_FE_10,available_tool_ratio,0.8333333333333334,1.0
DefMet_FE_10,utilization_avg,0.0,0.8652075779915323
DefMet_FE_10,max_util,0.0,0.9998560031858992
DefMet_FE_10,max_avg_q_time,0.0,1040.1013309242262
DefMet_FE_10,setup_ratio_avg,0.0,0.0
DefMet_FE_10,q_time_min_delta_120,-832.0747482298175,470.0471165679337
DefMet_FE_10,wait_ratio_delta_120,-2.5,1.2000000000000002
DefMet_FE_10,wip_delta_120,-16.0,10.0
DefMet_FE_10,max_util_delta_120,-0.9678082939869151,0.9121571015062424
DefMet_FE_10,utilization_avg_delta_120,-0.7445904781362414,0.7114909535328074
DefMet_FE_106,q_time_min,0.0,0.0
DefMet_FE_106,wait_ratio,0.0,0.0
DefMet_FE_106,wip,0.0,3.0
DefMet_FE_106,available_tool_ratio,0.75,1.0
DefMet_FE_106,utilization_avg,0.0,0.3143154457158744
DefMet_FE_106,max_util,0.0,0.8776861758837186
DefMet_FE_106,max_avg_q_time,0.0,0.0
DefMet_FE_106,setup_ratio_avg,0.0,0.0
DefMet_FE_106,q_time_min_delta_120,0.0,0.0
DefMet_FE_106,wait_ratio_delta_120,0.0,0.0
DefMet_FE_106,wip_delta_120,-2.0,2.0
DefMet_FE_106,max_util_delta_120,-0.875505268577399,0.8776861758837186
DefMet_FE_106,utilization_avg_delta_120,-0.3143154457158744,0.312131607394258
DefMet_FE_118,q_time_min,0.0,0.0
DefMet_FE_118,wait_ratio,0.0,0.0
DefMet_FE_118,wip,0.0,0.0
DefMet_FE_118,available_tool_ratio,1.0,1.0
DefMet_FE_118,utilization_avg,0.0,0.0
DefMet_FE_118,max_util,0.0,0.0
DefMet_FE_118,max_avg_q_time,0.0,0.0
DefMet_FE_118,setup_ratio_avg,0.0,0.0
DefMet_FE_118,q_time_min_delta_120,0.0,0.0
DefMet_FE_118,wait_ratio_delta_120,0.0,0.0
DefMet_FE_118,wip_delta_120,0.0,0.0
DefMet_FE_118,max_util_delta_120,0.0,0.0
DefMet_FE_118,utilization_avg_delta_120,0.0,0.0
DefMet_FE_34,q_time_min,0.0,1407.9212106225314
DefMet_FE_34,wait_ratio,0.0,1.5
DefMet_FE_34,wip,0.0,12.0
DefMet_FE_34,available_tool_ratio,0.8,1.0
DefMet_FE_34,utilization_avg,0.0,0.8578872934928222
DefMet_FE_34,max_util,0.0,0.9976663676614408
DefMet_FE_34,max_avg_q_time,0.0,1827.9212106225311
DefMet_FE_34,setup_ratio_avg,0.0,0.0
DefMet_FE_34,q_time_min_delta_120,-1130.2994271116477,783.1361054680649
DefMet_FE_34,wait_ratio_delta_120,-1.2,1.25
DefMet_FE_34,wip_delta_120,-7.0,8.0
DefMet_FE_34,max_util_delta_120,-0.9533544895040298,0.8889860264864787
DefMet_FE_34,utilization_avg_delta_120,-0.6148547542835392,0.6089486001104767
DefMet_FE_43,q_time_min,0.0,2956.4174953179377
DefMet_FE_43,wait_ratio,0.0,177.0
DefMet_FE_43,wip,0.0,1245.0
DefMet_FE_43,available_tool_ratio,0.7777777777777778,1.0
DefMet_FE_43,utilization_avg,0.0,0.9646257462954424
DefMet_FE_43,max_util,0.0,1.0
DefMet_FE_43,max_avg_q_time,0.0,5610.091616263504
DefMet_FE_43,setup_ratio_avg,0.0,0.0
DefMet_FE_43,q_time_min_delta_120,-87.45735116623939,79.9022775143394
DefMet_FE_43,wait_ratio_delta_120,-17.305555555555543,25.0
DefMet_FE_43,wip_delta_120,-25.0,30.0
DefMet_FE_43,max_util_delta_120,-0.5699901300066887,0.700017575506945
DefMet_FE_43,utilization_avg_delta_120,-0.6054787039897984,0.6002021017176082
Delay_32,q_time_min,0.0,0.0
Delay_32,wait_ratio,0.0,0.0
Delay_32,wip,0.0,90.0
Delay_32,available_tool_ratio,1.0,1.0
Delay_32,utilization_avg,0.0,0.2268082805731383
Delay_32,max_util,0.0,1.0
Delay_32,max_avg_q_time,0.0,0.0
Delay_32,setup_ratio_avg,0.0,0.0
Delay_32,q_time_min_delta_120,0.0,0.0
Delay_32,wait_ratio_delta_120,0.0,0.0
Delay_32,wip_delta_120,-32.0,29.0
Delay_32,max_util_delta_120,-0.4626965246290108,1.0
Delay_32,utilization_avg_delta_120,-0.06780943892575661,0.0635431078819123
Dielectric_BE_20,q_time_min,0.0,1327.9954049241642
Dielectric_BE_20,wait_ratio,0.0,1.6666666666666667
Dielectric_BE_20,wip,0.0,12.0
Dielectric_BE_20,available_tool_ratio,0.5,1.0
Dielectric_BE_20,utilization_avg,0.0,0.8303510789554114
Dielectric_BE_20,max_util,0.0,1.0
Dielectric_BE_20,max_avg_q_time,0.0,1327.9954049241642
Dielectric_BE_20,setup_ratio_avg,0.0,0.0
Dielectric_BE_20,q_time_min_delta_120,-1327.9954049241642,513.7091693041342
Dielectric_BE_20,wait_ratio_delta_120,-1.0,1.5
Dielectric_BE_20,wip_delta_120,-7.0,6.0
Dielectric_BE_20,max_util_delta_120,-1.0,1.0
Dielectric_BE_20,utilization_avg_delta_120,-0.7886204918629827,0.7960676489489238
Dielectric_BE_21,q_time_min,0.0,1505.4247231593326
Dielectric_BE_21,wait_ratio,0.0,0.2857142857142857
Dielectric_BE_21,wip,0.0,11.0
Dielectric_BE_21,available_tool_ratio,0.6666666666666666,1.0
Dielectric_BE_21,utilization_avg,0.0,0.8126858247623239
Dielectric_BE_21,max_util,0.0,0.9999930674527908
Dielectric_BE_21,max_avg_q_time,0.0,1505.4247231593326
Dielectric_BE_21,setup_ratio_avg,0.0,0.0
Dielectric_BE_21,q_time_min_delta_120,-1505.4247231593326,120.00000000000006
Dielectric_BE_21,wait_ratio_delta_120,-0.2857142857142857,0.2857142857142857
Dielectric_BE_21,wip_delta_120,-7.0,7.0
Dielectric_BE_21,max_util_delta_120,-0.9537744001921964,0.9804313334146476
Dielectric_BE_21,utilization_avg_delta_120,-0.5762096735983506,0.5766606208470573
Dielectric_BE_27,q_time_min,0.0,0.0
Dielectric_BE_27,wait_ratio,0.0,0.0
Dielectric_BE_27,wip,0.0,14.0
Dielectric_BE_27,available_tool_ratio,0.6470588235294118,1.0
Dielectric_BE_27,utilization_avg,0.0,0.6514470857033374
Dielectric_BE_27,max_util,0.0,1.0
Dielectric_BE_27,max_avg_q_time,0.0,0.0
Dielectric_BE_27,setup_ratio_avg,0.0,0.0
Dielectric_BE_27,q_time_min_delta_120,0.0,0.0
Dielectric_BE_27,wait_ratio_delta_120,0.0,0.0
Dielectric_BE_27,wip_delta_120,-11.0,9.0
Dielectric_BE_27,max_util_delta_120,-0.9590586727708191,0.9989866767779556
Dielectric_BE_27,utilization_avg_delta_120,-0.4584183278793752,0.43772163743319564
Dielectric_BE_28,q_time_min,0.0,1542.0947654258052
Dielectric_BE_28,wait_ratio,0.0,1.5
Dielectric_BE_28,wip,0.0,8.0
Dielectric_BE_28,available_tool_ratio,0.4,1.0
Dielectric_BE_28,utilization_avg,0.0,0.914974341778822
Dielectric_BE_28,max_util,0.0,0.9998179351602932
Dielectric_BE_28,max_avg_q_time,0.0,1542.0947654258052
Dielectric_BE_28,setup_ratio_avg,0.0,0.0
Dielectric_BE_28,q_time_min_delta_120,-1542.0947654258052,127.5118234033895
Dielectric_BE_28,wait_ratio_delta_120,-1.0,1.0
Dielectric_BE_28,wip_delta_120,-5.0,6.0
Dielectric_BE_28,max_util_delta_120,-0.9954957845645064,0.9954957845645064
Dielectric_BE_28,utilization_avg_delta_120,-0.7003841728330978,0.7212557953263361
Dielectric_BE_60,q_time_min,0.0,3133.442411367214
Dielectric_BE_60,wait_ratio,0.0,1.25
Dielectric_BE_60,wip,0.0,9.0
Dielectric_BE_60,available_tool_ratio,0.4,1.0
Dielectric_BE_60,utilization_avg,0.0,0.951808345268364
Dielectric_BE_60,max_util,0.0,1.0
Dielectric_BE_60,max_avg_q_time,0.0,3133.442411367214
Dielectric_BE_60,setup_ratio_avg,0.0,0.0
Dielectric_BE_60,q_time_min_delta_120,-3133.442411367214,580.3533554817914
Dielectric_BE_60,wait_ratio_delta_120,-1.2,1.0
Dielectric_BE_60,wip_delta_120,-6.0,6.0
Dielectric_BE_60,max_util_delta_120,-1.0,1.0
Dielectric_BE_60,utilization_avg_delta_120,-0.685541555312569,0.906102962809673
Dielectric_FE_112,q_time_min,0.0,2067.147807231937
Dielectric_FE_112,wait_ratio,0.0,0.7
Dielectric_FE_112,wip,0.0,16.0
Dielectric_FE_112,available_tool_ratio,0.5833333333333334,1.0
Dielectric_FE_112,utilization_avg,0.0,0.9112716604613724
Dielectric_FE_112,max_util,0.0,1.0
Dielectric_FE_112,max_avg_q_time,0.0,2067.147807231937
Dielectric_FE_112,setup_ratio_avg,0.0,0.0
Dielectric_FE_112,q_time_min_delta_120,-2067.147807231937,127.14835602259856
Dielectric_FE_112,wait_ratio_delta_120,-0.49999999999999994,0.4545454545454545
Dielectric_FE_112,wip_delta_120,-12.0,10.0
Dielectric_FE_112,max_util_delta_120,-0.9376514568345253,0.9303872047081312
Dielectric_FE_112,utilization_avg_delta_120,-0.6781010449701879,0.5783250055019833
Dielectric_FE_130,q_time_min,0.0,4277.955494487775
Dielectric_FE_130,wait_ratio,0.0,6.5
Dielectric_FE_130,wip,0.0,28.0
Dielectric_FE_130,available_tool_ratio,0.4,1.0
Dielectric_FE_130,utilization_avg,0.0,0.9862240083679352
Dielectric_FE_130,max_util,0.0,1.0
Dielectric_FE_130,max_avg_q_time,0.0,4277.955494487775
Dielectric_FE_130,setup_ratio_avg,0.0,0.0
Dielectric_FE_130,q_time_min_delta_120,-4277.955494487775,2878.3440375351543
Dielectric_FE_130,wait_ratio_delta_120,-3.1,3.6666666666666665
Dielectric_FE_130,wip_delta_120,-10.0,15.0
Dielectric_FE_130,max_util_delta_120,-1.0,1.0
Dielectric_FE_130,utilization_avg_delta_120,-0.97,0.984554634134062
Dielectric_FE_29,q_time_min,0.0,642.5429351026614
Dielectric_FE_29,wait_ratio,0.0,1.0
Dielectric_FE_29,wip,0.0,6.0
Dielectric_FE_29,available_tool_ratio,0.5,1.0
Dielectric_FE_29,utilization_avg,0.0,0.908209187878674
Dielectric_FE_29,max_util,0.0,0.998685107001802
Dielectric_FE_29,max_avg_q_time,0.0,642.5429351026614
Dielectric_FE_29,setup_ratio_avg,0.0,0.0
Dielectric_FE_29,q_time_min_delta_120,-642.5429351026614,120.0
Dielectric_FE_29,wait_ratio_delta_120,-1.0,0.75
Dielectric_FE_29,wip_delta_120,-5.0,4.0
Dielectric_FE_29,max_util_delta_120,-0.9903417455465388,0.9898118504943948
Dielectric_FE_29,utilization_avg_delta_120,-0.7937126654018357,0.7797870321051353
Dielectric_FE_30,q_time_min,0.0,1131.6840675589322
Dielectric_FE_30,wait_ratio,0.0,46.0
Dielectric_FE_30,wip,0.0,48.0
Dielectric_FE_30,available_tool_ratio,0.0,1.0
Dielectric_FE_30,utilization_avg,0.0,0.9971728759483692
Dielectric_FE_30,max_util,0.0,1.0
Dielectric_FE_30,max_avg_q_time,0.0,1872.3583107905667
Dielectric_FE_30,setup_ratio_avg,0.0,0.0
Dielectric_FE_30,q_time_min_delta_120,-1040.3920006803164,306.24535233977565
Dielectric_FE_30,wait_ratio_delta_120,-24.5,8.5
Dielectric_FE_30,wip_delta_120,-6.0,8.0
Dielectric_FE_30,max_util_delta_120,-0.9997144346741454,0.9999780352571784
Dielectric_FE_30,utilization_avg_delta_120,-0.9919803429128176,0.9962368358565072
Dielectric_FE_31,q_time_min,0.0,1969.0176927180291
Dielectric_FE_31,wait_ratio,0.0,2.5
Dielectric_FE_31,wip,0.0,13.0
Dielectric_FE_31,available_tool_ratio,0.6,1.0
Dielectric_FE_31,utilization_avg,0.0,0.8880702096688522
Dielectric_FE_31,max_util,0.0,1.0
Dielectric_FE_31,max_avg_q_time,0.0,1969.0176927180291
Dielectric_FE_31,setup_ratio_avg,0.0,0.0
Dielectric_FE_31,q_time_min_delta_120,-1969.0176927180291,507.06814266102737
Dielectric_FE_31,wait_ratio_delta_120,-1.75,1.75
Dielectric_FE_31,wip_delta_120,-7.0,8.0
Dielectric_FE_31,max_util_delta_120,-1.0,1.0
Dielectric_FE_31,utilization_avg_delta_120,-0.8415657048396437,0.8880702096688522
Diffusion_BE_123,q_time_min,0.0,878.7796306970995
Diffusion_BE_123,wait_ratio,0.0,0.0909090909090909
Diffusion_BE_123,wip,0.0,12.0
Diffusion_BE_123,available_tool_ratio,0.75,1.0
Diffusion_BE_123,utilization_avg,0.0,0.8784568886786777
Diffusion_BE_123,max_util,0.0,1.0
Diffusion_BE_123,max_avg_q_time,0.0,878.7796306970995
Diffusion_BE_123,setup_ratio_avg,0.0,0.0
Diffusion_BE_123,q_time_min_delta_120,-878.7796306970995,518.7796306970995
Diffusion_BE_123,wait_ratio_delta_120,-0.0909090909090909,0.0909090909090909
Diffusion_BE_123,wip_delta_120,-6.0,5.0
Diffusion_BE_123,max_util_delta_120,-1.0,1.0
Diffusion_BE_123,utilization_avg_delta_120,-0.34451366443396797,0.35483490777686616
Diffusion_FE_100,q_time_min,0.0,4097.298232938134
Diffusion_FE_100,wait_ratio,0.0,3.0
Diffusion_FE_100,wip,0.0,5.0
Diffusion_FE_100,available_tool_ratio,0.0,1.0
Diffusion_FE_100,utilization_avg,0.0,1.0
Diffusion_FE_100,max_util,0.0,1.0
Diffusion_FE_100,max_avg_q_time,0.0,4097.298232938134
Diffusion_FE_100,setup_ratio_avg,0.0,0.0
Diffusion_FE_100,q_time_min_delta_120,-4097.298232938134,1920.3049318497651
Diffusion_FE_100,wait_ratio_delta_120,-2.5,2.0
Diffusion_FE_100,wip_delta_120,-2.0,2.0
Diffusion_FE_100,max_util_delta_120,-1.0,1.0
Diffusion_FE_100,utilization_avg_delta_120,-1.0,1.0
Diffusion_FE_101,q_time_min,0.0,1135.6476568148646
Diffusion_FE_101,wait_ratio,0.0,0.1666666666666666
Diffusion_FE_101,wip,0.0,9.0
Diffusion_FE_101,available_tool_ratio,0.75,1.0
Diffusion_FE_101,utilization_avg,0.0,0.995036729685762
Diffusion_FE_101,max_util,0.0,1.0
Diffusion_FE_101,max_avg_q_time,0.0,1135.6476568148646
Diffusion_FE_101,setup_ratio_avg,0.0,0.0
Diffusion_FE_101,q_time_min_delta_120,-1135.6476568148646,955.6476568148646
Diffusion_FE_101,wait_ratio_delta_120,-0.1428571428571428,0.1428571428571428
Diffusion_FE_101,wip_delta_120,-3.0,5.0
Diffusion_FE_101,max_util_delta_120,-1.0,1.0
Diffusion_FE_101,utilization_avg_delta_120,-0.4372982936105776,0.6012265214493406
Diffusion_FE_120,q_time_min,0.0,5745.331819116051
Diffusion_FE_120,wait_ratio,0.0,0.5
Diffusion_FE_120,wip,1.0,16.0
Diffusion_FE_120,available_tool_ratio,0.6363636363636364,1.0
Diffusion_FE_120,utilization_avg,0.1005909090909047,1.0
Diffusion_FE_120,max_util,1.0,1.0
Diffusion_FE_120,max_avg_q_time,0.0,6745.139999996041
Diffusion_FE_120,setup_ratio_avg,0.0,0.0
Diffusion_FE_120,q_time_min_delta_120,-5745.331819116051,5385.331819116051
Diffusion_FE_120,wait_ratio_delta_120,-0.3545454545454545,0.3636363636363636
Diffusion_FE_120,wip_delta_120,-8.0,6.0
Diffusion_FE_120,max_util_delta_120,0.0,1.0
Diffusion_FE_120,utilization_avg_delta_120,-0.46816676067922386,0.49186181028481135
Diffusion_FE_122,q_time_min,0.0,6469.859751845535
Diffusion_FE_122,wait_ratio,0.0,1.0
Diffusion_FE_122,wip,0.0,9.0
Diffusion_FE_122,available_tool_ratio,0.6,1.0
Diffusion_FE_122,utilization_avg,0.0,1.0
Diffusion_FE_122,max_util,0.0,1.0
Diffusion_FE_122,max_avg_q_time,0.0,11614.285356602282
Diffusion_FE_122,setup_ratio_avg,0.0,0.0
Diffusion_FE_122,q_time_min_delta_120,-6469.859751845535,6469.859751845535
Diffusion_FE_122,wait_ratio_delta_120,-0.75,0.75
Diffusion_FE_122,wip_delta_120,-3.0,4.0
Diffusion_FE_122,max_util_delta_120,-1.0,1.0
Diffusion_FE_122,utilization_avg_delta_120,-0.6363147331398795,0.72062719318618
Diffusion_FE_125,q_time_min,0.0,4040.661284814785
Diffusion_FE_125,wait_ratio,0.0,2.0
Diffusion_FE_125,wip,0.0,9.0
Diffusion_FE_125,available_tool_ratio,0.5,1.0
Diffusion_FE_125,utilization_avg,0.0,1.0
Diffusion_FE_125,max_util,0.0,1.0
Diffusion_FE_125,max_avg_q_time,0.0,4040.661284814785
Diffusion_FE_125,setup_ratio_avg,0.0,0.0
Diffusion_FE_125,q_time_min_delta_120,-3705.0116880428977,1745.9364557366207
Diffusion_FE_125,wait_ratio_delta_120,-1.3333333333333335,1.3333333333333335
Diffusion_FE_125,wip_delta_120,-4.0,6.0
Diffusion_FE_125,max_util_delta_120,-1.0,1.0
Diffusion_FE_125,utilization_avg_delta_120,-0.9278201755132613,0.9972627834798914
Diffusion_FE_126,q_time_min,0.0,223.96449308141743
Diffusion_FE_126,wait_ratio,0.0,0.3333333333333333
Diffusion_FE_126,wip,0.0,4.0
Diffusion_FE_126,available_tool_ratio,0.6666666666666666,1.0
Diffusion_FE_126,utilization_avg,0.0,1.0
Diffusion_FE_126,max_util,0.0,1.0
Diffusion_FE_126,max_avg_q_time,0.0,223.96449308141743
Diffusion_FE_126,setup_ratio_avg,0.0,0.0
Diffusion_FE_126,q_time_min_delta_120,-223.96449308141743,223.96449308141743
Diffusion_FE_126,wait_ratio_delta_120,-0.3333333333333333,0.3333333333333333
Diffusion_FE_126,wip_delta_120,-2.0,2.0
Diffusion_FE_126,max_util_delta_120,-1.0,1.0
Diffusion_FE_126,utilization_avg_delta_120,-0.6666666666666667,0.6666666666666666
Diffusion_FE_127,q_time_min,0.0,6299.748737789501
Diffusion_FE_127,wait_ratio,0.0,1.1428571428571428
Diffusion_FE_127,wip,0.0,16.0
Diffusion_FE_127,available_tool_ratio,0.6666666666666666,1.0
Diffusion_FE_127,utilization_avg,0.0,1.0
Diffusion_FE_127,max_util,0.0,1.0
Diffusion_FE_127,max_avg_q_time,0.0,6299.748737789501
Diffusion_FE_127,setup_ratio_avg,0.0,0.0
Diffusion_FE_127,q_time_min_delta_120,-6299.748737789501,4680.88556862557
Diffusion_FE_127,wait_ratio_delta_120,-0.75,0.7142857142857143
Diffusion_FE_127,wip_delta_120,-6.0,7.0
Diffusion_FE_127,max_util_delta_120,-0.7701057903758435,1.0
Diffusion_FE_127,utilization_avg_delta_120,-0.6698304667635561,0.7558789674677394
Diffusion_FE_44,q_time_min,0.0,8123.01648358196
Diffusion_FE_44,wait_ratio,0.0,0.4
Diffusion_FE_44,wip,0.0,15.0
Diffusion_FE_44,available_tool_ratio,0.7272727272727273,1.0
Diffusion_FE_44,utilization_avg,0.0,0.998200123555084
Diffusion_FE_44,max_util,0.0,1.0
Diffusion_FE_44,max_avg_q_time,0.0,8123.01648358196
Diffusion_FE_44,setup_ratio_avg,0.0,0.0
Diffusion_FE_44,q_time_min_delta_120,-8123.01648358196,7943.01648358196
Diffusion_FE_44,wait_ratio_delta_120,-0.3,0.3
Diffusion_FE_44,wip_delta_120,-6.0,6.0
Diffusion_FE_44,max_util_delta_120,-1.0,1.0
Diffusion_FE_44,utilization_avg_delta_120,-0.4728514638770183,0.49427627410391745
Diffusion_FE_94,q_time_min,0.0,11634.520310967338
Diffusion_FE_94,wait_ratio,0.0,0.2
Diffusion_FE_94,wip,0.0,13.0
Diffusion_FE_94,available_tool_ratio,0.7272727272727273,1.0
Diffusion_FE_94,utilization_avg,0.0,1.0
Diffusion_FE_94,max_util,0.0,1.0
Diffusion_FE_94,max_avg_q_time,0.0,11950.363553624804
Diffusion_FE_94,setup_ratio_avg,0.0,0.0
Diffusion_FE_94,q_time_min_delta_120,-11634.520310967338,11274.520310967338
Diffusion_FE_94,wait_ratio_delta_120,-0.2,0.2
Diffusion_FE_94,wip_delta_120,-6.0,5.0
Diffusion_FE_94,max_util_delta_120,-1.0,1.0
Diffusion_FE_94,utilization_avg_delta_120,-0.5468606595438552,0.4763402142169291
EPI_36,q_time_min,0.0,864.873512385413
EPI_36,wait_ratio,0.0,3.0
EPI_36,wip,0.0,5.0
EPI_36,available_tool_ratio,0.5,1.0
EPI_36,utilization_avg,0.0,0.8958463879642296
EPI_36,max_util,0.0,0.9477052846615456
EPI_36,max_avg_q_time,0.0,864.873512385413
EPI_36,setup_ratio_avg,0.0,0.0
EPI_36,q_time_min_delta_120,-864.873512385413,221.58831565430467
EPI_36,wait_ratio_delta_120,-2.0,2.0
EPI_36,wip_delta_120,-3.0,3.0
EPI_36,max_util_delta_120,-0.939655949112542,0.9477052846615456
EPI_36,utilization_avg_delta_120,-0.8724507515250783,0.8958463879642296
EPI_38,q_time_min,0.0,527.4263242495026
EPI_38,wait_ratio,0.0,11.0
EPI_38,wip,0.0,12.0
EPI_38,available_tool_ratio,0.0,1.0
EPI_38,utilization_avg,0.0,0.9965952132761836
EPI_38,max_util,0.0,0.9965952132761836
EPI_38,max_avg_q_time,0.0,527.4263242495026
EPI_38,setup_ratio_avg,0.0,0.0
EPI_38,q_time_min_delta_120,-506.5999335702036,120.00000000000003
EPI_38,wait_ratio_delta_120,-4.0,4.0
EPI_38,wip_delta_120,-4.0,4.0
EPI_38,max_util_delta_120,-0.9797337621828774,0.989715987339999
EPI_38,utilization_avg_delta_120,-0.9797337621828774,0.989715987339999
Implant_119,q_time_min,0.0,939.4672187375328
Implant_119,wait_ratio,0.0,6.0
Implant_119,wip,0.0,7.0
Implant_119,available_tool_ratio,0.0,1.0
Implant_119,utilization_avg,0.0,0.9282831002198996
Implant_119,max_util,0.0,0.9962767362701318
Implant_119,max_avg_q_time,0.0,939.4672187375328
Implant_119,setup_ratio_avg,0.0,0.0
Implant_119,q_time_min_delta_120,-939.4672187375328,299.3991263998032
Implant_119,wait_ratio_delta_120,-4.0,3.0
Implant_119,wip_delta_120,-4.0,4.0
Implant_119,max_util_delta_120,-0.9962767362701318,0.9962767362701318
Implant_119,utilization_avg_delta_120,-0.8176647366726078,0.9282831002198996
Implant_128,q_time_min,0.0,2350.5507500490057
Implant_128,wait_ratio,0.0,2.0
Implant_128,wip,0.0,22.0
Implant_128,available_tool_ratio,0.5454545454545454,1.0
Implant_128,utilization_avg,0.0,0.8722868904294349
Implant_128,max_util,0.0,1.0
Implant_128,max_avg_q_time,0.0,2350.5507500490057
Implant_128,setup_ratio_avg,0.0,0.0
Implant_128,q_time_min_delta_120,-2350.5507500490057,820.5401042516978
Implant_128,wait_ratio_delta_120,-1.2619047619047619,1.5
Implant_128,wip_delta_120,-12.0,12.0
Implant_128,max_util_delta_120,-0.9899205838615824,0.9319360378899546
Implant_128,utilization_avg_delta_120,-0.561924948065412,0.5969639415308794
Implant_132,q_time_min,0.0,2350.452268754656
Implant_132,wait_ratio,0.0,3.25
Implant_132,wip,0.0,21.0
Implant_132,available_tool_ratio,0.375,1.0
Implant_132,utilization_avg,0.0,0.9545558145125294
Implant_132,max_util,0.0,1.0
Implant_132,max_avg_q_time,0.0,2350.452268754656
Implant_132,setup_ratio_avg,0.0,0.0
Implant_132,q_time_min_delta_120,-2350.452268754656,1101.1241784011509
Implant_132,wait_ratio_delta_120,-1.8,1.6666666666666665
Implant_132,wip_delta_120,-11.0,12.0
Implant_132,max_util_delta_120,-0.854205782560166,0.854205782560166
Implant_132,utilization_avg_delta_120,-0.6586173250432998,0.6414357281239215
Implant_74,q_time_min,0.0,1685.5373510377249
Implant_74,wait_ratio,0.0,8.0
Implant_74,wip,0.0,10.0
Implant_74,available_tool_ratio,0.0,1.0
Implant_74,utilization_avg,0.0,0.9751364755441804
Implant_74,max_util,0.0,0.9924887623887724
Implant_74,max_avg_q_time,0.0,1685.5373510377249
Implant_74,setup_ratio_avg,0.0,0.0
Implant_74,q_time_min_delta_120,-1653.4807354611912,455.7119773392432
Implant_74,wait_ratio_delta_120,-4.5,7.0
Implant_74,wip_delta_120,-8.0,9.0
Implant_74,max_util_delta_120,-0.9924887623887724,0.9923942105956182
Implant_74,utilization_avg_delta_120,-0.9490993996951148,0.9751364755441804
Implant_88,q_time_min,0.0,1223.9985067331654
Implant_88,wait_ratio,0.0,18.0
Implant_88,wip,0.0,20.0
Implant_88,available_tool_ratio,0.0,1.0
Implant_88,utilization_avg,0.0,0.9910587492692382
Implant_88,max_util,0.0,1.0
Implant_88,max_avg_q_time,0.0,1435.7598620465822
Implant_88,setup_ratio_avg,0.0,0.0
Implant_88,q_time_min_delta_120,-1138.824374495016,491.0118261444626
Implant_88,wait_ratio_delta_120,-9.5,6.0
Implant_88,wip_delta_120,-7.0,6.0
Implant_88,max_util_delta_120,-0.9814153583950732,0.9925563023733656
Implant_88,utilization_avg_delta_120,-0.8989392711007289,0.8916556657771708
Implant_90,q_time_min,0.0,1404.2588652803097
Implant_90,wait_ratio,0.0,9.0
Implant_90,wip,0.0,11.0
Implant_90,available_tool_ratio,0.0,1.0
Implant_90,utilization_avg,0.0,0.9911349667109486
Implant_90,max_util,0.0,0.9998572140390024
Implant_90,max_avg_q_time,0.0,1500.5857040194096
Implant_90,setup_ratio_avg,0.0,0.0
Implant_90,q_time_min_delta_120,-1404.2588652803097,500.5105915537673
Implant_90,wait_ratio_delta_120,-3.0,3.5
Implant_90,wip_delta_120,-7.0,6.0
Implant_90,max_util_delta_120,-0.996377006784678,0.9971636472762232
Implant_90,utilization_avg_delta_120,-0.97071534524639,0.9911349667109486
Implant_91,q_time_min,0.0,1995.6620419462345
Implant_91,wait_ratio,0.0,8.0
Implant_91,wip,0.0,38.0
Implant_91,available_tool_ratio,0.5,1.0
Implant_91,utilization_avg,0.0,0.9824505969543276
Implant_91,max_util,0.0,1.0
Implant_91,max_avg_q_time,0.0,2012.3114156025697
Implant_91,setup_ratio_avg,0.0,0.0
Implant_91,q_time_min_delta_120,-1995.6620419462345,1302.0282109810296
Implant_91,wait_ratio_delta_120,-3.5999999999999996,5.25
Implant_91,wip_delta_120,-18.0,25.0
Implant_91,max_util_delta_120,-0.9390116789675328,0.8606955401430848
Implant_91,utilization_avg_delta_120,-0.8780791316408897,0.8825341188423208
LithoMet_BE_18,q_time_min,0.0,3742.1005543469146
LithoMet_BE_18,wait_ratio,0.0,1.3
LithoMet_BE_18,wip,0.0,27.0
LithoMet_BE_18,available_tool_ratio,0.6,1.0
LithoMet_BE_18,utilization_avg,0.0,0.8872212010535684
LithoMet_BE_18,max_util,0.0,1.0
LithoMet_BE_18,max_avg_q_time,0.0,4462.100554346915
LithoMet_BE_18,setup_ratio_avg,0.0,0.0
LithoMet_BE_18,q_time_min_delta_120,-2981.826440117151,2693.8715909428674
LithoMet_BE_18,wait_ratio_delta_120,-1.0714285714285714,1.1958041958041958
LithoMet_BE_18,wip_delta_120,-18.0,17.0
LithoMet_BE_18,max_util_delta_120,-0.8982366432829925,0.9962158777686152
LithoMet_BE_18,utilization_avg_delta_120,-0.569197807731592,0.5771097514430908
LithoMet_FE_19,q_time_min,0.0,4141.566511678107
LithoMet_FE_19,wait_ratio,0.0,2.066666666666667
LithoMet_FE_19,wip,0.0,53.0
LithoMet_FE_19,available_tool_ratio,0.65,1.0
LithoMet_FE_19,utilization_avg,0.0,0.9415008892672192
LithoMet_FE_19,max_util,0.0,1.0
LithoMet_FE_19,max_avg_q_time,0.0,4141.566511678107
LithoMet_FE_19,setup_ratio_avg,0.0,0.0
LithoMet_FE_19,q_time_min_delta_120,-4138.446514837329,3070.5197719688354
LithoMet_FE_19,wait_ratio_delta_120,-1.3981900452488687,1.8713235294117645
LithoMet_FE_19,wip_delta_120,-30.0,31.0
LithoMet_FE_19,max_util_delta_120,-0.9702830753864116,0.8662924509703089
LithoMet_FE_19,utilization_avg_delta_120,-0.5977950800803591,0.6274383014726058
LithoTrack_BE_117,q_time_min,0.0,1670.4762495392642
LithoTrack_BE_117,wait_ratio,0.0,1.5
LithoTrack_BE_117,wip,0.0,9.0
LithoTrack_BE_117,available_tool_ratio,0.4,1.0
LithoTrack_BE_117,utilization_avg,0.0,0.9944778949605584
LithoTrack_BE_117,max_util,0.0,1.0
LithoTrack_BE_117,max_avg_q_time,0.0,1670.4762495392642
LithoTrack_BE_117,setup_ratio_avg,0.0,0.0
LithoTrack_BE_117,q_time_min_delta_120,-1656.8269016908162,272.48908405572
LithoTrack_BE_117,wait_ratio_delta_120,-1.1666666666666667,1.1666666666666667
LithoTrack_BE_117,wip_delta_120,-6.0,6.0
LithoTrack_BE_117,max_util_delta_120,-1.0,1.0
LithoTrack_BE_117,utilization_avg_delta_120,-0.8257877807099916,0.8212804541356552
LithoTrack_FE_115,q_time_min,0.0,5.930108141415985
LithoTrack_FE_115,wait_ratio,0.0,0.0784313725490196
LithoTrack_FE_115,wip,0.0,49.0
LithoTrack_FE_115,available_tool_ratio,0.7037037037037037,1.0
LithoTrack_FE_115,utilization_avg,0.0,0.7304372608888554
LithoTrack_FE_115,max_util,0.0,1.0
LithoTrack_FE_115,max_avg_q_time,0.0,120.0
LithoTrack_FE_115,setup_ratio_avg,0.0,0.0
LithoTrack_FE_115,q_time_min_delta_120,-5.930108141415985,5.930108141415985
LithoTrack_FE_115,wait_ratio_delta_120,-0.0784313725490196,0.0784313725490196
LithoTrack_FE_115,wip_delta_120,-26.0,29.0
LithoTrack_FE_115,max_util_delta_120,-1.0,1.0
LithoTrack_FE_115,utilization_avg_delta_120,-0.4141102022894043,0.41663466457639187
LithoTrack_FE_95,q_time_min,0.0,0.0
LithoTrack_FE_95,wait_ratio,0.0,0.0
LithoTrack_FE_95,wip,0.0,41.0
LithoTrack_FE_95,available_tool_ratio,0.6981132075471698,1.0
LithoTrack_FE_95,utilization_avg,0.0,0.6024855786220261
LithoTrack_FE_95,max_util,0.0,1.0
LithoTrack_FE_95,max_avg_q_time,0.0,0.0
LithoTrack_FE_95,setup_ratio_avg,0.0,0.0
LithoTrack_FE_95,q_time_min_delta_120,0.0,0.0
LithoTrack_FE_95,wait_ratio_delta_120,0.0,0.0
LithoTrack_FE_95,wip_delta_120,-23.0,19.0
LithoTrack_FE_95,max_util_delta_120,-1.0,1.0
LithoTrack_FE_95,utilization_avg_delta_120,-0.2810803836847407,0.3305443979010924
LithoTrack_FE_96,q_time_min,0.0,1821.198493817239
LithoTrack_FE_96,wait_ratio,0.0,3.0
LithoTrack_FE_96,wip,0.0,5.0
LithoTrack_FE_96,available_tool_ratio,0.0,1.0
LithoTrack_FE_96,utilization_avg,0.0,0.9978427404729396
LithoTrack_FE_96,max_util,0.0,0.9993338769076218
LithoTrack_FE_96,max_avg_q_time,0.0,1821.198493817239
LithoTrack_FE_96,setup_ratio_avg,0.0,0.0
LithoTrack_FE_96,q_time_min_delta_120,-1821.198493817239,517.3229394457303
LithoTrack_FE_96,wait_ratio_delta_120,-2.5,3.0
LithoTrack_FE_96,wip_delta_120,-4.0,4.0
LithoTrack_FE_96,max_util_delta_120,-0.9985563044855856,0.998756024530303
LithoTrack_FE_96,utilization_avg_delta_120,-0.9962803999305834,0.9788363043410452
Litho_BE_110,q_time_min,0.0,267.1311640427739
Litho_BE_110,wait_ratio,0.0,0.12
Litho_BE_110,wip,0.0,25.0
Litho_BE_110,available_tool_ratio,0.6896551724137931,1.0
Litho_BE_110,utilization_avg,0.0,0.7637881093508638
Litho_BE_110,max_util,0.0,1.0
Litho_BE_110,max_avg_q_time,0.0,267.1311640427739
Litho_BE_110,setup_ratio_avg,0.0,0.0
Litho_BE_110,q_time_min_delta_120,-267.1311640427739,120.0
Litho_BE_110,wait_ratio_delta_120,-0.08153846153846159,0.12
Litho_BE_110,wip_delta_120,-18.0,18.0
Litho_BE_110,max_util_delta_120,-1.0,1.0
Litho_BE_110,utilization_avg_delta_120,-0.5551423560458151,0.5286037861087712
Litho_BE_93,q_time_min,0.0,1934.9939870692397
Litho_BE_93,wait_ratio,0.0,8.0
Litho_BE_93,wip,0.0,10.0
Litho_BE_93,available_tool_ratio,0.0,1.0
Litho_BE_93,utilization_avg,0.0,0.9610256543074986
Litho_BE_93,max_util,0.0,1.0
Litho_BE_93,max_avg_q_time,0.0,2023.559401673299
Litho_BE_93,setup_ratio_avg,0.0,0.0
Litho_BE_93,q_time_min_delta_120,-1934.9939870692397,704.7404761101898
Litho_BE_93,wait_ratio_delta_120,-4.5,4.0
Litho_BE_93,wip_delta_120,-5.0,5.0
Litho_BE_93,max_util_delta_120,-1.0,1.0
Litho_BE_93,utilization_avg_delta_120,-0.9503606384838348,0.9576728232535564
Litho_BE_99,q_time_min,0.0,1949.3484371740196
Litho_BE_99,wait_ratio,0.0,7.0
Litho_BE_99,wip,0.0,13.0
Litho_BE_99,available_tool_ratio,0.3333333333333333,1.0
Litho_BE_99,utilization_avg,0.0,0.9966452853009994
Litho_BE_99,max_util,0.0,1.0
Litho_BE_99,max_avg_q_time,0.0,2054.4888876688856
Litho_BE_99,setup_ratio_avg,0.0,0.0
Litho_BE_99,q_time_min_delta_120,-1949.3484371740196,717.2065692475153
Litho_BE_99,wait_ratio_delta_120,-4.0,5.0
Litho_BE_99,wip_delta_120,-6.0,6.0
Litho_BE_99,max_util_delta_120,-1.0,1.0
Litho_BE_99,utilization_avg_delta_120,-0.9843023941057052,0.9843023941057052
Litho_FE_111,q_time_min,0.0,1745.8263032874893
Litho_FE_111,wait_ratio,0.0,0.45
Litho_FE_111,wip,0.0,28.0
Litho_FE_111,available_tool_ratio,0.6521739130434783,1.0
Litho_FE_111,utilization_avg,0.0,0.8543893269692858
Litho_FE_111,max_util,0.0,1.0
Litho_FE_111,max_avg_q_time,0.0,1745.8263032874893
Litho_FE_111,setup_ratio_avg,0.0,0.0
Litho_FE_111,q_time_min_delta_120,-1745.8263032874893,376.97272068257007
Litho_FE_111,wait_ratio_delta_120,-0.30000000000000004,0.3157894736842105
Litho_FE_111,wip_delta_120,-18.0,19.0
Litho_FE_111,max_util_delta_120,-0.94650571969255,0.94650571969255
Litho_FE_111,utilization_avg_delta_120,-0.5833720626593487,0.6303177854257123
Litho_FE_35,q_time_min,0.0,2811.843827101387
Litho_FE_35,wait_ratio,0.0,14.0
Litho_FE_35,wip,0.0,16.0
Litho_FE_35,available_tool_ratio,0.0,1.0
Litho_FE_35,utilization_avg,0.0,0.9951183047208664
Litho_FE_35,max_util,0.0,1.0
Litho_FE_35,max_avg_q_time,0.0,2811.843827101387
Litho_FE_35,setup_ratio_avg,0.0,0.0
Litho_FE_35,q_time_min_delta_120,-2711.8318477782736,1284.3784522565106
Litho_FE_35,wait_ratio_delta_120,-5.5,4.0
Litho_FE_35,wip_delta_120,-4.0,4.0
Litho_FE_35,max_util_delta_120,-1.0,1.0
Litho_FE_35,utilization_avg_delta_120,-0.967411756495858,0.9789028801865546
Litho_FE_92,q_time_min,0.0,1471.4717360609648
Litho_FE_92,wait_ratio,0.0,0.2222222222222222
Litho_FE_92,wip,0.0,39.0
Litho_FE_92,available_tool_ratio,0.7352941176470589,1.0
Litho_FE_92,utilization_avg,0.0,0.8538489233717401
Litho_FE_92,max_util,0.0,1.0
Litho_FE_92,max_avg_q_time,0.0,1471.4717360609648
Litho_FE_92,setup_ratio_avg,0.0,0.0
Litho_FE_92,q_time_min_delta_120,-1471.4717360609648,974.169085667214
Litho_FE_92,wait_ratio_delta_120,-0.2222222222222222,0.2222222222222222
Litho_FE_92,wip_delta_120,-27.0,22.0
Litho_FE_92,max_util_delta_120,-1.0,1.0
Litho_FE_92,utilization_avg_delta_120,-0.714247161226205,0.48658082988719503
Litho_FE_98,q_time_min,0.0,3862.7674549369185
Litho_FE_98,wait_ratio,0.0,4.5
Litho_FE_98,wip,0.0,16.0
Litho_FE_98,available_tool_ratio,0.3333333333333333,1.0
Litho_FE_98,utilization_avg,0.0,0.998170192370243
Litho_FE_98,max_util,0.0,1.0
Litho_FE_98,max_avg_q_time,0.0,3862.7674549369185
Litho_FE_98,setup_ratio_avg,0.0,0.0
Litho_FE_98,q_time_min_delta_120,-3862.7674549369185,2087.3529928639255
Litho_FE_98,wait_ratio_delta_120,-2.0,2.0
Litho_FE_98,wip_delta_120,-9.0,8.0
Litho_FE_98,max_util_delta_120,-1.0,1.0
Litho_FE_98,utilization_avg_delta_120,-0.8110417788722164,0.9394816897803796
Litho_REG_BE_63,q_time_min,0.0,2250.5420963992365
Litho_REG_BE_63,wait_ratio,0.0,3.6666666666666665
Litho_REG_BE_63,wip,0.0,29.0
Litho_REG_BE_63,available_tool_ratio,0.6666666666666666,1.0
Litho_REG_BE_63,utilization_avg,0.0,0.927660226983156
Litho_REG_BE_63,max_util,0.0,1.0
Litho_REG_BE_63,max_avg_q_time,0.0,2275.5691571781936
Litho_REG_BE_63,setup_ratio_avg,0.0,0.0
Litho_REG_BE_63,q_time_min_delta_120,-2250.5420963992365,1578.1984396096304
Litho_REG_BE_63,wait_ratio_delta_120,-1.9047619047619049,1.8333333333333335
Litho_REG_BE_63,wip_delta_120,-13.0,13.0
Litho_REG_BE_63,max_util_delta_120,-1.0,1.0
Litho_REG_BE_63,utilization_avg_delta_120,-0.6371164483335666,0.6921106992230677
Litho_REG_FE_64,q_time_min,0.0,3048.300616493245
Litho_REG_FE_64,wait_ratio,0.0,10.7
Litho_REG_FE_64,wip,0.0,136.0
Litho_REG_FE_64,available_tool_ratio,0.6,1.0
Litho_REG_FE_64,utilization_avg,0.0,0.9749979302178772
Litho_REG_FE_64,max_util,0.0,1.0
Litho_REG_FE_64,max_avg_q_time,0.0,3288.300616493245
Litho_REG_FE_64,setup_ratio_avg,0.0,0.0
Litho_REG_FE_64,q_time_min_delta_120,-2818.938836669194,2367.4495637150367
Litho_REG_FE_64,wait_ratio_delta_120,-1.6602564102564097,2.5272727272727282
Litho_REG_FE_64,wip_delta_120,-26.0,24.0
Litho_REG_FE_64,max_util_delta_120,-0.991491362969282,0.9697270660293422
Litho_REG_FE_64,utilization_avg_delta_120,-0.5253708582294047,0.6181992915979592
Planar_BE_75,q_time_min,0.0,0.0
Planar_BE_75,wait_ratio,0.0,0.0
Planar_BE_75,wip,0.0,18.0
Planar_BE_75,available_tool_ratio,0.7727272727272727,1.0
Planar_BE_75,utilization_avg,0.0,0.6119669664783556
Planar_BE_75,max_util,0.0,1.0
Planar_BE_75,max_avg_q_time,0.0,0.0
Planar_BE_75,setup_ratio_avg,0.0,0.0
Planar_BE_75,q_time_min_delta_120,0.0,0.0
Planar_BE_75,wait_ratio_delta_120,0.0,0.0
Planar_BE_75,wip_delta_120,-12.0,14.0
Planar_BE_75,max_util_delta_120,-1.0,1.0
Planar_BE_75,utilization_avg_delta_120,-0.48475403587960475,0.4539138540197945
Planar_FE_76,q_time_min,0.0,1265.1653990882187
Planar_FE_76,wait_ratio,0.0,6.0
Planar_FE_76,wip,0.0,15.0
Planar_FE_76,available_tool_ratio,0.3333333333333333,1.0
Planar_FE_76,utilization_avg,0.0,1.0
Planar_FE_76,max_util,0.0,1.0
Planar_FE_76,max_avg_q_time,0.0,1265.1653990882187
Planar_FE_76,setup_ratio_avg,0.0,0.0
Planar_FE_76,q_time_min_delta_120,-1265.1653990882187,524.964243116061
Planar_FE_76,wait_ratio_delta_120,-3.5,3.0
Planar_FE_76,wip_delta_120,-6.0,7.0
Planar_FE_76,max_util_delta_120,-1.0,1.0
Planar_FE_76,utilization_avg_delta_120,-0.9946885964479104,1.0
Planar_FE_77,q_time_min,0.0,1033.7539990026562
Planar_FE_77,wait_ratio,0.0,15.0
Planar_FE_77,wip,0.0,19.0
Planar_FE_77,available_tool_ratio,0.0,1.0
Planar_FE_77,utilization_avg,0.0,0.9978685952314966
Planar_FE_77,max_util,0.0,1.0
Planar_FE_77,max_avg_q_time,0.0,1205.4377070865885
Planar_FE_77,setup_ratio_avg,0.0,0.0
Planar_FE_77,q_time_min_delta_120,-1022.1020227914704,525.3849223876692
Planar_FE_77,wait_ratio_delta_120,-9.0,10.0
Planar_FE_77,wip_delta_120,-9.0,15.0
Planar_FE_77,max_util_delta_120,-0.9998164863917434,0.9998337405122584
Planar_FE_77,utilization_avg_delta_120,-0.9935712176987384,0.9948848539035277
Planar_FE_78,q_time_min,0.0,992.636429577673
Planar_FE_78,wait_ratio,0.0,3.0
Planar_FE_78,wip,0.0,5.0
Planar_FE_78,available_tool_ratio,0.0,1.0
Planar_FE_78,utilization_avg,0.0,0.9923301865897276
Planar_FE_78,max_util,0.0,1.0
Planar_FE_78,max_avg_q_time,0.0,992.636429577673
Planar_FE_78,setup_ratio_avg,0.0,0.0
Planar_FE_78,q_time_min_delta_120,-992.636429577673,270.21492944536783
Planar_FE_78,wait_ratio_delta_120,-3.0,2.0
Planar_FE_78,wip_delta_120,-4.0,3.0
Planar_FE_78,max_util_delta_120,-1.0,1.0
Planar_FE_78,utilization_avg_delta_120,-0.9838382580504306,0.9838382580504306
Planar_FE_79,q_time_min,0.0,1214.0080357621628
Planar_FE_79,wait_ratio,0.0,1.0
Planar_FE_79,wip,0.0,12.0
Planar_FE_79,available_tool_ratio,0.5,1.0
Planar_FE_79,utilization_avg,0.0,0.9973520246758806
Planar_FE_79,max_util,0.0,1.0
Planar_FE_79,max_avg_q_time,0.0,1214.0080357621628
Planar_FE_79,setup_ratio_avg,0.0,0.0
Planar_FE_79,q_time_min_delta_120,-1181.3789791780146,382.82441282476066
Planar_FE_79,wait_ratio_delta_120,-1.0,1.0
Planar_FE_79,wip_delta_120,-10.0,10.0
Planar_FE_79,max_util_delta_120,-1.0,1.0
Planar_FE_79,utilization_avg_delta_120,-0.9150141713258764,0.9245660398123924
Planar_FE_80,q_time_min,0.0,835.1272904502985
Planar_FE_80,wait_ratio,0.0,5.0
Planar_FE_80,wip,0.0,7.0
Planar_FE_80,available_tool_ratio,0.0,1.0
Planar_FE_80,utilization_avg,0.0,0.9885782363275212
Planar_FE_80,max_util,0.0,0.999504001782528
Planar_FE_80,max_avg_q_time,0.0,947.6909472912956
Planar_FE_80,setup_ratio_avg,0.0,0.0
Planar_FE_80,q_time_min_delta_120,-835.1272904502985,286.27963495432414
Planar_FE_80,wait_ratio_delta_120,-2.0,3.0
Planar_FE_80,wip_delta_120,-3.0,3.0
Planar_FE_80,max_util_delta_120,-0.9994161501599592,0.999504001782528
Planar_FE_80,utilization_avg_delta_120,-0.9885782363275212,0.9885782363275212
TF_BE_2,q_time_min,0.0,865.1226519526535
TF_BE_2,wait_ratio,0.0,2.3333333333333335
TF_BE_2,wip,0.0,11.0
TF_BE_2,available_tool_ratio,0.5,1.0
TF_BE_2,utilization_avg,0.0,1.0
TF_BE_2,max_util,0.0,1.0
TF_BE_2,max_avg_q_time,0.0,865.1226519526535
TF_BE_2,setup_ratio_avg,0.0,0.0
TF_BE_2,q_time_min_delta_120,-865.1226519526535,223.25886280781924
TF_BE_2,wait_ratio_delta_120,-1.3333333333333335,2.0
TF_BE_2,wip_delta_120,-7.0,8.0
TF_BE_2,max_util_delta_120,-1.0,1.0
TF_BE_2,utilization_avg_delta_120,-1.0,0.9986045272892624
TF_BE_23,q_time_min,0.0,0.0
TF_BE_23,wait_ratio,0.0,0.0
TF_BE_23,wip,0.0,18.0
TF_BE_23,available_tool_ratio,0.7142857142857143,1.0
TF_BE_23,utilization_avg,0.0,0.629333789804791
TF_BE_23,max_util,0.0,1.0
TF_BE_23,max_avg_q_time,0.0,0.0
TF_BE_23,setup_ratio_avg,0.0,0.0
TF_BE_23,q_time_min_delta_120,0.0,0.0
TF_BE_23,wait_ratio_delta_120,0.0,0.0
TF_BE_23,wip_delta_120,-13.0,11.0
TF_BE_23,max_util_delta_120,-1.0,1.0
TF_BE_23,utilization_avg_delta_120,-0.4464927885271744,0.4559567422556621
TF_BE_24,q_time_min,0.0,1296.4093623838123
TF_BE_24,wait_ratio,0.0,2.5
TF_BE_24,wip,0.0,15.0
TF_BE_24,available_tool_ratio,0.4,1.0
TF_BE_24,utilization_avg,0.0,1.0
TF_BE_24,max_util,0.0,1.0
TF_BE_24,max_avg_q_time,0.0,1296.4093623838123
TF_BE_24,setup_ratio_avg,0.0,0.0
TF_BE_24,q_time_min_delta_120,-1296.4093623838123,510.80598109436926
TF_BE_24,wait_ratio_delta_120,-1.9,2.0
TF_BE_24,wip_delta_120,-8.0,12.0
TF_BE_24,max_util_delta_120,-1.0,1.0
TF_BE_24,utilization_avg_delta_120,-0.9644750959801118,1.0
TF_BE_26,q_time_min,0.0,996.1844062510864
TF_BE_26,wait_ratio,0.0,0.2142857142857142
TF_BE_26,wip,0.0,18.0
TF_BE_26,available_tool_ratio,0.625,1.0
TF_BE_26,utilization_avg,0.0,0.8752065203211032
TF_BE_26,max_util,0.0,1.0
TF_BE_26,max_avg_q_time,0.0,996.1844062510864
TF_BE_26,setup_ratio_avg,0.0,0.0
TF_BE_26,q_time_min_delta_120,-996.1844062510864,502.3136862238267
TF_BE_26,wait_ratio_delta_120,-0.2142857142857142,0.2142857142857142
TF_BE_26,wip_delta_120,-13.0,16.0
TF_BE_26,max_util_delta_120,-1.0,1.0
TF_BE_26,utilization_avg_delta_120,-0.7531285307540353,0.6839282320759443
TF_BE_40,q_time_min,0.0,0.0
TF_BE_40,wait_ratio,0.0,0.0
TF_BE_40,wip,0.0,22.0
TF_BE_40,available_tool_ratio,0.7692307692307693,1.0
TF_BE_40,utilization_avg,0.0,0.6209577730573446
TF_BE_40,max_util,0.0,1.0
TF_BE_40,max_avg_q_time,0.0,0.0
TF_BE_40,setup_ratio_avg,0.0,0.0
TF_BE_40,q_time_min_delta_120,0.0,0.0
TF_BE_40,wait_ratio_delta_120,0.0,0.0
TF_BE_40,wip_delta_120,-13.0,13.0
TF_BE_40,max_util_delta_120,-1.0,1.0
TF_BE_40,utilization_avg_delta_120,-0.40497551153476274,0.40725390745952056
TF_FE_103,q_time_min,0.0,2583.336068309989
TF_FE_103,wait_ratio,0.0,2.25
TF_FE_103,wip,0.0,14.0
TF_FE_103,available_tool_ratio,0.6,1.0
TF_FE_103,utilization_avg,0.0,1.0
TF_FE_103,max_util,0.0,1.0
TF_FE_103,max_avg_q_time,0.0,2583.336068309989
TF_FE_103,setup_ratio_avg,0.0,0.0
TF_FE_103,q_time_min_delta_120,-2568.413186713704,1682.8040655299847
TF_FE_103,wait_ratio_delta_120,-1.55,1.75
TF_FE_103,wip_delta_120,-9.0,12.0
TF_FE_103,max_util_delta_120,-1.0,1.0
TF_FE_103,utilization_avg_delta_120,-1.0,1.0
TF_FE_104,q_time_min,0.0,1897.1758411599585
TF_FE_104,wait_ratio,0.0,2.2
TF_FE_104,wip,0.0,18.0
TF_FE_104,available_tool_ratio,0.5,1.0
TF_FE_104,utilization_avg,0.0,1.0
TF_FE_104,max_util,0.0,1.0
TF_FE_104,max_avg_q_time,0.0,1897.1758411599585
TF_FE_104,setup_ratio_avg,0.0,0.0
TF_FE_104,q_time_min_delta_120,-1897.1758411599585,609.3788342627669
TF_FE_104,wait_ratio_delta_120,-1.4,2.0
TF_FE_104,wip_delta_120,-11.0,18.0
TF_FE_104,max_util_delta_120,-1.0,1.0
TF_FE_104,utilization_avg_delta_120,-0.9154051963080241,0.9984342832571
TF_FE_113,q_time_min,0.0,918.0131004744908
TF_FE_113,wait_ratio,0.0,5.0
TF_FE_113,wip,0.0,10.0
TF_FE_113,available_tool_ratio,0.3333333333333333,1.0
TF_FE_113,utilization_avg,0.0,1.0
TF_FE_113,max_util,0.0,1.0
TF_FE_113,max_avg_q_time,0.0,918.0131004744908
TF_FE_113,setup_ratio_avg,0.0,0.0
TF_FE_113,q_time_min_delta_120,-918.0131004744908,231.53630647686805
TF_FE_113,wait_ratio_delta_120,-3.3333333333333335,2.0
TF_FE_113,wip_delta_120,-6.0,6.0
TF_FE_113,max_util_delta_120,-1.0,1.0
TF_FE_113,utilization_avg_delta_120,-0.9969575324776492,1.0
TF_FE_131,q_time_min,0.0,791.8140547530638
TF_FE_131,wait_ratio,0.0,3.0
TF_FE_131,wip,0.0,20.0
TF_FE_131,available_tool_ratio,0.5714285714285714,1.0
TF_FE_131,utilization_avg,0.0,1.0
TF_FE_131,max_util,0.0,1.0
TF_FE_131,max_avg_q_time,0.0,816.3103100808803
TF_FE_131,setup_ratio_avg,0.0,0.0
TF_FE_131,q_time_min_delta_120,-791.8140547530638,337.03482098251095
TF_FE_131,wait_ratio_delta_120,-1.2666666666666668,1.5
TF_FE_131,wip_delta_120,-11.0,11.0
TF_FE_131,max_util_delta_120,-1.0,1.0
TF_FE_131,utilization_avg_delta_120,-0.931128323515094,0.8878299651521956
TF_FE_3,q_time_min,0.0,944.9530720183976
TF_FE_3,wait_ratio,0.0,6.0
TF_FE_3,wip,0.0,14.0
TF_FE_3,available_tool_ratio,0.3333333333333333,1.0
TF_FE_3,utilization_avg,0.0,1.0
TF_FE_3,max_util,0.0,1.0
TF_FE_3,max_avg_q_time,0.0,1053.3539457454317
TF_FE_3,setup_ratio_avg,0.0,0.0
TF_FE_3,q_time_min_delta_120,-944.9530720183976,541.4669802628923
TF_FE_3,wait_ratio_delta_120,-4.5,4.5
TF_FE_3,wip_delta_120,-6.0,13.0
TF_FE_3,max_util_delta_120,-1.0,1.0
TF_FE_3,utilization_avg_delta_120,-1.0,1.0
TF_FE_5,q_time_min,0.0,2014.6875813245715
TF_FE_5,wait_ratio,0.0,3.0
TF_FE_5,wip,0.0,12.0
TF_FE_5,available_tool_ratio,0.25,1.0
TF_FE_5,utilization_avg,0.0,0.9981010318101652
TF_FE_5,max_util,0.0,1.0
TF_FE_5,max_avg_q_time,0.0,2374.6875813245715
TF_FE_5,setup_ratio_avg,0.0,0.0
TF_FE_5,q_time_min_delta_120,-1575.766279990261,1306.4987272628591
TF_FE_5,wait_ratio_delta_120,-1.75,3.0
TF_FE_5,wip_delta_120,-6.0,8.0
TF_FE_5,max_util_delta_120,-1.0,1.0
TF_FE_5,utilization_avg_delta_120,-0.9843758804909764,0.9852995041382504
TF_Met_FE_45,q_time_min,0.0,2504.2246635925985
TF_Met_FE_45,wait_ratio,0.0,5.0
TF_Met_FE_45,wip,0.0,21.0
TF_Met_FE_45,available_tool_ratio,0.4,1.0
TF_Met_FE_45,utilization_avg,0.0,0.9666473412488994
TF_Met_FE_45,max_util,0.0,1.0
TF_Met_FE_45,max_avg_q_time,0.0,2504.2246635925985
TF_Met_FE_45,setup_ratio_avg,0.0,0.0
TF_Met_FE_45,q_time_min_delta_120,-2504.2246635925985,1500.1079805507013
TF_Met_FE_45,wait_ratio_delta_120,-3.916666666666667,4.25
TF_Met_FE_45,wip_delta_120,-20.0,18.0
TF_Met_FE_45,max_util_delta_120,-0.9828607869053182,0.9900408796679888
TF_Met_FE_45,utilization_avg_delta_120,-0.9647860531970704,0.9666473412488994
TF_Met_FE_61,q_time_min,0.0,1910.359868424479
TF_Met_FE_61,wait_ratio,0.0,14.5
TF_Met_FE_61,wip,0.0,42.0
TF_Met_FE_61,available_tool_ratio,0.4,1.0
TF_Met_FE_61,utilization_avg,0.0,0.9855768528769356
TF_Met_FE_61,max_util,0.0,1.0
TF_Met_FE_61,max_avg_q_time,0.0,2030.359868424479
TF_Met_FE_61,setup_ratio_avg,0.0,0.0
TF_Met_FE_61,q_time_min_delta_120,-1882.695133745292,1303.1098586175262
TF_Met_FE_61,wait_ratio_delta_120,-6.5,6.333333333333334
TF_Met_FE_61,wip_delta_120,-13.0,19.0
TF_Met_FE_61,max_util_delta_120,-0.6532195601862139,0.8337321208206049
TF_Met_FE_61,utilization_avg_delta_120,-0.7371284952004984,0.8739081862707099
WE_BE_14,q_time_min,0.0,585.6475966835133
WE_BE_14,wait_ratio,0.0,0.75
WE_BE_14,wip,0.0,8.0
WE_BE_14,available_tool_ratio,0.8,1.0
WE_BE_14,utilization_avg,0.0,0.8984649562639728
WE_BE_14,max_util,0.0,1.0
WE_BE_14,max_avg_q_time,0.0,585.6475966835133
WE_BE_14,setup_ratio_avg,0.0,0.0
WE_BE_14,q_time_min_delta_120,-585.6475966835133,123.5682257747103
WE_BE_14,wait_ratio_delta_120,-0.75,0.75
WE_BE_14,wip_delta_120,-6.0,7.0
WE_BE_14,max_util_delta_120,-1.0,1.0
WE_BE_14,utilization_avg_delta_120,-0.6791841497974627,0.745327257476262
WE_BE_16,q_time_min,0.0,564.6619706866331
WE_BE_16,wait_ratio,0.0,0.4285714285714285
WE_BE_16,wip,0.0,12.0
WE_BE_16,available_tool_ratio,0.6666666666666666,1.0
WE_BE_16,utilization_avg,0.0,0.8600774958982247
WE_BE_16,max_util,0.0,1.0
WE_BE_16,max_avg_q_time,0.0,564.6619706866331
WE_BE_16,setup_ratio_avg,0.0,0.0
WE_BE_16,q_time_min_delta_120,-564.6619706866331,254.5496876366572
WE_BE_16,wait_ratio_delta_120,-0.3333333333333333,0.3333333333333333
WE_BE_16,wip_delta_120,-8.0,9.0
WE_BE_16,max_util_delta_120,-0.76490094484919,0.909241786625474
WE_BE_16,utilization_avg_delta_120,-0.6102622524351049,0.5836418196278963
WE_BE_17,q_time_min,0.0,346.4395179278363
WE_BE_17,wait_ratio,0.0,4.0
WE_BE_17,wip,0.0,6.0
WE_BE_17,available_tool_ratio,0.5,1.0
WE_BE_17,utilization_avg,0.0,0.9882430762124084
WE_BE_17,max_util,0.0,0.9981239969044206
WE_BE_17,max_avg_q_time,0.0,401.76288228915655
WE_BE_17,setup_ratio_avg,0.0,0.0
WE_BE_17,q_time_min_delta_120,-346.4395179278363,175.43735518496155
WE_BE_17,wait_ratio_delta_120,-3.5,3.0
WE_BE_17,wip_delta_120,-5.0,5.0
WE_BE_17,max_util_delta_120,-0.9956271478848068,0.9981239969044206
WE_BE_17,utilization_avg_delta_120,-0.9577149158183602,0.9728777057151698
WE_BE_7,q_time_min,0.0,94.24913124045996
WE_BE_7,wait_ratio,0.0,2.0
WE_BE_7,wip,0.0,3.0
WE_BE_7,available_tool_ratio,0.0,1.0
WE_BE_7,utilization_avg,0.0,0.9891055166178072
WE_BE_7,max_util,0.0,0.9891055166178072
WE_BE_7,max_avg_q_time,0.0,94.24913124045996
WE_BE_7,setup_ratio_avg,0.0,0.0
WE_BE_7,q_time_min_delta_120,-94.24913124045996,81.38052171653543
WE_BE_7,wait_ratio_delta_120,-2.0,2.0
WE_BE_7,wip_delta_120,-3.0,3.0
WE_BE_7,max_util_delta_120,-0.9792480276862382,0.9891055166178072
WE_BE_7,utilization_avg_delta_120,-0.9792480276862382,0.9891055166178072
WE_BE_81,q_time_min,0.0,322.9969603987556
WE_BE_81,wait_ratio,0.0,4.0
WE_BE_81,wip,0.0,10.0
WE_BE_81,available_tool_ratio,0.6666666666666666,1.0
WE_BE_81,utilization_avg,0.0,0.9764746943230016
WE_BE_81,max_util,0.0,0.9956147669994
WE_BE_81,max_avg_q_time,0.0,379.68917007568234
WE_BE_81,setup_ratio_avg,0.0,0.0
WE_BE_81,q_time_min_delta_120,-322.9969603987556,120.00000000000003
WE_BE_81,wait_ratio_delta_120,-2.333333333333333,2.0
WE_BE_81,wip_delta_120,-7.0,6.0
WE_BE_81,max_util_delta_120,-0.9924750451752818,0.9813762435675016
WE_BE_81,utilization_avg_delta_120,-0.7989133916585868,0.8262235393047577
WE_BE_82,q_time_min,0.0,498.8512701465079
WE_BE_82,wait_ratio,0.0,0.5
WE_BE_82,wip,0.0,15.0
WE_BE_82,available_tool_ratio,0.7,1.0
WE_BE_82,utilization_avg,0.0,0.9003624354686084
WE_BE_82,max_util,0.0,0.9984633955493336
WE_BE_82,max_avg_q_time,0.0,498.8512701465079
WE_BE_82,setup_ratio_avg,0.0,0.0
WE_BE_82,q_time_min_delta_120,-498.8512701465079,345.9392587319987
WE_BE_82,wait_ratio_delta_120,-0.5,0.5
WE_BE_82,wip_delta_120,-14.0,13.0
WE_BE_82,max_util_delta_120,-0.8730829806241672,0.7413515886778745
WE_BE_82,utilization_avg_delta_120,-0.6225281307588739,0.6256174178301201
WE_BE_9,q_time_min,0.0,468.06309565581614
WE_BE_9,wait_ratio,0.0,0.5
WE_BE_9,wip,0.0,10.0
WE_BE_9,available_tool_ratio,0.7142857142857143,1.0
WE_BE_9,utilization_avg,0.0,0.8607893830179126
WE_BE_9,max_util,0.0,1.0
WE_BE_9,max_avg_q_time,0.0,468.06309565581614
WE_BE_9,setup_ratio_avg,0.0,0.0
WE_BE_9,q_time_min_delta_120,-468.06309565581614,347.36506587321253
WE_BE_9,wait_ratio_delta_120,-0.4285714285714285,0.4285714285714285
WE_BE_9,wip_delta_120,-8.0,8.0
WE_BE_9,max_util_delta_120,-0.7564833106262085,0.8399625828862554
WE_BE_9,utilization_avg_delta_120,-0.593459967125524,0.5832858814484401
WE_FE_108,q_time_min,0.0,579.8173817850184
WE_FE_108,wait_ratio,0.0,0.375
WE_FE_108,wip,0.0,47.0
WE_FE_108,available_tool_ratio,0.8888888888888888,1.0
WE_FE_108,utilization_avg,0.0,0.9312655447281536
WE_FE_108,max_util,0.0,1.0
WE_FE_108,max_avg_q_time,0.0,579.8173817850184
WE_FE_108,setup_ratio_avg,0.0,0.0
WE_FE_108,q_time_min_delta_120,-579.8173817850184,323.4987760823654
WE_FE_108,wait_ratio_delta_120,-0.34375,0.3446969696969697
WE_FE_108,wip_delta_120,-24.0,24.0
WE_FE_108,max_util_delta_120,-0.9885649306800814,0.9425196856154116
WE_FE_108,utilization_avg_delta_120,-0.4090861065667486,0.4658661006697271
WE_FE_41,q_time_min,0.0,543.1569072438288
WE_FE_41,wait_ratio,0.0,5.0
WE_FE_41,wip,0.0,19.0
WE_FE_41,available_tool_ratio,0.6,1.0
WE_FE_41,utilization_avg,0.0,0.986422065372414
WE_FE_41,max_util,0.0,1.0
WE_FE_41,max_avg_q_time,0.0,543.1569072438288
WE_FE_41,setup_ratio_avg,0.0,0.0
WE_FE_41,q_time_min_delta_120,-543.1569072438288,222.08076996281204
WE_FE_41,wait_ratio_delta_120,-3.866666666666667,3.0
WE_FE_41,wip_delta_120,-11.0,13.0
WE_FE_41,max_util_delta_120,-0.9756729752633572,0.9904511308283568
WE_FE_41,utilization_avg_delta_120,-0.8497053396899232,0.8853673904515926
WE_FE_47,q_time_min,0.0,494.5758322962283
WE_FE_47,wait_ratio,0.0,1.8
WE_FE_47,wip,0.0,15.0
WE_FE_47,available_tool_ratio,0.6666666666666666,1.0
WE_FE_47,utilization_avg,0.0,0.962624106854168
WE_FE_47,max_util,0.0,0.9999440232061412
WE_FE_47,max_avg_q_time,0.0,494.5758322962283
WE_FE_47,setup_ratio_avg,0.0,0.0
WE_FE_47,q_time_min_delta_120,-494.5758322962283,307.071930317994
WE_FE_47,wait_ratio_delta_120,-1.4,1.8
WE_FE_47,wip_delta_120,-10.0,11.0
WE_FE_47,max_util_delta_120,-0.991842879789086,0.9812878941813932
WE_FE_47,utilization_avg_delta_120,-0.7309138529894578,0.7762187312160677
WE_FE_8,q_time_min,0.0,364.4562570340386
WE_FE_8,wait_ratio,0.0,13.0
WE_FE_8,wip,0.0,22.0
WE_FE_8,available_tool_ratio,0.5,1.0
WE_FE_8,utilization_avg,0.0,0.9959685571044854
WE_FE_8,max_util,0.0,1.0
WE_FE_8,max_avg_q_time,0.0,477.96855814287267
WE_FE_8,setup_ratio_avg,0.0,0.0
WE_FE_8,q_time_min_delta_120,-339.2403455168205,182.8198149268651
WE_FE_8,wait_ratio_delta_120,-6.5,6.0
WE_FE_8,wip_delta_120,-7.0,7.0
WE_FE_8,max_util_delta_120,-0.9894940755116598,0.9963200381852252
WE_FE_8,utilization_avg_delta_120,-0.9869464098992466,0.9889940421626005
WE_FE_83,q_time_min,0.0,560.3044730037509
WE_FE_83,wait_ratio,0.0,4.666666666666667
WE_FE_83,wip,0.0,35.0
WE_FE_83,available_tool_ratio,0.7142857142857143,1.0
WE_FE_83,utilization_avg,0.0,0.9871387974597904
WE_FE_83,max_util,0.0,1.0
WE_FE_83,max_avg_q_time,0.0,620.3044730037509
WE_FE_83,setup_ratio_avg,0.0,0.0
WE_FE_83,q_time_min_delta_120,-560.3044730037509,420.9188849541678
WE_FE_83,wait_ratio_delta_120,-2.714285714285714,2.8333333333333335
WE_FE_83,wip_delta_120,-20.0,20.0
WE_FE_83,max_util_delta_120,-0.9800593402118466,0.977327562597778
WE_FE_83,utilization_avg_delta_120,-0.8397963379430924,0.8455766651213968
WE_FE_84,q_time_min,0.0,574.0962373500297
WE_FE_84,wait_ratio,0.0,1.0
WE_FE_84,wip,0.0,37.0
WE_FE_84,available_tool_ratio,0.8421052631578947,1.0
WE_FE_84,utilization_avg,0.0,0.9694128517712224
WE_FE_84,max_util,0.0,1.0
WE_FE_84,max_avg_q_time,0.0,587.0834208155065
WE_FE_84,setup_ratio_avg,0.0,0.0
WE_FE_84,q_time_min_delta_120,-574.0962373500297,453.259642734843
WE_FE_84,wait_ratio_delta_120,-1.0,0.8333333333333334
WE_FE_84,wip_delta_120,-25.0,30.0
WE_FE_84,max_util_delta_120,-0.822618800956631,0.9380828433637248
WE_FE_84,utilization_avg_delta_120,-0.622750624391496,0.6076899268260739
WE_FE_85,q_time_min,0.0,558.3525859195797
WE_FE_85,wait_ratio,0.0,11.0
WE_FE_85,wip,0.0,13.0
WE_FE_85,available_tool_ratio,0.5,1.0
WE_FE_85,utilization_avg,0.0,0.9955484343093608
WE_FE_85,max_util,0.0,0.9994827629045177
WE_FE_85,max_avg_q_time,0.0,558.3525859195797
WE_FE_85,setup_ratio_avg,0.0,0.0
WE_FE_85,q_time_min_delta_120,-558.3525859195797,227.4702093242571
WE_FE_85,wait_ratio_delta_120,-7.0,9.0
WE_FE_85,wip_delta_120,-7.0,9.0
WE_FE_85,max_util_delta_120,-0.9994827629045177,0.9994112778569008
WE_FE_85,utilization_avg_delta_120,-0.9905006800943132,0.9907698932245694
